ISO-10303-21;
HEADER;
/* Generated by software containing ST-Developer
 * from STEP Tools, Inc. (www.steptools.com) 
 */

FILE_DESCRIPTION(
/* description */ (''),
/* implementation_level */ '2;1');

FILE_NAME(
/* name */ 'LTRB RASF.01-6B6C-C3E6-0-0-R18.step',
/* time_stamp */ '2025-06-02T09:09:19+02:00',
/* author */ (''),
/* organization */ (''),
/* preprocessor_version */ 'ST-DEVELOPER v20.1',
/* originating_system */ 'Autodesk Translation Framework v14.10.0.0',
/* authorisation */ '');

FILE_SCHEMA (('AUTOMOTIVE_DESIGN { 1 0 10303 214 3 1 1 }'));
ENDSEC;

DATA;
#10=MECHANICAL_DESIGN_GEOMETRIC_PRESENTATION_REPRESENTATION('',(#25,#26,
#27,#28,#29,#30,#31,#32,#33,#34,#35,#36,#37,#38,#39,#40,#41,#42),#6547);
#11=SHAPE_REPRESENTATION_RELATIONSHIP('SRR','None',#6554,#12);
#12=ADVANCED_BREP_SHAPE_REPRESENTATION('',(#43,#44,#45,#46,#47,#48,#49,
#50,#51,#52,#53,#54,#55,#56,#57,#58,#59,#60),#6546);
#13=SPHERICAL_SURFACE('',#4268,0.00999999999999997);
#14=SPHERICAL_SURFACE('',#4273,0.00999999999999997);
#15=SPHERICAL_SURFACE('',#4280,0.00999999999999997);
#16=SPHERICAL_SURFACE('',#4285,0.00999999999999997);
#17=ELLIPSE('',#4239,0.0100762519445035,0.01);
#18=ELLIPSE('',#4243,0.0100762519445035,0.01);
#19=ELLIPSE('',#4245,0.0100762519445035,0.01);
#20=ELLIPSE('',#4249,0.0100762519445035,0.01);
#21=ELLIPSE('',#4266,0.115172086741475,0.01);
#22=ELLIPSE('',#4267,0.115172086741475,0.01);
#23=ELLIPSE('',#4278,0.115172086741475,0.01);
#24=ELLIPSE('',#4290,0.115172086741475,0.01);
#25=STYLED_ITEM('',(#6564),#43);
#26=STYLED_ITEM('',(#6565),#44);
#27=STYLED_ITEM('',(#6565),#45);
#28=STYLED_ITEM('',(#6565),#46);
#29=STYLED_ITEM('',(#6565),#47);
#30=STYLED_ITEM('',(#6565),#48);
#31=STYLED_ITEM('',(#6565),#49);
#32=STYLED_ITEM('',(#6565),#50);
#33=STYLED_ITEM('',(#6565),#51);
#34=STYLED_ITEM('',(#6564),#52);
#35=STYLED_ITEM('',(#6564),#53);
#36=STYLED_ITEM('',(#6564),#54);
#37=STYLED_ITEM('',(#6564),#55);
#38=STYLED_ITEM('',(#6564),#56);
#39=STYLED_ITEM('',(#6564),#57);
#40=STYLED_ITEM('',(#6565),#58);
#41=STYLED_ITEM('',(#6565),#59);
#42=STYLED_ITEM('',(#6563),#60);
#43=MANIFOLD_SOLID_BREP('Body1',#3926);
#44=MANIFOLD_SOLID_BREP('Body2',#3927);
#45=MANIFOLD_SOLID_BREP('Body4',#3928);
#46=MANIFOLD_SOLID_BREP('Body6',#3929);
#47=MANIFOLD_SOLID_BREP('Body7',#3930);
#48=MANIFOLD_SOLID_BREP('Body12',#3931);
#49=MANIFOLD_SOLID_BREP('Body13',#3932);
#50=MANIFOLD_SOLID_BREP('Body15',#3933);
#51=MANIFOLD_SOLID_BREP('Body16',#3934);
#52=MANIFOLD_SOLID_BREP('Body22',#3935);
#53=MANIFOLD_SOLID_BREP('Body23',#3936);
#54=MANIFOLD_SOLID_BREP('Body24',#3937);
#55=MANIFOLD_SOLID_BREP('Body25',#3938);
#56=MANIFOLD_SOLID_BREP('Body26',#3939);
#57=MANIFOLD_SOLID_BREP('Body27',#3940);
#58=MANIFOLD_SOLID_BREP('Body28',#3941);
#59=MANIFOLD_SOLID_BREP('Body29',#3942);
#60=MANIFOLD_SOLID_BREP('Body30',#3943);
#61=PLANE('',#3960);
#62=PLANE('',#3961);
#63=PLANE('',#3962);
#64=PLANE('',#3963);
#65=PLANE('',#3964);
#66=PLANE('',#3968);
#67=PLANE('',#3969);
#68=PLANE('',#3970);
#69=PLANE('',#3971);
#70=PLANE('',#3972);
#71=PLANE('',#3973);
#72=PLANE('',#3974);
#73=PLANE('',#3976);
#74=PLANE('',#3978);
#75=PLANE('',#3982);
#76=PLANE('',#3986);
#77=PLANE('',#3989);
#78=PLANE('',#3991);
#79=PLANE('',#3992);
#80=PLANE('',#3993);
#81=PLANE('',#3994);
#82=PLANE('',#3996);
#83=PLANE('',#3997);
#84=PLANE('',#4001);
#85=PLANE('',#4002);
#86=PLANE('',#4003);
#87=PLANE('',#4004);
#88=PLANE('',#4005);
#89=PLANE('',#4006);
#90=PLANE('',#4007);
#91=PLANE('',#4009);
#92=PLANE('',#4011);
#93=PLANE('',#4018);
#94=PLANE('',#4021);
#95=PLANE('',#4023);
#96=PLANE('',#4024);
#97=PLANE('',#4025);
#98=PLANE('',#4026);
#99=PLANE('',#4028);
#100=PLANE('',#4029);
#101=PLANE('',#4030);
#102=PLANE('',#4031);
#103=PLANE('',#4032);
#104=PLANE('',#4038);
#105=PLANE('',#4039);
#106=PLANE('',#4040);
#107=PLANE('',#4043);
#108=PLANE('',#4045);
#109=PLANE('',#4046);
#110=PLANE('',#4047);
#111=PLANE('',#4052);
#112=PLANE('',#4053);
#113=PLANE('',#4054);
#114=PLANE('',#4055);
#115=PLANE('',#4059);
#116=PLANE('',#4060);
#117=PLANE('',#4061);
#118=PLANE('',#4062);
#119=PLANE('',#4063);
#120=PLANE('',#4064);
#121=PLANE('',#4065);
#122=PLANE('',#4069);
#123=PLANE('',#4071);
#124=PLANE('',#4073);
#125=PLANE('',#4074);
#126=PLANE('',#4079);
#127=PLANE('',#4080);
#128=PLANE('',#4081);
#129=PLANE('',#4085);
#130=PLANE('',#4089);
#131=PLANE('',#4090);
#132=PLANE('',#4091);
#133=PLANE('',#4092);
#134=PLANE('',#4096);
#135=PLANE('',#4100);
#136=PLANE('',#4101);
#137=PLANE('',#4105);
#138=PLANE('',#4109);
#139=PLANE('',#4110);
#140=PLANE('',#4111);
#141=PLANE('',#4112);
#142=PLANE('',#4116);
#143=PLANE('',#4120);
#144=PLANE('',#4121);
#145=PLANE('',#4122);
#146=PLANE('',#4123);
#147=PLANE('',#4125);
#148=PLANE('',#4128);
#149=PLANE('',#4130);
#150=PLANE('',#4131);
#151=PLANE('',#4133);
#152=PLANE('',#4135);
#153=PLANE('',#4137);
#154=PLANE('',#4138);
#155=PLANE('',#4140);
#156=PLANE('',#4142);
#157=PLANE('',#4144);
#158=PLANE('',#4145);
#159=PLANE('',#4148);
#160=PLANE('',#4149);
#161=PLANE('',#4150);
#162=PLANE('',#4152);
#163=PLANE('',#4155);
#164=PLANE('',#4156);
#165=PLANE('',#4157);
#166=PLANE('',#4158);
#167=PLANE('',#4159);
#168=PLANE('',#4160);
#169=PLANE('',#4164);
#170=PLANE('',#4165);
#171=PLANE('',#4166);
#172=PLANE('',#4167);
#173=PLANE('',#4168);
#174=PLANE('',#4169);
#175=PLANE('',#4170);
#176=PLANE('',#4172);
#177=PLANE('',#4174);
#178=PLANE('',#4181);
#179=PLANE('',#4184);
#180=PLANE('',#4186);
#181=PLANE('',#4187);
#182=PLANE('',#4188);
#183=PLANE('',#4189);
#184=PLANE('',#4191);
#185=PLANE('',#4192);
#186=PLANE('',#4193);
#187=PLANE('',#4197);
#188=PLANE('',#4198);
#189=PLANE('',#4199);
#190=PLANE('',#4200);
#191=PLANE('',#4201);
#192=PLANE('',#4202);
#193=PLANE('',#4203);
#194=PLANE('',#4205);
#195=PLANE('',#4207);
#196=PLANE('',#4211);
#197=PLANE('',#4215);
#198=PLANE('',#4218);
#199=PLANE('',#4220);
#200=PLANE('',#4221);
#201=PLANE('',#4222);
#202=PLANE('',#4223);
#203=PLANE('',#4225);
#204=PLANE('',#4226);
#205=PLANE('',#4233);
#206=PLANE('',#4234);
#207=PLANE('',#4235);
#208=PLANE('',#4236);
#209=PLANE('',#4237);
#210=PLANE('',#4238);
#211=PLANE('',#4244);
#212=PLANE('',#4250);
#213=PLANE('',#4251);
#214=PLANE('',#4252);
#215=PLANE('',#4253);
#216=PLANE('',#4254);
#217=PLANE('',#4257);
#218=PLANE('',#4258);
#219=PLANE('',#4262);
#220=PLANE('',#4263);
#221=PLANE('',#4265);
#222=PLANE('',#4294);
#223=PLANE('',#4295);
#224=PLANE('',#4296);
#225=PLANE('',#4297);
#226=FACE_OUTER_BOUND('',#451,.T.);
#227=FACE_OUTER_BOUND('',#452,.T.);
#228=FACE_OUTER_BOUND('',#453,.T.);
#229=FACE_OUTER_BOUND('',#454,.T.);
#230=FACE_OUTER_BOUND('',#455,.T.);
#231=FACE_OUTER_BOUND('',#456,.T.);
#232=FACE_OUTER_BOUND('',#457,.T.);
#233=FACE_OUTER_BOUND('',#458,.T.);
#234=FACE_OUTER_BOUND('',#459,.T.);
#235=FACE_OUTER_BOUND('',#460,.T.);
#236=FACE_OUTER_BOUND('',#461,.T.);
#237=FACE_OUTER_BOUND('',#462,.T.);
#238=FACE_OUTER_BOUND('',#463,.T.);
#239=FACE_OUTER_BOUND('',#464,.T.);
#240=FACE_OUTER_BOUND('',#465,.T.);
#241=FACE_OUTER_BOUND('',#466,.T.);
#242=FACE_OUTER_BOUND('',#467,.T.);
#243=FACE_OUTER_BOUND('',#468,.T.);
#244=FACE_OUTER_BOUND('',#469,.T.);
#245=FACE_OUTER_BOUND('',#470,.T.);
#246=FACE_OUTER_BOUND('',#471,.T.);
#247=FACE_OUTER_BOUND('',#472,.T.);
#248=FACE_OUTER_BOUND('',#473,.T.);
#249=FACE_OUTER_BOUND('',#474,.T.);
#250=FACE_OUTER_BOUND('',#475,.T.);
#251=FACE_OUTER_BOUND('',#476,.T.);
#252=FACE_OUTER_BOUND('',#477,.T.);
#253=FACE_OUTER_BOUND('',#478,.T.);
#254=FACE_OUTER_BOUND('',#479,.T.);
#255=FACE_OUTER_BOUND('',#480,.T.);
#256=FACE_OUTER_BOUND('',#481,.T.);
#257=FACE_OUTER_BOUND('',#482,.T.);
#258=FACE_OUTER_BOUND('',#483,.T.);
#259=FACE_OUTER_BOUND('',#484,.T.);
#260=FACE_OUTER_BOUND('',#485,.T.);
#261=FACE_OUTER_BOUND('',#486,.T.);
#262=FACE_OUTER_BOUND('',#487,.T.);
#263=FACE_OUTER_BOUND('',#488,.T.);
#264=FACE_OUTER_BOUND('',#489,.T.);
#265=FACE_OUTER_BOUND('',#490,.T.);
#266=FACE_OUTER_BOUND('',#491,.T.);
#267=FACE_OUTER_BOUND('',#492,.T.);
#268=FACE_OUTER_BOUND('',#493,.T.);
#269=FACE_OUTER_BOUND('',#494,.T.);
#270=FACE_OUTER_BOUND('',#495,.T.);
#271=FACE_OUTER_BOUND('',#496,.T.);
#272=FACE_OUTER_BOUND('',#497,.T.);
#273=FACE_OUTER_BOUND('',#498,.T.);
#274=FACE_OUTER_BOUND('',#499,.T.);
#275=FACE_OUTER_BOUND('',#500,.T.);
#276=FACE_OUTER_BOUND('',#501,.T.);
#277=FACE_OUTER_BOUND('',#502,.T.);
#278=FACE_OUTER_BOUND('',#503,.T.);
#279=FACE_OUTER_BOUND('',#504,.T.);
#280=FACE_OUTER_BOUND('',#505,.T.);
#281=FACE_OUTER_BOUND('',#506,.T.);
#282=FACE_OUTER_BOUND('',#507,.T.);
#283=FACE_OUTER_BOUND('',#508,.T.);
#284=FACE_OUTER_BOUND('',#509,.T.);
#285=FACE_OUTER_BOUND('',#510,.T.);
#286=FACE_OUTER_BOUND('',#511,.T.);
#287=FACE_OUTER_BOUND('',#512,.T.);
#288=FACE_OUTER_BOUND('',#513,.T.);
#289=FACE_OUTER_BOUND('',#514,.T.);
#290=FACE_OUTER_BOUND('',#515,.T.);
#291=FACE_OUTER_BOUND('',#516,.T.);
#292=FACE_OUTER_BOUND('',#517,.T.);
#293=FACE_OUTER_BOUND('',#518,.T.);
#294=FACE_OUTER_BOUND('',#519,.T.);
#295=FACE_OUTER_BOUND('',#520,.T.);
#296=FACE_OUTER_BOUND('',#521,.T.);
#297=FACE_OUTER_BOUND('',#522,.T.);
#298=FACE_OUTER_BOUND('',#523,.T.);
#299=FACE_OUTER_BOUND('',#524,.T.);
#300=FACE_OUTER_BOUND('',#525,.T.);
#301=FACE_OUTER_BOUND('',#526,.T.);
#302=FACE_OUTER_BOUND('',#527,.T.);
#303=FACE_OUTER_BOUND('',#528,.T.);
#304=FACE_OUTER_BOUND('',#529,.T.);
#305=FACE_OUTER_BOUND('',#530,.T.);
#306=FACE_OUTER_BOUND('',#531,.T.);
#307=FACE_OUTER_BOUND('',#532,.T.);
#308=FACE_OUTER_BOUND('',#533,.T.);
#309=FACE_OUTER_BOUND('',#534,.T.);
#310=FACE_OUTER_BOUND('',#535,.T.);
#311=FACE_OUTER_BOUND('',#536,.T.);
#312=FACE_OUTER_BOUND('',#537,.T.);
#313=FACE_OUTER_BOUND('',#538,.T.);
#314=FACE_OUTER_BOUND('',#539,.T.);
#315=FACE_OUTER_BOUND('',#540,.T.);
#316=FACE_OUTER_BOUND('',#541,.T.);
#317=FACE_OUTER_BOUND('',#542,.T.);
#318=FACE_OUTER_BOUND('',#543,.T.);
#319=FACE_OUTER_BOUND('',#544,.T.);
#320=FACE_OUTER_BOUND('',#545,.T.);
#321=FACE_OUTER_BOUND('',#546,.T.);
#322=FACE_OUTER_BOUND('',#547,.T.);
#323=FACE_OUTER_BOUND('',#548,.T.);
#324=FACE_OUTER_BOUND('',#549,.T.);
#325=FACE_OUTER_BOUND('',#550,.T.);
#326=FACE_OUTER_BOUND('',#551,.T.);
#327=FACE_OUTER_BOUND('',#552,.T.);
#328=FACE_OUTER_BOUND('',#553,.T.);
#329=FACE_OUTER_BOUND('',#554,.T.);
#330=FACE_OUTER_BOUND('',#555,.T.);
#331=FACE_OUTER_BOUND('',#556,.T.);
#332=FACE_OUTER_BOUND('',#557,.T.);
#333=FACE_OUTER_BOUND('',#558,.T.);
#334=FACE_OUTER_BOUND('',#559,.T.);
#335=FACE_OUTER_BOUND('',#560,.T.);
#336=FACE_OUTER_BOUND('',#561,.T.);
#337=FACE_OUTER_BOUND('',#562,.T.);
#338=FACE_OUTER_BOUND('',#563,.T.);
#339=FACE_OUTER_BOUND('',#564,.T.);
#340=FACE_OUTER_BOUND('',#565,.T.);
#341=FACE_OUTER_BOUND('',#566,.T.);
#342=FACE_OUTER_BOUND('',#567,.T.);
#343=FACE_OUTER_BOUND('',#568,.T.);
#344=FACE_OUTER_BOUND('',#569,.T.);
#345=FACE_OUTER_BOUND('',#570,.T.);
#346=FACE_OUTER_BOUND('',#571,.T.);
#347=FACE_OUTER_BOUND('',#572,.T.);
#348=FACE_OUTER_BOUND('',#573,.T.);
#349=FACE_OUTER_BOUND('',#574,.T.);
#350=FACE_OUTER_BOUND('',#575,.T.);
#351=FACE_OUTER_BOUND('',#576,.T.);
#352=FACE_OUTER_BOUND('',#577,.T.);
#353=FACE_OUTER_BOUND('',#578,.T.);
#354=FACE_OUTER_BOUND('',#579,.T.);
#355=FACE_OUTER_BOUND('',#580,.T.);
#356=FACE_OUTER_BOUND('',#581,.T.);
#357=FACE_OUTER_BOUND('',#582,.T.);
#358=FACE_OUTER_BOUND('',#583,.T.);
#359=FACE_OUTER_BOUND('',#584,.T.);
#360=FACE_OUTER_BOUND('',#585,.T.);
#361=FACE_OUTER_BOUND('',#586,.T.);
#362=FACE_OUTER_BOUND('',#587,.T.);
#363=FACE_OUTER_BOUND('',#588,.T.);
#364=FACE_OUTER_BOUND('',#589,.T.);
#365=FACE_OUTER_BOUND('',#590,.T.);
#366=FACE_OUTER_BOUND('',#591,.T.);
#367=FACE_OUTER_BOUND('',#592,.T.);
#368=FACE_OUTER_BOUND('',#593,.T.);
#369=FACE_OUTER_BOUND('',#594,.T.);
#370=FACE_OUTER_BOUND('',#595,.T.);
#371=FACE_OUTER_BOUND('',#596,.T.);
#372=FACE_OUTER_BOUND('',#597,.T.);
#373=FACE_OUTER_BOUND('',#598,.T.);
#374=FACE_OUTER_BOUND('',#599,.T.);
#375=FACE_OUTER_BOUND('',#600,.T.);
#376=FACE_OUTER_BOUND('',#601,.T.);
#377=FACE_OUTER_BOUND('',#602,.T.);
#378=FACE_OUTER_BOUND('',#603,.T.);
#379=FACE_OUTER_BOUND('',#604,.T.);
#380=FACE_OUTER_BOUND('',#605,.T.);
#381=FACE_OUTER_BOUND('',#606,.T.);
#382=FACE_OUTER_BOUND('',#607,.T.);
#383=FACE_OUTER_BOUND('',#608,.T.);
#384=FACE_OUTER_BOUND('',#609,.T.);
#385=FACE_OUTER_BOUND('',#610,.T.);
#386=FACE_OUTER_BOUND('',#611,.T.);
#387=FACE_OUTER_BOUND('',#612,.T.);
#388=FACE_OUTER_BOUND('',#613,.T.);
#389=FACE_OUTER_BOUND('',#614,.T.);
#390=FACE_OUTER_BOUND('',#615,.T.);
#391=FACE_OUTER_BOUND('',#616,.T.);
#392=FACE_OUTER_BOUND('',#617,.T.);
#393=FACE_OUTER_BOUND('',#618,.T.);
#394=FACE_OUTER_BOUND('',#619,.T.);
#395=FACE_OUTER_BOUND('',#620,.T.);
#396=FACE_OUTER_BOUND('',#621,.T.);
#397=FACE_OUTER_BOUND('',#622,.T.);
#398=FACE_OUTER_BOUND('',#623,.T.);
#399=FACE_OUTER_BOUND('',#624,.T.);
#400=FACE_OUTER_BOUND('',#625,.T.);
#401=FACE_OUTER_BOUND('',#626,.T.);
#402=FACE_OUTER_BOUND('',#627,.T.);
#403=FACE_OUTER_BOUND('',#628,.T.);
#404=FACE_OUTER_BOUND('',#629,.T.);
#405=FACE_OUTER_BOUND('',#630,.T.);
#406=FACE_OUTER_BOUND('',#631,.T.);
#407=FACE_OUTER_BOUND('',#632,.T.);
#408=FACE_OUTER_BOUND('',#633,.T.);
#409=FACE_OUTER_BOUND('',#634,.T.);
#410=FACE_OUTER_BOUND('',#635,.T.);
#411=FACE_OUTER_BOUND('',#636,.T.);
#412=FACE_OUTER_BOUND('',#637,.T.);
#413=FACE_OUTER_BOUND('',#638,.T.);
#414=FACE_OUTER_BOUND('',#639,.T.);
#415=FACE_OUTER_BOUND('',#640,.T.);
#416=FACE_OUTER_BOUND('',#641,.T.);
#417=FACE_OUTER_BOUND('',#642,.T.);
#418=FACE_OUTER_BOUND('',#643,.T.);
#419=FACE_OUTER_BOUND('',#644,.T.);
#420=FACE_OUTER_BOUND('',#645,.T.);
#421=FACE_OUTER_BOUND('',#646,.T.);
#422=FACE_OUTER_BOUND('',#647,.T.);
#423=FACE_OUTER_BOUND('',#648,.T.);
#424=FACE_OUTER_BOUND('',#649,.T.);
#425=FACE_OUTER_BOUND('',#650,.T.);
#426=FACE_OUTER_BOUND('',#651,.T.);
#427=FACE_OUTER_BOUND('',#652,.T.);
#428=FACE_OUTER_BOUND('',#653,.T.);
#429=FACE_OUTER_BOUND('',#654,.T.);
#430=FACE_OUTER_BOUND('',#655,.T.);
#431=FACE_OUTER_BOUND('',#656,.T.);
#432=FACE_OUTER_BOUND('',#657,.T.);
#433=FACE_OUTER_BOUND('',#658,.T.);
#434=FACE_OUTER_BOUND('',#659,.T.);
#435=FACE_OUTER_BOUND('',#660,.T.);
#436=FACE_OUTER_BOUND('',#661,.T.);
#437=FACE_OUTER_BOUND('',#662,.T.);
#438=FACE_OUTER_BOUND('',#663,.T.);
#439=FACE_OUTER_BOUND('',#664,.T.);
#440=FACE_OUTER_BOUND('',#665,.T.);
#441=FACE_OUTER_BOUND('',#666,.T.);
#442=FACE_OUTER_BOUND('',#667,.T.);
#443=FACE_OUTER_BOUND('',#668,.T.);
#444=FACE_OUTER_BOUND('',#669,.T.);
#445=FACE_OUTER_BOUND('',#670,.T.);
#446=FACE_OUTER_BOUND('',#671,.T.);
#447=FACE_OUTER_BOUND('',#672,.T.);
#448=FACE_OUTER_BOUND('',#673,.T.);
#449=FACE_OUTER_BOUND('',#674,.T.);
#450=FACE_OUTER_BOUND('',#675,.T.);
#451=EDGE_LOOP('',(#2551,#2552,#2553,#2554));
#452=EDGE_LOOP('',(#2555,#2556,#2557,#2558));
#453=EDGE_LOOP('',(#2559,#2560,#2561));
#454=EDGE_LOOP('',(#2562,#2563,#2564,#2565));
#455=EDGE_LOOP('',(#2566,#2567,#2568));
#456=EDGE_LOOP('',(#2569,#2570,#2571,#2572));
#457=EDGE_LOOP('',(#2573,#2574,#2575,#2576));
#458=EDGE_LOOP('',(#2577,#2578,#2579,#2580));
#459=EDGE_LOOP('',(#2581,#2582,#2583,#2584));
#460=EDGE_LOOP('',(#2585,#2586,#2587,#2588));
#461=EDGE_LOOP('',(#2589,#2590,#2591,#2592));
#462=EDGE_LOOP('',(#2593,#2594,#2595,#2596));
#463=EDGE_LOOP('',(#2597,#2598,#2599,#2600));
#464=EDGE_LOOP('',(#2601,#2602,#2603,#2604,#2605,#2606,#2607,#2608,#2609,
#2610,#2611));
#465=EDGE_LOOP('',(#2612,#2613,#2614,#2615,#2616,#2617,#2618,#2619,#2620));
#466=EDGE_LOOP('',(#2621,#2622,#2623,#2624,#2625,#2626,#2627,#2628,#2629,
#2630));
#467=EDGE_LOOP('',(#2631,#2632,#2633,#2634,#2635,#2636,#2637));
#468=EDGE_LOOP('',(#2638,#2639,#2640,#2641));
#469=EDGE_LOOP('',(#2642,#2643,#2644,#2645));
#470=EDGE_LOOP('',(#2646,#2647,#2648,#2649,#2650,#2651,#2652,#2653,#2654,
#2655));
#471=EDGE_LOOP('',(#2656,#2657,#2658,#2659,#2660,#2661,#2662));
#472=EDGE_LOOP('',(#2663,#2664,#2665,#2666));
#473=EDGE_LOOP('',(#2667,#2668,#2669,#2670));
#474=EDGE_LOOP('',(#2671,#2672,#2673,#2674));
#475=EDGE_LOOP('',(#2675,#2676,#2677,#2678));
#476=EDGE_LOOP('',(#2679,#2680,#2681,#2682));
#477=EDGE_LOOP('',(#2683,#2684,#2685,#2686));
#478=EDGE_LOOP('',(#2687,#2688,#2689,#2690));
#479=EDGE_LOOP('',(#2691,#2692,#2693,#2694));
#480=EDGE_LOOP('',(#2695,#2696,#2697,#2698));
#481=EDGE_LOOP('',(#2699,#2700,#2701,#2702));
#482=EDGE_LOOP('',(#2703,#2704,#2705,#2706));
#483=EDGE_LOOP('',(#2707,#2708,#2709,#2710));
#484=EDGE_LOOP('',(#2711,#2712,#2713,#2714));
#485=EDGE_LOOP('',(#2715,#2716,#2717,#2718));
#486=EDGE_LOOP('',(#2719,#2720,#2721,#2722));
#487=EDGE_LOOP('',(#2723,#2724,#2725,#2726,#2727,#2728,#2729,#2730,#2731,
#2732,#2733));
#488=EDGE_LOOP('',(#2734,#2735,#2736,#2737,#2738,#2739,#2740,#2741,#2742));
#489=EDGE_LOOP('',(#2743,#2744,#2745,#2746,#2747,#2748,#2749,#2750,#2751,
#2752));
#490=EDGE_LOOP('',(#2753,#2754,#2755,#2756));
#491=EDGE_LOOP('',(#2757,#2758,#2759,#2760));
#492=EDGE_LOOP('',(#2761,#2762,#2763,#2764,#2765,#2766,#2767,#2768,#2769,
#2770));
#493=EDGE_LOOP('',(#2771,#2772,#2773,#2774,#2775,#2776,#2777));
#494=EDGE_LOOP('',(#2778,#2779,#2780,#2781));
#495=EDGE_LOOP('',(#2782,#2783,#2784,#2785));
#496=EDGE_LOOP('',(#2786,#2787,#2788,#2789));
#497=EDGE_LOOP('',(#2790,#2791,#2792,#2793));
#498=EDGE_LOOP('',(#2794,#2795,#2796,#2797));
#499=EDGE_LOOP('',(#2798,#2799,#2800,#2801));
#500=EDGE_LOOP('',(#2802,#2803,#2804,#2805));
#501=EDGE_LOOP('',(#2806,#2807,#2808,#2809,#2810,#2811,#2812));
#502=EDGE_LOOP('',(#2813,#2814,#2815,#2816));
#503=EDGE_LOOP('',(#2817,#2818,#2819,#2820));
#504=EDGE_LOOP('',(#2821,#2822,#2823,#2824,#2825,#2826,#2827,#2828));
#505=EDGE_LOOP('',(#2829,#2830,#2831,#2832));
#506=EDGE_LOOP('',(#2833,#2834,#2835,#2836));
#507=EDGE_LOOP('',(#2837,#2838,#2839,#2840));
#508=EDGE_LOOP('',(#2841,#2842,#2843,#2844));
#509=EDGE_LOOP('',(#2845,#2846,#2847,#2848));
#510=EDGE_LOOP('',(#2849,#2850,#2851,#2852,#2853,#2854,#2855,#2856));
#511=EDGE_LOOP('',(#2857,#2858,#2859,#2860,#2861,#2862,#2863,#2864));
#512=EDGE_LOOP('',(#2865,#2866,#2867,#2868,#2869,#2870,#2871,#2872));
#513=EDGE_LOOP('',(#2873,#2874,#2875,#2876,#2877,#2878));
#514=EDGE_LOOP('',(#2879,#2880,#2881,#2882));
#515=EDGE_LOOP('',(#2883,#2884,#2885,#2886));
#516=EDGE_LOOP('',(#2887,#2888,#2889,#2890,#2891,#2892));
#517=EDGE_LOOP('',(#2893,#2894,#2895,#2896));
#518=EDGE_LOOP('',(#2897,#2898,#2899,#2900));
#519=EDGE_LOOP('',(#2901,#2902,#2903,#2904));
#520=EDGE_LOOP('',(#2905,#2906,#2907,#2908));
#521=EDGE_LOOP('',(#2909,#2910,#2911,#2912));
#522=EDGE_LOOP('',(#2913,#2914,#2915,#2916));
#523=EDGE_LOOP('',(#2917,#2918,#2919,#2920));
#524=EDGE_LOOP('',(#2921,#2922,#2923,#2924));
#525=EDGE_LOOP('',(#2925,#2926,#2927,#2928));
#526=EDGE_LOOP('',(#2929,#2930,#2931,#2932));
#527=EDGE_LOOP('',(#2933,#2934,#2935,#2936));
#528=EDGE_LOOP('',(#2937,#2938,#2939,#2940));
#529=EDGE_LOOP('',(#2941,#2942,#2943,#2944,#2945,#2946,#2947,#2948,#2949,
#2950,#2951,#2952));
#530=EDGE_LOOP('',(#2953,#2954,#2955,#2956,#2957,#2958,#2959,#2960,#2961,
#2962,#2963,#2964));
#531=EDGE_LOOP('',(#2965,#2966,#2967,#2968,#2969,#2970,#2971,#2972));
#532=EDGE_LOOP('',(#2973,#2974,#2975,#2976,#2977,#2978));
#533=EDGE_LOOP('',(#2979,#2980,#2981,#2982));
#534=EDGE_LOOP('',(#2983,#2984,#2985,#2986));
#535=EDGE_LOOP('',(#2987,#2988,#2989,#2990,#2991,#2992));
#536=EDGE_LOOP('',(#2993,#2994,#2995,#2996));
#537=EDGE_LOOP('',(#2997,#2998,#2999,#3000,#3001,#3002,#3003,#3004));
#538=EDGE_LOOP('',(#3005,#3006,#3007,#3008));
#539=EDGE_LOOP('',(#3009,#3010,#3011,#3012));
#540=EDGE_LOOP('',(#3013,#3014,#3015,#3016));
#541=EDGE_LOOP('',(#3017,#3018,#3019,#3020));
#542=EDGE_LOOP('',(#3021,#3022,#3023,#3024));
#543=EDGE_LOOP('',(#3025,#3026,#3027,#3028));
#544=EDGE_LOOP('',(#3029,#3030,#3031,#3032));
#545=EDGE_LOOP('',(#3033,#3034,#3035,#3036));
#546=EDGE_LOOP('',(#3037,#3038,#3039,#3040));
#547=EDGE_LOOP('',(#3041,#3042,#3043,#3044));
#548=EDGE_LOOP('',(#3045,#3046,#3047,#3048));
#549=EDGE_LOOP('',(#3049,#3050,#3051,#3052));
#550=EDGE_LOOP('',(#3053,#3054,#3055,#3056));
#551=EDGE_LOOP('',(#3057,#3058,#3059,#3060));
#552=EDGE_LOOP('',(#3061,#3062,#3063,#3064));
#553=EDGE_LOOP('',(#3065,#3066,#3067,#3068));
#554=EDGE_LOOP('',(#3069,#3070,#3071,#3072));
#555=EDGE_LOOP('',(#3073,#3074,#3075,#3076));
#556=EDGE_LOOP('',(#3077,#3078,#3079,#3080));
#557=EDGE_LOOP('',(#3081,#3082,#3083,#3084));
#558=EDGE_LOOP('',(#3085,#3086,#3087,#3088));
#559=EDGE_LOOP('',(#3089,#3090,#3091,#3092));
#560=EDGE_LOOP('',(#3093,#3094,#3095,#3096));
#561=EDGE_LOOP('',(#3097,#3098,#3099,#3100));
#562=EDGE_LOOP('',(#3101,#3102,#3103,#3104));
#563=EDGE_LOOP('',(#3105,#3106));
#564=EDGE_LOOP('',(#3107,#3108));
#565=EDGE_LOOP('',(#3109,#3110,#3111,#3112));
#566=EDGE_LOOP('',(#3113,#3114,#3115));
#567=EDGE_LOOP('',(#3116,#3117,#3118,#3119));
#568=EDGE_LOOP('',(#3120,#3121,#3122));
#569=EDGE_LOOP('',(#3123,#3124,#3125,#3126));
#570=EDGE_LOOP('',(#3127,#3128,#3129,#3130));
#571=EDGE_LOOP('',(#3131,#3132,#3133));
#572=EDGE_LOOP('',(#3134,#3135,#3136,#3137));
#573=EDGE_LOOP('',(#3138,#3139,#3140));
#574=EDGE_LOOP('',(#3141,#3142,#3143,#3144));
#575=EDGE_LOOP('',(#3145,#3146,#3147,#3148));
#576=EDGE_LOOP('',(#3149,#3150));
#577=EDGE_LOOP('',(#3151,#3152,#3153,#3154));
#578=EDGE_LOOP('',(#3155,#3156));
#579=EDGE_LOOP('',(#3157,#3158,#3159,#3160));
#580=EDGE_LOOP('',(#3161,#3162,#3163,#3164));
#581=EDGE_LOOP('',(#3165,#3166,#3167,#3168));
#582=EDGE_LOOP('',(#3169,#3170,#3171));
#583=EDGE_LOOP('',(#3172,#3173,#3174));
#584=EDGE_LOOP('',(#3175,#3176,#3177,#3178));
#585=EDGE_LOOP('',(#3179,#3180,#3181,#3182));
#586=EDGE_LOOP('',(#3183,#3184,#3185,#3186));
#587=EDGE_LOOP('',(#3187,#3188,#3189,#3190));
#588=EDGE_LOOP('',(#3191,#3192,#3193));
#589=EDGE_LOOP('',(#3194,#3195,#3196));
#590=EDGE_LOOP('',(#3197,#3198,#3199,#3200));
#591=EDGE_LOOP('',(#3201,#3202,#3203,#3204));
#592=EDGE_LOOP('',(#3205,#3206,#3207,#3208));
#593=EDGE_LOOP('',(#3209,#3210,#3211,#3212));
#594=EDGE_LOOP('',(#3213,#3214,#3215,#3216));
#595=EDGE_LOOP('',(#3217,#3218,#3219,#3220));
#596=EDGE_LOOP('',(#3221,#3222,#3223,#3224));
#597=EDGE_LOOP('',(#3225,#3226,#3227,#3228));
#598=EDGE_LOOP('',(#3229,#3230,#3231,#3232,#3233,#3234,#3235,#3236,#3237,
#3238,#3239));
#599=EDGE_LOOP('',(#3240,#3241,#3242,#3243,#3244,#3245,#3246,#3247,#3248));
#600=EDGE_LOOP('',(#3249,#3250,#3251,#3252,#3253,#3254,#3255,#3256,#3257,
#3258));
#601=EDGE_LOOP('',(#3259,#3260,#3261,#3262));
#602=EDGE_LOOP('',(#3263,#3264,#3265,#3266));
#603=EDGE_LOOP('',(#3267,#3268,#3269,#3270,#3271,#3272,#3273,#3274,#3275,
#3276));
#604=EDGE_LOOP('',(#3277,#3278,#3279,#3280,#3281,#3282,#3283));
#605=EDGE_LOOP('',(#3284,#3285,#3286,#3287));
#606=EDGE_LOOP('',(#3288,#3289,#3290,#3291));
#607=EDGE_LOOP('',(#3292,#3293,#3294,#3295));
#608=EDGE_LOOP('',(#3296,#3297,#3298,#3299));
#609=EDGE_LOOP('',(#3300,#3301,#3302,#3303));
#610=EDGE_LOOP('',(#3304,#3305,#3306,#3307));
#611=EDGE_LOOP('',(#3308,#3309,#3310,#3311));
#612=EDGE_LOOP('',(#3312,#3313,#3314,#3315,#3316,#3317,#3318));
#613=EDGE_LOOP('',(#3319,#3320,#3321,#3322));
#614=EDGE_LOOP('',(#3323,#3324,#3325,#3326));
#615=EDGE_LOOP('',(#3327,#3328,#3329,#3330));
#616=EDGE_LOOP('',(#3331,#3332,#3333,#3334));
#617=EDGE_LOOP('',(#3335,#3336,#3337,#3338));
#618=EDGE_LOOP('',(#3339,#3340,#3341,#3342));
#619=EDGE_LOOP('',(#3343,#3344,#3345,#3346));
#620=EDGE_LOOP('',(#3347,#3348,#3349,#3350));
#621=EDGE_LOOP('',(#3351,#3352,#3353,#3354,#3355,#3356,#3357,#3358,#3359,
#3360,#3361));
#622=EDGE_LOOP('',(#3362,#3363,#3364,#3365,#3366,#3367,#3368,#3369,#3370));
#623=EDGE_LOOP('',(#3371,#3372,#3373,#3374,#3375,#3376,#3377,#3378,#3379,
#3380));
#624=EDGE_LOOP('',(#3381,#3382,#3383,#3384,#3385,#3386,#3387));
#625=EDGE_LOOP('',(#3388,#3389,#3390,#3391));
#626=EDGE_LOOP('',(#3392,#3393,#3394,#3395));
#627=EDGE_LOOP('',(#3396,#3397,#3398,#3399,#3400,#3401,#3402,#3403,#3404,
#3405));
#628=EDGE_LOOP('',(#3406,#3407,#3408,#3409,#3410,#3411,#3412));
#629=EDGE_LOOP('',(#3413,#3414,#3415,#3416));
#630=EDGE_LOOP('',(#3417,#3418,#3419,#3420));
#631=EDGE_LOOP('',(#3421,#3422,#3423,#3424));
#632=EDGE_LOOP('',(#3425,#3426,#3427,#3428));
#633=EDGE_LOOP('',(#3429,#3430,#3431,#3432));
#634=EDGE_LOOP('',(#3433,#3434,#3435,#3436));
#635=EDGE_LOOP('',(#3437,#3438,#3439,#3440));
#636=EDGE_LOOP('',(#3441,#3442,#3443,#3444,#3445,#3446,#3447,#3448,#3449,
#3450,#3451,#3452));
#637=EDGE_LOOP('',(#3453,#3454,#3455,#3456));
#638=EDGE_LOOP('',(#3457,#3458,#3459,#3460));
#639=EDGE_LOOP('',(#3461,#3462,#3463,#3464));
#640=EDGE_LOOP('',(#3465,#3466,#3467,#3468));
#641=EDGE_LOOP('',(#3469,#3470,#3471,#3472,#3473,#3474,#3475,#3476));
#642=EDGE_LOOP('',(#3477,#3478,#3479,#3480,#3481,#3482,#3483,#3484,#3485,
#3486,#3487,#3488,#3489,#3490));
#643=EDGE_LOOP('',(#3491,#3492,#3493,#3494,#3495,#3496,#3497,#3498,#3499,
#3500,#3501,#3502,#3503,#3504));
#644=EDGE_LOOP('',(#3505,#3506,#3507,#3508));
#645=EDGE_LOOP('',(#3509,#3510,#3511,#3512));
#646=EDGE_LOOP('',(#3513,#3514,#3515,#3516));
#647=EDGE_LOOP('',(#3517,#3518,#3519,#3520));
#648=EDGE_LOOP('',(#3521,#3522,#3523,#3524,#3525,#3526,#3527,#3528));
#649=EDGE_LOOP('',(#3529,#3530,#3531,#3532));
#650=EDGE_LOOP('',(#3533,#3534,#3535,#3536));
#651=EDGE_LOOP('',(#3537,#3538,#3539,#3540));
#652=EDGE_LOOP('',(#3541,#3542,#3543,#3544));
#653=EDGE_LOOP('',(#3545,#3546,#3547,#3548));
#654=EDGE_LOOP('',(#3549,#3550,#3551,#3552));
#655=EDGE_LOOP('',(#3553,#3554,#3555,#3556));
#656=EDGE_LOOP('',(#3557,#3558,#3559,#3560));
#657=EDGE_LOOP('',(#3561,#3562,#3563,#3564));
#658=EDGE_LOOP('',(#3565,#3566,#3567,#3568));
#659=EDGE_LOOP('',(#3569,#3570,#3571,#3572,#3573,#3574,#3575,#3576));
#660=EDGE_LOOP('',(#3577,#3578,#3579));
#661=EDGE_LOOP('',(#3580,#3581,#3582,#3583,#3584));
#662=EDGE_LOOP('',(#3585,#3586,#3587));
#663=EDGE_LOOP('',(#3588,#3589,#3590,#3591,#3592));
#664=EDGE_LOOP('',(#3593,#3594,#3595,#3596));
#665=EDGE_LOOP('',(#3597,#3598,#3599));
#666=EDGE_LOOP('',(#3600,#3601,#3602,#3603,#3604));
#667=EDGE_LOOP('',(#3605,#3606,#3607));
#668=EDGE_LOOP('',(#3608,#3609,#3610,#3611,#3612));
#669=EDGE_LOOP('',(#3613,#3614,#3615,#3616));
#670=EDGE_LOOP('',(#3617,#3618,#3619,#3620));
#671=EDGE_LOOP('',(#3621,#3622,#3623,#3624));
#672=EDGE_LOOP('',(#3625,#3626,#3627,#3628));
#673=EDGE_LOOP('',(#3629,#3630,#3631,#3632,#3633,#3634,#3635,#3636));
#674=EDGE_LOOP('',(#3637,#3638,#3639,#3640));
#675=EDGE_LOOP('',(#3641,#3642,#3643,#3644));
#676=LINE('',#5419,#1107);
#677=LINE('',#5422,#1108);
#678=LINE('',#5425,#1109);
#679=LINE('',#5427,#1110);
#680=LINE('',#5428,#1111);
#681=LINE('',#5430,#1112);
#682=LINE('',#5432,#1113);
#683=LINE('',#5437,#1114);
#684=LINE('',#5439,#1115);
#685=LINE('',#5441,#1116);
#686=LINE('',#5442,#1117);
#687=LINE('',#5448,#1118);
#688=LINE('',#5451,#1119);
#689=LINE('',#5453,#1120);
#690=LINE('',#5454,#1121);
#691=LINE('',#5458,#1122);
#692=LINE('',#5460,#1123);
#693=LINE('',#5462,#1124);
#694=LINE('',#5463,#1125);
#695=LINE('',#5466,#1126);
#696=LINE('',#5468,#1127);
#697=LINE('',#5469,#1128);
#698=LINE('',#5472,#1129);
#699=LINE('',#5474,#1130);
#700=LINE('',#5475,#1131);
#701=LINE('',#5478,#1132);
#702=LINE('',#5480,#1133);
#703=LINE('',#5481,#1134);
#704=LINE('',#5483,#1135);
#705=LINE('',#5484,#1136);
#706=LINE('',#5487,#1137);
#707=LINE('',#5490,#1138);
#708=LINE('',#5498,#1139);
#709=LINE('',#5500,#1140);
#710=LINE('',#5504,#1141);
#711=LINE('',#5506,#1142);
#712=LINE('',#5508,#1143);
#713=LINE('',#5510,#1144);
#714=LINE('',#5513,#1145);
#715=LINE('',#5515,#1146);
#716=LINE('',#5517,#1147);
#717=LINE('',#5519,#1148);
#718=LINE('',#5520,#1149);
#719=LINE('',#5523,#1150);
#720=LINE('',#5526,#1151);
#721=LINE('',#5529,#1152);
#722=LINE('',#5533,#1153);
#723=LINE('',#5535,#1154);
#724=LINE('',#5537,#1155);
#725=LINE('',#5539,#1156);
#726=LINE('',#5542,#1157);
#727=LINE('',#5544,#1158);
#728=LINE('',#5546,#1159);
#729=LINE('',#5548,#1160);
#730=LINE('',#5550,#1161);
#731=LINE('',#5552,#1162);
#732=LINE('',#5554,#1163);
#733=LINE('',#5556,#1164);
#734=LINE('',#5561,#1165);
#735=LINE('',#5563,#1166);
#736=LINE('',#5565,#1167);
#737=LINE('',#5566,#1168);
#738=LINE('',#5572,#1169);
#739=LINE('',#5575,#1170);
#740=LINE('',#5577,#1171);
#741=LINE('',#5578,#1172);
#742=LINE('',#5582,#1173);
#743=LINE('',#5584,#1174);
#744=LINE('',#5586,#1175);
#745=LINE('',#5587,#1176);
#746=LINE('',#5590,#1177);
#747=LINE('',#5592,#1178);
#748=LINE('',#5593,#1179);
#749=LINE('',#5596,#1180);
#750=LINE('',#5598,#1181);
#751=LINE('',#5599,#1182);
#752=LINE('',#5602,#1183);
#753=LINE('',#5604,#1184);
#754=LINE('',#5605,#1185);
#755=LINE('',#5607,#1186);
#756=LINE('',#5608,#1187);
#757=LINE('',#5611,#1188);
#758=LINE('',#5614,#1189);
#759=LINE('',#5622,#1190);
#760=LINE('',#5624,#1191);
#761=LINE('',#5628,#1192);
#762=LINE('',#5630,#1193);
#763=LINE('',#5632,#1194);
#764=LINE('',#5634,#1195);
#765=LINE('',#5637,#1196);
#766=LINE('',#5639,#1197);
#767=LINE('',#5640,#1198);
#768=LINE('',#5643,#1199);
#769=LINE('',#5646,#1200);
#770=LINE('',#5649,#1201);
#771=LINE('',#5653,#1202);
#772=LINE('',#5655,#1203);
#773=LINE('',#5657,#1204);
#774=LINE('',#5659,#1205);
#775=LINE('',#5663,#1206);
#776=LINE('',#5664,#1207);
#777=LINE('',#5666,#1208);
#778=LINE('',#5668,#1209);
#779=LINE('',#5670,#1210);
#780=LINE('',#5672,#1211);
#781=LINE('',#5674,#1212);
#782=LINE('',#5676,#1213);
#783=LINE('',#5678,#1214);
#784=LINE('',#5680,#1215);
#785=LINE('',#5685,#1216);
#786=LINE('',#5687,#1217);
#787=LINE('',#5689,#1218);
#788=LINE('',#5690,#1219);
#789=LINE('',#5694,#1220);
#790=LINE('',#5696,#1221);
#791=LINE('',#5698,#1222);
#792=LINE('',#5699,#1223);
#793=LINE('',#5705,#1224);
#794=LINE('',#5709,#1225);
#795=LINE('',#5711,#1226);
#796=LINE('',#5713,#1227);
#797=LINE('',#5716,#1228);
#798=LINE('',#5719,#1229);
#799=LINE('',#5722,#1230);
#800=LINE('',#5725,#1231);
#801=LINE('',#5726,#1232);
#802=LINE('',#5729,#1233);
#803=LINE('',#5730,#1234);
#804=LINE('',#5733,#1235);
#805=LINE('',#5734,#1236);
#806=LINE('',#5738,#1237);
#807=LINE('',#5741,#1238);
#808=LINE('',#5743,#1239);
#809=LINE('',#5747,#1240);
#810=LINE('',#5749,#1241);
#811=LINE('',#5750,#1242);
#812=LINE('',#5751,#1243);
#813=LINE('',#5754,#1244);
#814=LINE('',#5755,#1245);
#815=LINE('',#5757,#1246);
#816=LINE('',#5758,#1247);
#817=LINE('',#5761,#1248);
#818=LINE('',#5766,#1249);
#819=LINE('',#5771,#1250);
#820=LINE('',#5773,#1251);
#821=LINE('',#5775,#1252);
#822=LINE('',#5776,#1253);
#823=LINE('',#5780,#1254);
#824=LINE('',#5782,#1255);
#825=LINE('',#5784,#1256);
#826=LINE('',#5785,#1257);
#827=LINE('',#5791,#1258);
#828=LINE('',#5794,#1259);
#829=LINE('',#5797,#1260);
#830=LINE('',#5799,#1261);
#831=LINE('',#5800,#1262);
#832=LINE('',#5803,#1263);
#833=LINE('',#5805,#1264);
#834=LINE('',#5806,#1265);
#835=LINE('',#5809,#1266);
#836=LINE('',#5811,#1267);
#837=LINE('',#5812,#1268);
#838=LINE('',#5815,#1269);
#839=LINE('',#5817,#1270);
#840=LINE('',#5818,#1271);
#841=LINE('',#5821,#1272);
#842=LINE('',#5823,#1273);
#843=LINE('',#5824,#1274);
#844=LINE('',#5827,#1275);
#845=LINE('',#5829,#1276);
#846=LINE('',#5830,#1277);
#847=LINE('',#5833,#1278);
#848=LINE('',#5835,#1279);
#849=LINE('',#5836,#1280);
#850=LINE('',#5842,#1281);
#851=LINE('',#5845,#1282);
#852=LINE('',#5848,#1283);
#853=LINE('',#5853,#1284);
#854=LINE('',#5854,#1285);
#855=LINE('',#5857,#1286);
#856=LINE('',#5858,#1287);
#857=LINE('',#5860,#1288);
#858=LINE('',#5861,#1289);
#859=LINE('',#5865,#1290);
#860=LINE('',#5866,#1291);
#861=LINE('',#5870,#1292);
#862=LINE('',#5872,#1293);
#863=LINE('',#5874,#1294);
#864=LINE('',#5875,#1295);
#865=LINE('',#5883,#1296);
#866=LINE('',#5886,#1297);
#867=LINE('',#5889,#1298);
#868=LINE('',#5891,#1299);
#869=LINE('',#5892,#1300);
#870=LINE('',#5897,#1301);
#871=LINE('',#5900,#1302);
#872=LINE('',#5901,#1303);
#873=LINE('',#5907,#1304);
#874=LINE('',#5909,#1305);
#875=LINE('',#5911,#1306);
#876=LINE('',#5912,#1307);
#877=LINE('',#5917,#1308);
#878=LINE('',#5921,#1309);
#879=LINE('',#5923,#1310);
#880=LINE('',#5924,#1311);
#881=LINE('',#5935,#1312);
#882=LINE('',#5938,#1313);
#883=LINE('',#5941,#1314);
#884=LINE('',#5943,#1315);
#885=LINE('',#5944,#1316);
#886=LINE('',#5949,#1317);
#887=LINE('',#5952,#1318);
#888=LINE('',#5953,#1319);
#889=LINE('',#5959,#1320);
#890=LINE('',#5961,#1321);
#891=LINE('',#5963,#1322);
#892=LINE('',#5964,#1323);
#893=LINE('',#5969,#1324);
#894=LINE('',#5973,#1325);
#895=LINE('',#5975,#1326);
#896=LINE('',#5976,#1327);
#897=LINE('',#5985,#1328);
#898=LINE('',#5987,#1329);
#899=LINE('',#5989,#1330);
#900=LINE('',#5990,#1331);
#901=LINE('',#6001,#1332);
#902=LINE('',#6002,#1333);
#903=LINE('',#6005,#1334);
#904=LINE('',#6007,#1335);
#905=LINE('',#6008,#1336);
#906=LINE('',#6012,#1337);
#907=LINE('',#6014,#1338);
#908=LINE('',#6021,#1339);
#909=LINE('',#6022,#1340);
#910=LINE('',#6025,#1341);
#911=LINE('',#6027,#1342);
#912=LINE('',#6028,#1343);
#913=LINE('',#6032,#1344);
#914=LINE('',#6034,#1345);
#915=LINE('',#6040,#1346);
#916=LINE('',#6043,#1347);
#917=LINE('',#6045,#1348);
#918=LINE('',#6046,#1349);
#919=LINE('',#6053,#1350);
#920=LINE('',#6055,#1351);
#921=LINE('',#6057,#1352);
#922=LINE('',#6058,#1353);
#923=LINE('',#6062,#1354);
#924=LINE('',#6063,#1355);
#925=LINE('',#6064,#1356);
#926=LINE('',#6073,#1357);
#927=LINE('',#6075,#1358);
#928=LINE('',#6077,#1359);
#929=LINE('',#6078,#1360);
#930=LINE('',#6081,#1361);
#931=LINE('',#6083,#1362);
#932=LINE('',#6084,#1363);
#933=LINE('',#6086,#1364);
#934=LINE('',#6087,#1365);
#935=LINE('',#6093,#1366);
#936=LINE('',#6095,#1367);
#937=LINE('',#6097,#1368);
#938=LINE('',#6098,#1369);
#939=LINE('',#6103,#1370);
#940=LINE('',#6107,#1371);
#941=LINE('',#6109,#1372);
#942=LINE('',#6110,#1373);
#943=LINE('',#6114,#1374);
#944=LINE('',#6116,#1375);
#945=LINE('',#6118,#1376);
#946=LINE('',#6119,#1377);
#947=LINE('',#6122,#1378);
#948=LINE('',#6124,#1379);
#949=LINE('',#6125,#1380);
#950=LINE('',#6128,#1381);
#951=LINE('',#6130,#1382);
#952=LINE('',#6131,#1383);
#953=LINE('',#6134,#1384);
#954=LINE('',#6136,#1385);
#955=LINE('',#6137,#1386);
#956=LINE('',#6139,#1387);
#957=LINE('',#6140,#1388);
#958=LINE('',#6143,#1389);
#959=LINE('',#6146,#1390);
#960=LINE('',#6154,#1391);
#961=LINE('',#6158,#1392);
#962=LINE('',#6160,#1393);
#963=LINE('',#6162,#1394);
#964=LINE('',#6164,#1395);
#965=LINE('',#6168,#1396);
#966=LINE('',#6169,#1397);
#967=LINE('',#6171,#1398);
#968=LINE('',#6172,#1399);
#969=LINE('',#6175,#1400);
#970=LINE('',#6178,#1401);
#971=LINE('',#6181,#1402);
#972=LINE('',#6183,#1403);
#973=LINE('',#6187,#1404);
#974=LINE('',#6189,#1405);
#975=LINE('',#6191,#1406);
#976=LINE('',#6193,#1407);
#977=LINE('',#6196,#1408);
#978=LINE('',#6198,#1409);
#979=LINE('',#6200,#1410);
#980=LINE('',#6202,#1411);
#981=LINE('',#6204,#1412);
#982=LINE('',#6206,#1413);
#983=LINE('',#6208,#1414);
#984=LINE('',#6210,#1415);
#985=LINE('',#6212,#1416);
#986=LINE('',#6217,#1417);
#987=LINE('',#6219,#1418);
#988=LINE('',#6221,#1419);
#989=LINE('',#6222,#1420);
#990=LINE('',#6227,#1421);
#991=LINE('',#6231,#1422);
#992=LINE('',#6233,#1423);
#993=LINE('',#6234,#1424);
#994=LINE('',#6238,#1425);
#995=LINE('',#6240,#1426);
#996=LINE('',#6242,#1427);
#997=LINE('',#6243,#1428);
#998=LINE('',#6246,#1429);
#999=LINE('',#6248,#1430);
#1000=LINE('',#6249,#1431);
#1001=LINE('',#6252,#1432);
#1002=LINE('',#6254,#1433);
#1003=LINE('',#6255,#1434);
#1004=LINE('',#6258,#1435);
#1005=LINE('',#6260,#1436);
#1006=LINE('',#6261,#1437);
#1007=LINE('',#6263,#1438);
#1008=LINE('',#6264,#1439);
#1009=LINE('',#6267,#1440);
#1010=LINE('',#6270,#1441);
#1011=LINE('',#6278,#1442);
#1012=LINE('',#6282,#1443);
#1013=LINE('',#6284,#1444);
#1014=LINE('',#6286,#1445);
#1015=LINE('',#6288,#1446);
#1016=LINE('',#6292,#1447);
#1017=LINE('',#6293,#1448);
#1018=LINE('',#6295,#1449);
#1019=LINE('',#6297,#1450);
#1020=LINE('',#6299,#1451);
#1021=LINE('',#6300,#1452);
#1022=LINE('',#6304,#1453);
#1023=LINE('',#6306,#1454);
#1024=LINE('',#6309,#1455);
#1025=LINE('',#6313,#1456);
#1026=LINE('',#6315,#1457);
#1027=LINE('',#6317,#1458);
#1028=LINE('',#6319,#1459);
#1029=LINE('',#6322,#1460);
#1030=LINE('',#6324,#1461);
#1031=LINE('',#6326,#1462);
#1032=LINE('',#6328,#1463);
#1033=LINE('',#6330,#1464);
#1034=LINE('',#6332,#1465);
#1035=LINE('',#6334,#1466);
#1036=LINE('',#6336,#1467);
#1037=LINE('',#6341,#1468);
#1038=LINE('',#6345,#1469);
#1039=LINE('',#6349,#1470);
#1040=LINE('',#6353,#1471);
#1041=LINE('',#6357,#1472);
#1042=LINE('',#6361,#1473);
#1043=LINE('',#6366,#1474);
#1044=LINE('',#6368,#1475);
#1045=LINE('',#6370,#1476);
#1046=LINE('',#6371,#1477);
#1047=LINE('',#6374,#1478);
#1048=LINE('',#6376,#1479);
#1049=LINE('',#6377,#1480);
#1050=LINE('',#6380,#1481);
#1051=LINE('',#6382,#1482);
#1052=LINE('',#6383,#1483);
#1053=LINE('',#6385,#1484);
#1054=LINE('',#6388,#1485);
#1055=LINE('',#6390,#1486);
#1056=LINE('',#6392,#1487);
#1057=LINE('',#6394,#1488);
#1058=LINE('',#6395,#1489);
#1059=LINE('',#6400,#1490);
#1060=LINE('',#6404,#1491);
#1061=LINE('',#6408,#1492);
#1062=LINE('',#6412,#1493);
#1063=LINE('',#6417,#1494);
#1064=LINE('',#6421,#1495);
#1065=LINE('',#6425,#1496);
#1066=LINE('',#6429,#1497);
#1067=LINE('',#6433,#1498);
#1068=LINE('',#6437,#1499);
#1069=LINE('',#6439,#1500);
#1070=LINE('',#6441,#1501);
#1071=LINE('',#6442,#1502);
#1072=LINE('',#6446,#1503);
#1073=LINE('',#6448,#1504);
#1074=LINE('',#6450,#1505);
#1075=LINE('',#6451,#1506);
#1076=LINE('',#6453,#1507);
#1077=LINE('',#6454,#1508);
#1078=LINE('',#6456,#1509);
#1079=LINE('',#6457,#1510);
#1080=LINE('',#6461,#1511);
#1081=LINE('',#6463,#1512);
#1082=LINE('',#6464,#1513);
#1083=LINE('',#6466,#1514);
#1084=LINE('',#6467,#1515);
#1085=LINE('',#6469,#1516);
#1086=LINE('',#6470,#1517);
#1087=LINE('',#6472,#1518);
#1088=LINE('',#6475,#1519);
#1089=LINE('',#6477,#1520);
#1090=LINE('',#6478,#1521);
#1091=LINE('',#6480,#1522);
#1092=LINE('',#6481,#1523);
#1093=LINE('',#6484,#1524);
#1094=LINE('',#6486,#1525);
#1095=LINE('',#6491,#1526);
#1096=LINE('',#6500,#1527);
#1097=LINE('',#6510,#1528);
#1098=LINE('',#6512,#1529);
#1099=LINE('',#6520,#1530);
#1100=LINE('',#6530,#1531);
#1101=LINE('',#6532,#1532);
#1102=LINE('',#6533,#1533);
#1103=LINE('',#6535,#1534);
#1104=LINE('',#6537,#1535);
#1105=LINE('',#6538,#1536);
#1106=LINE('',#6540,#1537);
#1107=VECTOR('',#4304,10.);
#1108=VECTOR('',#4307,10.);
#1109=VECTOR('',#4310,10.);
#1110=VECTOR('',#4311,10.);
#1111=VECTOR('',#4312,10.);
#1112=VECTOR('',#4315,10.);
#1113=VECTOR('',#4318,10.);
#1114=VECTOR('',#4323,10.);
#1115=VECTOR('',#4324,10.);
#1116=VECTOR('',#4325,10.);
#1117=VECTOR('',#4326,10.);
#1118=VECTOR('',#4333,10.);
#1119=VECTOR('',#4336,10.);
#1120=VECTOR('',#4337,10.);
#1121=VECTOR('',#4338,10.);
#1122=VECTOR('',#4341,10.);
#1123=VECTOR('',#4342,10.);
#1124=VECTOR('',#4343,10.);
#1125=VECTOR('',#4344,10.);
#1126=VECTOR('',#4347,10.);
#1127=VECTOR('',#4348,10.);
#1128=VECTOR('',#4349,10.);
#1129=VECTOR('',#4352,10.);
#1130=VECTOR('',#4353,10.);
#1131=VECTOR('',#4354,10.);
#1132=VECTOR('',#4357,10.);
#1133=VECTOR('',#4358,10.);
#1134=VECTOR('',#4359,10.);
#1135=VECTOR('',#4362,10.);
#1136=VECTOR('',#4363,10.);
#1137=VECTOR('',#4366,10.);
#1138=VECTOR('',#4369,10.);
#1139=VECTOR('',#4378,10.);
#1140=VECTOR('',#4379,10.);
#1141=VECTOR('',#4382,10.);
#1142=VECTOR('',#4383,10.);
#1143=VECTOR('',#4384,10.);
#1144=VECTOR('',#4385,10.);
#1145=VECTOR('',#4388,10.);
#1146=VECTOR('',#4391,10.);
#1147=VECTOR('',#4392,10.);
#1148=VECTOR('',#4393,10.);
#1149=VECTOR('',#4394,10.);
#1150=VECTOR('',#4397,10.);
#1151=VECTOR('',#4402,10.);
#1152=VECTOR('',#4405,10.);
#1153=VECTOR('',#4408,10.);
#1154=VECTOR('',#4409,10.);
#1155=VECTOR('',#4410,10.);
#1156=VECTOR('',#4411,10.);
#1157=VECTOR('',#4414,10.);
#1158=VECTOR('',#4417,10.);
#1159=VECTOR('',#4420,10.);
#1160=VECTOR('',#4423,10.);
#1161=VECTOR('',#4426,10.);
#1162=VECTOR('',#4429,10.);
#1163=VECTOR('',#4432,10.);
#1164=VECTOR('',#4435,10.);
#1165=VECTOR('',#4440,10.);
#1166=VECTOR('',#4441,10.);
#1167=VECTOR('',#4442,10.);
#1168=VECTOR('',#4443,10.);
#1169=VECTOR('',#4450,10.);
#1170=VECTOR('',#4453,10.);
#1171=VECTOR('',#4454,10.);
#1172=VECTOR('',#4455,10.);
#1173=VECTOR('',#4458,10.);
#1174=VECTOR('',#4459,10.);
#1175=VECTOR('',#4460,10.);
#1176=VECTOR('',#4461,10.);
#1177=VECTOR('',#4464,10.);
#1178=VECTOR('',#4465,10.);
#1179=VECTOR('',#4466,10.);
#1180=VECTOR('',#4469,10.);
#1181=VECTOR('',#4470,10.);
#1182=VECTOR('',#4471,10.);
#1183=VECTOR('',#4474,10.);
#1184=VECTOR('',#4475,10.);
#1185=VECTOR('',#4476,10.);
#1186=VECTOR('',#4479,10.);
#1187=VECTOR('',#4480,10.);
#1188=VECTOR('',#4483,10.);
#1189=VECTOR('',#4486,10.);
#1190=VECTOR('',#4495,10.);
#1191=VECTOR('',#4496,10.);
#1192=VECTOR('',#4499,10.);
#1193=VECTOR('',#4500,10.);
#1194=VECTOR('',#4501,10.);
#1195=VECTOR('',#4502,10.);
#1196=VECTOR('',#4505,10.);
#1197=VECTOR('',#4508,10.);
#1198=VECTOR('',#4509,10.);
#1199=VECTOR('',#4512,10.);
#1200=VECTOR('',#4515,10.);
#1201=VECTOR('',#4518,10.);
#1202=VECTOR('',#4521,10.);
#1203=VECTOR('',#4522,10.);
#1204=VECTOR('',#4523,10.);
#1205=VECTOR('',#4524,10.);
#1206=VECTOR('',#4527,10.);
#1207=VECTOR('',#4528,10.);
#1208=VECTOR('',#4531,10.);
#1209=VECTOR('',#4534,10.);
#1210=VECTOR('',#4537,10.);
#1211=VECTOR('',#4540,10.);
#1212=VECTOR('',#4543,10.);
#1213=VECTOR('',#4546,10.);
#1214=VECTOR('',#4549,10.);
#1215=VECTOR('',#4552,10.);
#1216=VECTOR('',#4557,10.);
#1217=VECTOR('',#4558,10.);
#1218=VECTOR('',#4559,10.);
#1219=VECTOR('',#4560,10.);
#1220=VECTOR('',#4563,10.);
#1221=VECTOR('',#4564,10.);
#1222=VECTOR('',#4565,10.);
#1223=VECTOR('',#4566,10.);
#1224=VECTOR('',#4571,10.);
#1225=VECTOR('',#4574,10.);
#1226=VECTOR('',#4575,10.);
#1227=VECTOR('',#4576,10.);
#1228=VECTOR('',#4579,10.);
#1229=VECTOR('',#4582,10.);
#1230=VECTOR('',#4585,10.);
#1231=VECTOR('',#4588,10.);
#1232=VECTOR('',#4589,10.);
#1233=VECTOR('',#4592,10.);
#1234=VECTOR('',#4593,10.);
#1235=VECTOR('',#4596,10.);
#1236=VECTOR('',#4597,10.);
#1237=VECTOR('',#4602,10.);
#1238=VECTOR('',#4605,10.);
#1239=VECTOR('',#4606,10.);
#1240=VECTOR('',#4611,10.);
#1241=VECTOR('',#4612,10.);
#1242=VECTOR('',#4613,10.);
#1243=VECTOR('',#4614,10.);
#1244=VECTOR('',#4617,10.);
#1245=VECTOR('',#4618,10.);
#1246=VECTOR('',#4619,10.);
#1247=VECTOR('',#4620,10.);
#1248=VECTOR('',#4625,10.);
#1249=VECTOR('',#4634,10.);
#1250=VECTOR('',#4639,10.);
#1251=VECTOR('',#4640,10.);
#1252=VECTOR('',#4641,10.);
#1253=VECTOR('',#4642,10.);
#1254=VECTOR('',#4645,10.);
#1255=VECTOR('',#4646,10.);
#1256=VECTOR('',#4647,10.);
#1257=VECTOR('',#4648,10.);
#1258=VECTOR('',#4653,10.);
#1259=VECTOR('',#4656,10.);
#1260=VECTOR('',#4659,10.);
#1261=VECTOR('',#4660,10.);
#1262=VECTOR('',#4661,10.);
#1263=VECTOR('',#4664,10.);
#1264=VECTOR('',#4665,10.);
#1265=VECTOR('',#4666,10.);
#1266=VECTOR('',#4669,10.);
#1267=VECTOR('',#4670,10.);
#1268=VECTOR('',#4671,10.);
#1269=VECTOR('',#4674,10.);
#1270=VECTOR('',#4675,10.);
#1271=VECTOR('',#4676,10.);
#1272=VECTOR('',#4679,10.);
#1273=VECTOR('',#4680,10.);
#1274=VECTOR('',#4681,10.);
#1275=VECTOR('',#4684,10.);
#1276=VECTOR('',#4685,10.);
#1277=VECTOR('',#4686,10.);
#1278=VECTOR('',#4689,10.);
#1279=VECTOR('',#4690,10.);
#1280=VECTOR('',#4691,10.);
#1281=VECTOR('',#4698,10.);
#1282=VECTOR('',#4701,10.);
#1283=VECTOR('',#4704,10.);
#1284=VECTOR('',#4709,10.);
#1285=VECTOR('',#4710,10.);
#1286=VECTOR('',#4713,10.);
#1287=VECTOR('',#4714,10.);
#1288=VECTOR('',#4715,10.);
#1289=VECTOR('',#4716,10.);
#1290=VECTOR('',#4721,10.);
#1291=VECTOR('',#4722,10.);
#1292=VECTOR('',#4727,10.);
#1293=VECTOR('',#4730,10.);
#1294=VECTOR('',#4733,10.);
#1295=VECTOR('',#4734,10.);
#1296=VECTOR('',#4743,10.);
#1297=VECTOR('',#4746,10.);
#1298=VECTOR('',#4749,10.);
#1299=VECTOR('',#4750,10.);
#1300=VECTOR('',#4751,10.);
#1301=VECTOR('',#4756,10.);
#1302=VECTOR('',#4761,10.);
#1303=VECTOR('',#4762,10.);
#1304=VECTOR('',#4769,10.);
#1305=VECTOR('',#4770,10.);
#1306=VECTOR('',#4771,10.);
#1307=VECTOR('',#4772,10.);
#1308=VECTOR('',#4777,10.);
#1309=VECTOR('',#4782,10.);
#1310=VECTOR('',#4783,10.);
#1311=VECTOR('',#4784,10.);
#1312=VECTOR('',#4799,10.);
#1313=VECTOR('',#4802,10.);
#1314=VECTOR('',#4805,10.);
#1315=VECTOR('',#4806,10.);
#1316=VECTOR('',#4807,10.);
#1317=VECTOR('',#4812,10.);
#1318=VECTOR('',#4817,10.);
#1319=VECTOR('',#4818,10.);
#1320=VECTOR('',#4825,10.);
#1321=VECTOR('',#4826,10.);
#1322=VECTOR('',#4827,10.);
#1323=VECTOR('',#4828,10.);
#1324=VECTOR('',#4833,10.);
#1325=VECTOR('',#4838,10.);
#1326=VECTOR('',#4839,10.);
#1327=VECTOR('',#4840,10.);
#1328=VECTOR('',#4853,10.);
#1329=VECTOR('',#4854,10.);
#1330=VECTOR('',#4855,10.);
#1331=VECTOR('',#4856,10.);
#1332=VECTOR('',#4871,10.);
#1333=VECTOR('',#4872,10.);
#1334=VECTOR('',#4875,10.);
#1335=VECTOR('',#4876,10.);
#1336=VECTOR('',#4877,10.);
#1337=VECTOR('',#4882,10.);
#1338=VECTOR('',#4885,10.);
#1339=VECTOR('',#4892,10.);
#1340=VECTOR('',#4893,10.);
#1341=VECTOR('',#4896,10.);
#1342=VECTOR('',#4897,10.);
#1343=VECTOR('',#4898,10.);
#1344=VECTOR('',#4903,10.);
#1345=VECTOR('',#4906,10.);
#1346=VECTOR('',#4913,10.);
#1347=VECTOR('',#4916,10.);
#1348=VECTOR('',#4917,10.);
#1349=VECTOR('',#4918,10.);
#1350=VECTOR('',#4927,10.);
#1351=VECTOR('',#4928,10.);
#1352=VECTOR('',#4929,10.);
#1353=VECTOR('',#4930,10.);
#1354=VECTOR('',#4933,10.);
#1355=VECTOR('',#4934,10.);
#1356=VECTOR('',#4935,10.);
#1357=VECTOR('',#4948,10.);
#1358=VECTOR('',#4949,10.);
#1359=VECTOR('',#4950,10.);
#1360=VECTOR('',#4951,10.);
#1361=VECTOR('',#4954,10.);
#1362=VECTOR('',#4955,10.);
#1363=VECTOR('',#4956,10.);
#1364=VECTOR('',#4959,10.);
#1365=VECTOR('',#4960,10.);
#1366=VECTOR('',#4967,10.);
#1367=VECTOR('',#4968,10.);
#1368=VECTOR('',#4969,10.);
#1369=VECTOR('',#4970,10.);
#1370=VECTOR('',#4975,10.);
#1371=VECTOR('',#4980,10.);
#1372=VECTOR('',#4981,10.);
#1373=VECTOR('',#4982,10.);
#1374=VECTOR('',#4985,10.);
#1375=VECTOR('',#4986,10.);
#1376=VECTOR('',#4987,10.);
#1377=VECTOR('',#4988,10.);
#1378=VECTOR('',#4991,10.);
#1379=VECTOR('',#4992,10.);
#1380=VECTOR('',#4993,10.);
#1381=VECTOR('',#4996,10.);
#1382=VECTOR('',#4997,10.);
#1383=VECTOR('',#4998,10.);
#1384=VECTOR('',#5001,10.);
#1385=VECTOR('',#5002,10.);
#1386=VECTOR('',#5003,10.);
#1387=VECTOR('',#5006,10.);
#1388=VECTOR('',#5007,10.);
#1389=VECTOR('',#5010,10.);
#1390=VECTOR('',#5013,10.);
#1391=VECTOR('',#5022,10.);
#1392=VECTOR('',#5025,10.);
#1393=VECTOR('',#5026,10.);
#1394=VECTOR('',#5027,10.);
#1395=VECTOR('',#5028,10.);
#1396=VECTOR('',#5031,10.);
#1397=VECTOR('',#5032,10.);
#1398=VECTOR('',#5035,10.);
#1399=VECTOR('',#5036,10.);
#1400=VECTOR('',#5039,10.);
#1401=VECTOR('',#5042,10.);
#1402=VECTOR('',#5045,10.);
#1403=VECTOR('',#5046,10.);
#1404=VECTOR('',#5049,10.);
#1405=VECTOR('',#5050,10.);
#1406=VECTOR('',#5051,10.);
#1407=VECTOR('',#5052,10.);
#1408=VECTOR('',#5055,10.);
#1409=VECTOR('',#5058,10.);
#1410=VECTOR('',#5061,10.);
#1411=VECTOR('',#5064,10.);
#1412=VECTOR('',#5067,10.);
#1413=VECTOR('',#5070,10.);
#1414=VECTOR('',#5073,10.);
#1415=VECTOR('',#5076,10.);
#1416=VECTOR('',#5079,10.);
#1417=VECTOR('',#5084,10.);
#1418=VECTOR('',#5085,10.);
#1419=VECTOR('',#5086,10.);
#1420=VECTOR('',#5087,10.);
#1421=VECTOR('',#5092,10.);
#1422=VECTOR('',#5097,10.);
#1423=VECTOR('',#5098,10.);
#1424=VECTOR('',#5099,10.);
#1425=VECTOR('',#5102,10.);
#1426=VECTOR('',#5103,10.);
#1427=VECTOR('',#5104,10.);
#1428=VECTOR('',#5105,10.);
#1429=VECTOR('',#5108,10.);
#1430=VECTOR('',#5109,10.);
#1431=VECTOR('',#5110,10.);
#1432=VECTOR('',#5113,10.);
#1433=VECTOR('',#5114,10.);
#1434=VECTOR('',#5115,10.);
#1435=VECTOR('',#5118,10.);
#1436=VECTOR('',#5119,10.);
#1437=VECTOR('',#5120,10.);
#1438=VECTOR('',#5123,10.);
#1439=VECTOR('',#5124,10.);
#1440=VECTOR('',#5127,10.);
#1441=VECTOR('',#5130,10.);
#1442=VECTOR('',#5139,10.);
#1443=VECTOR('',#5142,10.);
#1444=VECTOR('',#5143,10.);
#1445=VECTOR('',#5144,10.);
#1446=VECTOR('',#5145,10.);
#1447=VECTOR('',#5148,10.);
#1448=VECTOR('',#5149,10.);
#1449=VECTOR('',#5152,10.);
#1450=VECTOR('',#5153,10.);
#1451=VECTOR('',#5154,10.);
#1452=VECTOR('',#5155,10.);
#1453=VECTOR('',#5160,10.);
#1454=VECTOR('',#5163,10.);
#1455=VECTOR('',#5166,10.);
#1456=VECTOR('',#5169,10.);
#1457=VECTOR('',#5170,10.);
#1458=VECTOR('',#5171,10.);
#1459=VECTOR('',#5172,10.);
#1460=VECTOR('',#5175,10.);
#1461=VECTOR('',#5178,10.);
#1462=VECTOR('',#5181,10.);
#1463=VECTOR('',#5184,10.);
#1464=VECTOR('',#5187,10.);
#1465=VECTOR('',#5190,10.);
#1466=VECTOR('',#5193,10.);
#1467=VECTOR('',#5196,10.);
#1468=VECTOR('',#5201,10.);
#1469=VECTOR('',#5204,10.);
#1470=VECTOR('',#5207,10.);
#1471=VECTOR('',#5210,10.);
#1472=VECTOR('',#5213,10.);
#1473=VECTOR('',#5216,10.);
#1474=VECTOR('',#5221,10.);
#1475=VECTOR('',#5222,10.);
#1476=VECTOR('',#5223,10.);
#1477=VECTOR('',#5224,10.);
#1478=VECTOR('',#5227,10.);
#1479=VECTOR('',#5228,10.);
#1480=VECTOR('',#5229,10.);
#1481=VECTOR('',#5232,10.);
#1482=VECTOR('',#5233,10.);
#1483=VECTOR('',#5234,10.);
#1484=VECTOR('',#5237,10.);
#1485=VECTOR('',#5240,10.);
#1486=VECTOR('',#5241,10.);
#1487=VECTOR('',#5242,10.);
#1488=VECTOR('',#5243,10.);
#1489=VECTOR('',#5244,10.);
#1490=VECTOR('',#5249,10.);
#1491=VECTOR('',#5252,10.);
#1492=VECTOR('',#5255,10.);
#1493=VECTOR('',#5258,10.);
#1494=VECTOR('',#5263,10.);
#1495=VECTOR('',#5266,10.);
#1496=VECTOR('',#5269,10.);
#1497=VECTOR('',#5272,10.);
#1498=VECTOR('',#5275,10.);
#1499=VECTOR('',#5278,10.);
#1500=VECTOR('',#5279,10.);
#1501=VECTOR('',#5280,10.);
#1502=VECTOR('',#5281,10.);
#1503=VECTOR('',#5284,10.);
#1504=VECTOR('',#5285,10.);
#1505=VECTOR('',#5286,10.);
#1506=VECTOR('',#5287,10.);
#1507=VECTOR('',#5290,10.);
#1508=VECTOR('',#5291,10.);
#1509=VECTOR('',#5294,10.);
#1510=VECTOR('',#5295,10.);
#1511=VECTOR('',#5300,10.);
#1512=VECTOR('',#5301,10.);
#1513=VECTOR('',#5302,10.);
#1514=VECTOR('',#5305,10.);
#1515=VECTOR('',#5306,10.);
#1516=VECTOR('',#5309,10.);
#1517=VECTOR('',#5310,10.);
#1518=VECTOR('',#5313,10.);
#1519=VECTOR('',#5318,10.);
#1520=VECTOR('',#5321,10.);
#1521=VECTOR('',#5322,10.);
#1522=VECTOR('',#5325,10.);
#1523=VECTOR('',#5326,10.);
#1524=VECTOR('',#5331,10.);
#1525=VECTOR('',#5334,10.);
#1526=VECTOR('',#5339,10.);
#1527=VECTOR('',#5352,10.);
#1528=VECTOR('',#5365,10.);
#1529=VECTOR('',#5368,10.);
#1530=VECTOR('',#5379,10.);
#1531=VECTOR('',#5392,10.);
#1532=VECTOR('',#5395,10.);
#1533=VECTOR('',#5396,10.);
#1534=VECTOR('',#5399,10.);
#1535=VECTOR('',#5402,10.);
#1536=VECTOR('',#5403,10.);
#1537=VECTOR('',#5406,10.);
#1538=CIRCLE('',#3958,0.240439629096588);
#1539=CIRCLE('',#3959,0.240439629096588);
#1540=CIRCLE('',#3966,0.0299999999999997);
#1541=CIRCLE('',#3967,0.0299999999999997);
#1542=CIRCLE('',#3975,0.240439629096588);
#1543=CIRCLE('',#3977,0.260439629096588);
#1544=CIRCLE('',#3979,0.240439629096588);
#1545=CIRCLE('',#3980,0.05);
#1546=CIRCLE('',#3981,0.05);
#1547=CIRCLE('',#3984,0.260439629096588);
#1548=CIRCLE('',#3987,0.05);
#1549=CIRCLE('',#3988,0.05);
#1550=CIRCLE('',#3999,0.0299999999999997);
#1551=CIRCLE('',#4000,0.0299999999999997);
#1552=CIRCLE('',#4008,0.240439629096588);
#1553=CIRCLE('',#4010,0.260439629096588);
#1554=CIRCLE('',#4012,0.240439629096588);
#1555=CIRCLE('',#4013,0.05);
#1556=CIRCLE('',#4014,0.05);
#1557=CIRCLE('',#4017,0.260439629096588);
#1558=CIRCLE('',#4019,0.05);
#1559=CIRCLE('',#4020,0.05);
#1560=CIRCLE('',#4033,0.285305498594266);
#1561=CIRCLE('',#4034,0.055);
#1562=CIRCLE('',#4035,0.055);
#1563=CIRCLE('',#4037,0.055);
#1564=CIRCLE('',#4042,0.055);
#1565=CIRCLE('',#4044,0.265305498594266);
#1566=CIRCLE('',#4048,0.265305498594266);
#1567=CIRCLE('',#4050,0.285305498594266);
#1568=CIRCLE('',#4057,0.0550000000000006);
#1569=CIRCLE('',#4058,0.0550000000000006);
#1570=CIRCLE('',#4067,0.055);
#1571=CIRCLE('',#4068,0.055);
#1572=CIRCLE('',#4070,0.265305498594266);
#1573=CIRCLE('',#4072,0.285305498594266);
#1574=CIRCLE('',#4075,0.265305498594266);
#1575=CIRCLE('',#4077,0.285305498594266);
#1576=CIRCLE('',#4083,0.260439629096588);
#1577=CIRCLE('',#4084,0.260439629096588);
#1578=CIRCLE('',#4087,0.240439629096588);
#1579=CIRCLE('',#4088,0.240439629096588);
#1580=CIRCLE('',#4094,0.240439629096588);
#1581=CIRCLE('',#4095,0.240439629096588);
#1582=CIRCLE('',#4098,0.260439629096588);
#1583=CIRCLE('',#4099,0.260439629096588);
#1584=CIRCLE('',#4103,0.260439629096588);
#1585=CIRCLE('',#4104,0.260439629096588);
#1586=CIRCLE('',#4107,0.240439629096588);
#1587=CIRCLE('',#4108,0.240439629096588);
#1588=CIRCLE('',#4114,0.240439629096588);
#1589=CIRCLE('',#4115,0.240439629096588);
#1590=CIRCLE('',#4118,0.260439629096588);
#1591=CIRCLE('',#4119,0.260439629096588);
#1592=CIRCLE('',#4124,0.265305498594266);
#1593=CIRCLE('',#4126,0.265305498594266);
#1594=CIRCLE('',#4129,0.240439629096588);
#1595=CIRCLE('',#4132,0.240439629096588);
#1596=CIRCLE('',#4136,0.240439629096588);
#1597=CIRCLE('',#4139,0.240439629096588);
#1598=CIRCLE('',#4143,0.265305498594266);
#1599=CIRCLE('',#4146,0.265305498594266);
#1600=CIRCLE('',#4151,0.240439629096588);
#1601=CIRCLE('',#4153,0.240439629096588);
#1602=CIRCLE('',#4162,0.0299999999999997);
#1603=CIRCLE('',#4163,0.0299999999999997);
#1604=CIRCLE('',#4171,0.240439629096588);
#1605=CIRCLE('',#4173,0.260439629096588);
#1606=CIRCLE('',#4175,0.240439629096588);
#1607=CIRCLE('',#4176,0.05);
#1608=CIRCLE('',#4177,0.05);
#1609=CIRCLE('',#4180,0.260439629096588);
#1610=CIRCLE('',#4182,0.05);
#1611=CIRCLE('',#4183,0.05);
#1612=CIRCLE('',#4195,0.0299999999999997);
#1613=CIRCLE('',#4196,0.0299999999999997);
#1614=CIRCLE('',#4204,0.240439629096588);
#1615=CIRCLE('',#4206,0.260439629096588);
#1616=CIRCLE('',#4208,0.240439629096588);
#1617=CIRCLE('',#4209,0.05);
#1618=CIRCLE('',#4210,0.05);
#1619=CIRCLE('',#4213,0.260439629096588);
#1620=CIRCLE('',#4216,0.05);
#1621=CIRCLE('',#4217,0.05);
#1622=CIRCLE('',#4227,0.260439629096588);
#1623=CIRCLE('',#4228,0.285305498594266);
#1624=CIRCLE('',#4229,0.260439629096588);
#1625=CIRCLE('',#4230,0.260439629096588);
#1626=CIRCLE('',#4231,0.285305498594266);
#1627=CIRCLE('',#4232,0.260439629096588);
#1628=CIRCLE('',#4240,0.260439629096588);
#1629=CIRCLE('',#4241,0.285305498594266);
#1630=CIRCLE('',#4242,0.260439629096588);
#1631=CIRCLE('',#4246,0.260439629096588);
#1632=CIRCLE('',#4247,0.285305498594266);
#1633=CIRCLE('',#4248,0.260439629096588);
#1634=CIRCLE('',#4269,0.00999999999999998);
#1635=CIRCLE('',#4270,0.00999999999999997);
#1636=CIRCLE('',#4271,0.01);
#1637=CIRCLE('',#4274,0.0100000000000001);
#1638=CIRCLE('',#4275,0.00999999999999997);
#1639=CIRCLE('',#4276,0.01);
#1640=CIRCLE('',#4281,0.0100000000000001);
#1641=CIRCLE('',#4282,0.00999999999999997);
#1642=CIRCLE('',#4283,0.01);
#1643=CIRCLE('',#4286,0.00999999999999998);
#1644=CIRCLE('',#4287,0.00999999999999997);
#1645=CIRCLE('',#4288,0.01);
#1646=VERTEX_POINT('',#5415);
#1647=VERTEX_POINT('',#5416);
#1648=VERTEX_POINT('',#5418);
#1649=VERTEX_POINT('',#5420);
#1650=VERTEX_POINT('',#5424);
#1651=VERTEX_POINT('',#5426);
#1652=VERTEX_POINT('',#5435);
#1653=VERTEX_POINT('',#5436);
#1654=VERTEX_POINT('',#5438);
#1655=VERTEX_POINT('',#5440);
#1656=VERTEX_POINT('',#5444);
#1657=VERTEX_POINT('',#5446);
#1658=VERTEX_POINT('',#5450);
#1659=VERTEX_POINT('',#5452);
#1660=VERTEX_POINT('',#5456);
#1661=VERTEX_POINT('',#5457);
#1662=VERTEX_POINT('',#5459);
#1663=VERTEX_POINT('',#5461);
#1664=VERTEX_POINT('',#5465);
#1665=VERTEX_POINT('',#5467);
#1666=VERTEX_POINT('',#5471);
#1667=VERTEX_POINT('',#5473);
#1668=VERTEX_POINT('',#5477);
#1669=VERTEX_POINT('',#5479);
#1670=VERTEX_POINT('',#5486);
#1671=VERTEX_POINT('',#5488);
#1672=VERTEX_POINT('',#5494);
#1673=VERTEX_POINT('',#5495);
#1674=VERTEX_POINT('',#5497);
#1675=VERTEX_POINT('',#5499);
#1676=VERTEX_POINT('',#5501);
#1677=VERTEX_POINT('',#5503);
#1678=VERTEX_POINT('',#5505);
#1679=VERTEX_POINT('',#5507);
#1680=VERTEX_POINT('',#5509);
#1681=VERTEX_POINT('',#5511);
#1682=VERTEX_POINT('',#5516);
#1683=VERTEX_POINT('',#5518);
#1684=VERTEX_POINT('',#5522);
#1685=VERTEX_POINT('',#5528);
#1686=VERTEX_POINT('',#5530);
#1687=VERTEX_POINT('',#5532);
#1688=VERTEX_POINT('',#5534);
#1689=VERTEX_POINT('',#5536);
#1690=VERTEX_POINT('',#5538);
#1691=VERTEX_POINT('',#5540);
#1692=VERTEX_POINT('',#5559);
#1693=VERTEX_POINT('',#5560);
#1694=VERTEX_POINT('',#5562);
#1695=VERTEX_POINT('',#5564);
#1696=VERTEX_POINT('',#5568);
#1697=VERTEX_POINT('',#5570);
#1698=VERTEX_POINT('',#5574);
#1699=VERTEX_POINT('',#5576);
#1700=VERTEX_POINT('',#5580);
#1701=VERTEX_POINT('',#5581);
#1702=VERTEX_POINT('',#5583);
#1703=VERTEX_POINT('',#5585);
#1704=VERTEX_POINT('',#5589);
#1705=VERTEX_POINT('',#5591);
#1706=VERTEX_POINT('',#5595);
#1707=VERTEX_POINT('',#5597);
#1708=VERTEX_POINT('',#5601);
#1709=VERTEX_POINT('',#5603);
#1710=VERTEX_POINT('',#5610);
#1711=VERTEX_POINT('',#5612);
#1712=VERTEX_POINT('',#5618);
#1713=VERTEX_POINT('',#5619);
#1714=VERTEX_POINT('',#5621);
#1715=VERTEX_POINT('',#5623);
#1716=VERTEX_POINT('',#5625);
#1717=VERTEX_POINT('',#5627);
#1718=VERTEX_POINT('',#5629);
#1719=VERTEX_POINT('',#5631);
#1720=VERTEX_POINT('',#5633);
#1721=VERTEX_POINT('',#5635);
#1722=VERTEX_POINT('',#5642);
#1723=VERTEX_POINT('',#5644);
#1724=VERTEX_POINT('',#5648);
#1725=VERTEX_POINT('',#5650);
#1726=VERTEX_POINT('',#5652);
#1727=VERTEX_POINT('',#5654);
#1728=VERTEX_POINT('',#5656);
#1729=VERTEX_POINT('',#5658);
#1730=VERTEX_POINT('',#5660);
#1731=VERTEX_POINT('',#5662);
#1732=VERTEX_POINT('',#5683);
#1733=VERTEX_POINT('',#5684);
#1734=VERTEX_POINT('',#5686);
#1735=VERTEX_POINT('',#5688);
#1736=VERTEX_POINT('',#5692);
#1737=VERTEX_POINT('',#5693);
#1738=VERTEX_POINT('',#5695);
#1739=VERTEX_POINT('',#5697);
#1740=VERTEX_POINT('',#5701);
#1741=VERTEX_POINT('',#5702);
#1742=VERTEX_POINT('',#5704);
#1743=VERTEX_POINT('',#5706);
#1744=VERTEX_POINT('',#5708);
#1745=VERTEX_POINT('',#5710);
#1746=VERTEX_POINT('',#5712);
#1747=VERTEX_POINT('',#5714);
#1748=VERTEX_POINT('',#5718);
#1749=VERTEX_POINT('',#5720);
#1750=VERTEX_POINT('',#5724);
#1751=VERTEX_POINT('',#5728);
#1752=VERTEX_POINT('',#5732);
#1753=VERTEX_POINT('',#5736);
#1754=VERTEX_POINT('',#5740);
#1755=VERTEX_POINT('',#5742);
#1756=VERTEX_POINT('',#5746);
#1757=VERTEX_POINT('',#5748);
#1758=VERTEX_POINT('',#5753);
#1759=VERTEX_POINT('',#5756);
#1760=VERTEX_POINT('',#5769);
#1761=VERTEX_POINT('',#5770);
#1762=VERTEX_POINT('',#5772);
#1763=VERTEX_POINT('',#5774);
#1764=VERTEX_POINT('',#5778);
#1765=VERTEX_POINT('',#5779);
#1766=VERTEX_POINT('',#5781);
#1767=VERTEX_POINT('',#5783);
#1768=VERTEX_POINT('',#5787);
#1769=VERTEX_POINT('',#5788);
#1770=VERTEX_POINT('',#5790);
#1771=VERTEX_POINT('',#5792);
#1772=VERTEX_POINT('',#5796);
#1773=VERTEX_POINT('',#5798);
#1774=VERTEX_POINT('',#5802);
#1775=VERTEX_POINT('',#5804);
#1776=VERTEX_POINT('',#5808);
#1777=VERTEX_POINT('',#5810);
#1778=VERTEX_POINT('',#5814);
#1779=VERTEX_POINT('',#5816);
#1780=VERTEX_POINT('',#5820);
#1781=VERTEX_POINT('',#5822);
#1782=VERTEX_POINT('',#5826);
#1783=VERTEX_POINT('',#5828);
#1784=VERTEX_POINT('',#5832);
#1785=VERTEX_POINT('',#5834);
#1786=VERTEX_POINT('',#5838);
#1787=VERTEX_POINT('',#5840);
#1788=VERTEX_POINT('',#5844);
#1789=VERTEX_POINT('',#5846);
#1790=VERTEX_POINT('',#5850);
#1791=VERTEX_POINT('',#5851);
#1792=VERTEX_POINT('',#5856);
#1793=VERTEX_POINT('',#5859);
#1794=VERTEX_POINT('',#5863);
#1795=VERTEX_POINT('',#5868);
#1796=VERTEX_POINT('',#5879);
#1797=VERTEX_POINT('',#5880);
#1798=VERTEX_POINT('',#5882);
#1799=VERTEX_POINT('',#5884);
#1800=VERTEX_POINT('',#5888);
#1801=VERTEX_POINT('',#5890);
#1802=VERTEX_POINT('',#5894);
#1803=VERTEX_POINT('',#5896);
#1804=VERTEX_POINT('',#5905);
#1805=VERTEX_POINT('',#5906);
#1806=VERTEX_POINT('',#5908);
#1807=VERTEX_POINT('',#5910);
#1808=VERTEX_POINT('',#5914);
#1809=VERTEX_POINT('',#5916);
#1810=VERTEX_POINT('',#5920);
#1811=VERTEX_POINT('',#5922);
#1812=VERTEX_POINT('',#5931);
#1813=VERTEX_POINT('',#5932);
#1814=VERTEX_POINT('',#5934);
#1815=VERTEX_POINT('',#5936);
#1816=VERTEX_POINT('',#5940);
#1817=VERTEX_POINT('',#5942);
#1818=VERTEX_POINT('',#5946);
#1819=VERTEX_POINT('',#5948);
#1820=VERTEX_POINT('',#5957);
#1821=VERTEX_POINT('',#5958);
#1822=VERTEX_POINT('',#5960);
#1823=VERTEX_POINT('',#5962);
#1824=VERTEX_POINT('',#5966);
#1825=VERTEX_POINT('',#5968);
#1826=VERTEX_POINT('',#5972);
#1827=VERTEX_POINT('',#5974);
#1828=VERTEX_POINT('',#5983);
#1829=VERTEX_POINT('',#5984);
#1830=VERTEX_POINT('',#5986);
#1831=VERTEX_POINT('',#5988);
#1832=VERTEX_POINT('',#5997);
#1833=VERTEX_POINT('',#5998);
#1834=VERTEX_POINT('',#6000);
#1835=VERTEX_POINT('',#6004);
#1836=VERTEX_POINT('',#6006);
#1837=VERTEX_POINT('',#6010);
#1838=VERTEX_POINT('',#6017);
#1839=VERTEX_POINT('',#6018);
#1840=VERTEX_POINT('',#6020);
#1841=VERTEX_POINT('',#6024);
#1842=VERTEX_POINT('',#6026);
#1843=VERTEX_POINT('',#6030);
#1844=VERTEX_POINT('',#6037);
#1845=VERTEX_POINT('',#6038);
#1846=VERTEX_POINT('',#6042);
#1847=VERTEX_POINT('',#6044);
#1848=VERTEX_POINT('',#6051);
#1849=VERTEX_POINT('',#6052);
#1850=VERTEX_POINT('',#6054);
#1851=VERTEX_POINT('',#6056);
#1852=VERTEX_POINT('',#6060);
#1853=VERTEX_POINT('',#6061);
#1854=VERTEX_POINT('',#6071);
#1855=VERTEX_POINT('',#6072);
#1856=VERTEX_POINT('',#6074);
#1857=VERTEX_POINT('',#6076);
#1858=VERTEX_POINT('',#6080);
#1859=VERTEX_POINT('',#6082);
#1860=VERTEX_POINT('',#6091);
#1861=VERTEX_POINT('',#6092);
#1862=VERTEX_POINT('',#6094);
#1863=VERTEX_POINT('',#6096);
#1864=VERTEX_POINT('',#6100);
#1865=VERTEX_POINT('',#6102);
#1866=VERTEX_POINT('',#6106);
#1867=VERTEX_POINT('',#6108);
#1868=VERTEX_POINT('',#6112);
#1869=VERTEX_POINT('',#6113);
#1870=VERTEX_POINT('',#6115);
#1871=VERTEX_POINT('',#6117);
#1872=VERTEX_POINT('',#6121);
#1873=VERTEX_POINT('',#6123);
#1874=VERTEX_POINT('',#6127);
#1875=VERTEX_POINT('',#6129);
#1876=VERTEX_POINT('',#6133);
#1877=VERTEX_POINT('',#6135);
#1878=VERTEX_POINT('',#6142);
#1879=VERTEX_POINT('',#6144);
#1880=VERTEX_POINT('',#6150);
#1881=VERTEX_POINT('',#6151);
#1882=VERTEX_POINT('',#6153);
#1883=VERTEX_POINT('',#6155);
#1884=VERTEX_POINT('',#6157);
#1885=VERTEX_POINT('',#6159);
#1886=VERTEX_POINT('',#6161);
#1887=VERTEX_POINT('',#6163);
#1888=VERTEX_POINT('',#6165);
#1889=VERTEX_POINT('',#6167);
#1890=VERTEX_POINT('',#6174);
#1891=VERTEX_POINT('',#6176);
#1892=VERTEX_POINT('',#6180);
#1893=VERTEX_POINT('',#6182);
#1894=VERTEX_POINT('',#6184);
#1895=VERTEX_POINT('',#6186);
#1896=VERTEX_POINT('',#6188);
#1897=VERTEX_POINT('',#6190);
#1898=VERTEX_POINT('',#6192);
#1899=VERTEX_POINT('',#6194);
#1900=VERTEX_POINT('',#6215);
#1901=VERTEX_POINT('',#6216);
#1902=VERTEX_POINT('',#6218);
#1903=VERTEX_POINT('',#6220);
#1904=VERTEX_POINT('',#6224);
#1905=VERTEX_POINT('',#6226);
#1906=VERTEX_POINT('',#6230);
#1907=VERTEX_POINT('',#6232);
#1908=VERTEX_POINT('',#6236);
#1909=VERTEX_POINT('',#6237);
#1910=VERTEX_POINT('',#6239);
#1911=VERTEX_POINT('',#6241);
#1912=VERTEX_POINT('',#6245);
#1913=VERTEX_POINT('',#6247);
#1914=VERTEX_POINT('',#6251);
#1915=VERTEX_POINT('',#6253);
#1916=VERTEX_POINT('',#6257);
#1917=VERTEX_POINT('',#6259);
#1918=VERTEX_POINT('',#6266);
#1919=VERTEX_POINT('',#6268);
#1920=VERTEX_POINT('',#6274);
#1921=VERTEX_POINT('',#6275);
#1922=VERTEX_POINT('',#6277);
#1923=VERTEX_POINT('',#6279);
#1924=VERTEX_POINT('',#6281);
#1925=VERTEX_POINT('',#6283);
#1926=VERTEX_POINT('',#6285);
#1927=VERTEX_POINT('',#6287);
#1928=VERTEX_POINT('',#6289);
#1929=VERTEX_POINT('',#6291);
#1930=VERTEX_POINT('',#6296);
#1931=VERTEX_POINT('',#6298);
#1932=VERTEX_POINT('',#6302);
#1933=VERTEX_POINT('',#6308);
#1934=VERTEX_POINT('',#6310);
#1935=VERTEX_POINT('',#6312);
#1936=VERTEX_POINT('',#6314);
#1937=VERTEX_POINT('',#6316);
#1938=VERTEX_POINT('',#6318);
#1939=VERTEX_POINT('',#6320);
#1940=VERTEX_POINT('',#6339);
#1941=VERTEX_POINT('',#6340);
#1942=VERTEX_POINT('',#6342);
#1943=VERTEX_POINT('',#6344);
#1944=VERTEX_POINT('',#6346);
#1945=VERTEX_POINT('',#6348);
#1946=VERTEX_POINT('',#6350);
#1947=VERTEX_POINT('',#6352);
#1948=VERTEX_POINT('',#6354);
#1949=VERTEX_POINT('',#6356);
#1950=VERTEX_POINT('',#6358);
#1951=VERTEX_POINT('',#6360);
#1952=VERTEX_POINT('',#6364);
#1953=VERTEX_POINT('',#6365);
#1954=VERTEX_POINT('',#6367);
#1955=VERTEX_POINT('',#6369);
#1956=VERTEX_POINT('',#6373);
#1957=VERTEX_POINT('',#6375);
#1958=VERTEX_POINT('',#6379);
#1959=VERTEX_POINT('',#6381);
#1960=VERTEX_POINT('',#6387);
#1961=VERTEX_POINT('',#6389);
#1962=VERTEX_POINT('',#6391);
#1963=VERTEX_POINT('',#6393);
#1964=VERTEX_POINT('',#6397);
#1965=VERTEX_POINT('',#6399);
#1966=VERTEX_POINT('',#6401);
#1967=VERTEX_POINT('',#6403);
#1968=VERTEX_POINT('',#6405);
#1969=VERTEX_POINT('',#6407);
#1970=VERTEX_POINT('',#6409);
#1971=VERTEX_POINT('',#6411);
#1972=VERTEX_POINT('',#6415);
#1973=VERTEX_POINT('',#6416);
#1974=VERTEX_POINT('',#6418);
#1975=VERTEX_POINT('',#6420);
#1976=VERTEX_POINT('',#6422);
#1977=VERTEX_POINT('',#6424);
#1978=VERTEX_POINT('',#6426);
#1979=VERTEX_POINT('',#6428);
#1980=VERTEX_POINT('',#6430);
#1981=VERTEX_POINT('',#6432);
#1982=VERTEX_POINT('',#6434);
#1983=VERTEX_POINT('',#6436);
#1984=VERTEX_POINT('',#6438);
#1985=VERTEX_POINT('',#6440);
#1986=VERTEX_POINT('',#6444);
#1987=VERTEX_POINT('',#6445);
#1988=VERTEX_POINT('',#6447);
#1989=VERTEX_POINT('',#6449);
#1990=VERTEX_POINT('',#6460);
#1991=VERTEX_POINT('',#6462);
#1992=VERTEX_POINT('',#6488);
#1993=VERTEX_POINT('',#6490);
#1994=VERTEX_POINT('',#6494);
#1995=VERTEX_POINT('',#6496);
#1996=VERTEX_POINT('',#6502);
#1997=VERTEX_POINT('',#6503);
#1998=VERTEX_POINT('',#6508);
#1999=VERTEX_POINT('',#6514);
#2000=VERTEX_POINT('',#6515);
#2001=VERTEX_POINT('',#6522);
#2002=VERTEX_POINT('',#6524);
#2003=VERTEX_POINT('',#6528);
#2004=EDGE_CURVE('',#1646,#1647,#1538,.T.);
#2005=EDGE_CURVE('',#1648,#1646,#676,.T.);
#2006=EDGE_CURVE('',#1649,#1648,#1539,.T.);
#2007=EDGE_CURVE('',#1647,#1649,#677,.T.);
#2008=EDGE_CURVE('',#1649,#1650,#678,.F.);
#2009=EDGE_CURVE('',#1650,#1651,#679,.T.);
#2010=EDGE_CURVE('',#1647,#1651,#680,.F.);
#2011=EDGE_CURVE('',#1650,#1648,#681,.F.);
#2012=EDGE_CURVE('',#1651,#1646,#682,.F.);
#2013=EDGE_CURVE('',#1652,#1653,#683,.T.);
#2014=EDGE_CURVE('',#1653,#1654,#684,.T.);
#2015=EDGE_CURVE('',#1655,#1654,#685,.T.);
#2016=EDGE_CURVE('',#1652,#1655,#686,.T.);
#2017=EDGE_CURVE('',#1652,#1656,#1540,.T.);
#2018=EDGE_CURVE('',#1657,#1655,#1541,.T.);
#2019=EDGE_CURVE('',#1656,#1657,#687,.T.);
#2020=EDGE_CURVE('',#1658,#1656,#688,.T.);
#2021=EDGE_CURVE('',#1659,#1657,#689,.T.);
#2022=EDGE_CURVE('',#1658,#1659,#690,.T.);
#2023=EDGE_CURVE('',#1660,#1661,#691,.T.);
#2024=EDGE_CURVE('',#1661,#1662,#692,.T.);
#2025=EDGE_CURVE('',#1663,#1662,#693,.T.);
#2026=EDGE_CURVE('',#1660,#1663,#694,.T.);
#2027=EDGE_CURVE('',#1664,#1660,#695,.T.);
#2028=EDGE_CURVE('',#1665,#1663,#696,.T.);
#2029=EDGE_CURVE('',#1664,#1665,#697,.T.);
#2030=EDGE_CURVE('',#1666,#1664,#698,.T.);
#2031=EDGE_CURVE('',#1667,#1665,#699,.T.);
#2032=EDGE_CURVE('',#1666,#1667,#700,.T.);
#2033=EDGE_CURVE('',#1668,#1666,#701,.T.);
#2034=EDGE_CURVE('',#1669,#1667,#702,.T.);
#2035=EDGE_CURVE('',#1668,#1669,#703,.T.);
#2036=EDGE_CURVE('',#1653,#1668,#704,.T.);
#2037=EDGE_CURVE('',#1654,#1669,#705,.T.);
#2038=EDGE_CURVE('',#1662,#1670,#706,.T.);
#2039=EDGE_CURVE('',#1670,#1671,#1542,.T.);
#2040=EDGE_CURVE('',#1671,#1659,#707,.T.);
#2041=EDGE_CURVE('',#1658,#1661,#1543,.T.);
#2042=EDGE_CURVE('',#1672,#1673,#1544,.T.);
#2043=EDGE_CURVE('',#1673,#1674,#708,.T.);
#2044=EDGE_CURVE('',#1674,#1675,#709,.T.);
#2045=EDGE_CURVE('',#1675,#1676,#1545,.T.);
#2046=EDGE_CURVE('',#1676,#1677,#710,.T.);
#2047=EDGE_CURVE('',#1677,#1678,#711,.T.);
#2048=EDGE_CURVE('',#1678,#1679,#712,.T.);
#2049=EDGE_CURVE('',#1679,#1680,#713,.T.);
#2050=EDGE_CURVE('',#1680,#1681,#1546,.T.);
#2051=EDGE_CURVE('',#1681,#1672,#714,.T.);
#2052=EDGE_CURVE('',#1673,#1670,#715,.T.);
#2053=EDGE_CURVE('',#1661,#1682,#716,.T.);
#2054=EDGE_CURVE('',#1682,#1683,#717,.T.);
#2055=EDGE_CURVE('',#1683,#1674,#718,.T.);
#2056=EDGE_CURVE('',#1658,#1684,#719,.T.);
#2057=EDGE_CURVE('',#1682,#1684,#1547,.T.);
#2058=EDGE_CURVE('',#1671,#1672,#720,.T.);
#2059=EDGE_CURVE('',#1685,#1684,#721,.T.);
#2060=EDGE_CURVE('',#1685,#1686,#1548,.T.);
#2061=EDGE_CURVE('',#1687,#1686,#722,.T.);
#2062=EDGE_CURVE('',#1688,#1687,#723,.T.);
#2063=EDGE_CURVE('',#1688,#1689,#724,.T.);
#2064=EDGE_CURVE('',#1689,#1690,#725,.T.);
#2065=EDGE_CURVE('',#1690,#1691,#1549,.T.);
#2066=EDGE_CURVE('',#1691,#1683,#726,.T.);
#2067=EDGE_CURVE('',#1685,#1681,#727,.T.);
#2068=EDGE_CURVE('',#1686,#1680,#728,.T.);
#2069=EDGE_CURVE('',#1687,#1679,#729,.T.);
#2070=EDGE_CURVE('',#1688,#1678,#730,.T.);
#2071=EDGE_CURVE('',#1689,#1677,#731,.T.);
#2072=EDGE_CURVE('',#1690,#1676,#732,.T.);
#2073=EDGE_CURVE('',#1691,#1675,#733,.T.);
#2074=EDGE_CURVE('',#1692,#1693,#734,.T.);
#2075=EDGE_CURVE('',#1693,#1694,#735,.T.);
#2076=EDGE_CURVE('',#1695,#1694,#736,.T.);
#2077=EDGE_CURVE('',#1692,#1695,#737,.T.);
#2078=EDGE_CURVE('',#1692,#1696,#1550,.T.);
#2079=EDGE_CURVE('',#1697,#1695,#1551,.T.);
#2080=EDGE_CURVE('',#1696,#1697,#738,.T.);
#2081=EDGE_CURVE('',#1698,#1696,#739,.T.);
#2082=EDGE_CURVE('',#1699,#1697,#740,.T.);
#2083=EDGE_CURVE('',#1698,#1699,#741,.T.);
#2084=EDGE_CURVE('',#1700,#1701,#742,.T.);
#2085=EDGE_CURVE('',#1701,#1702,#743,.T.);
#2086=EDGE_CURVE('',#1703,#1702,#744,.T.);
#2087=EDGE_CURVE('',#1700,#1703,#745,.T.);
#2088=EDGE_CURVE('',#1704,#1700,#746,.T.);
#2089=EDGE_CURVE('',#1705,#1703,#747,.T.);
#2090=EDGE_CURVE('',#1704,#1705,#748,.T.);
#2091=EDGE_CURVE('',#1706,#1704,#749,.T.);
#2092=EDGE_CURVE('',#1707,#1705,#750,.T.);
#2093=EDGE_CURVE('',#1706,#1707,#751,.T.);
#2094=EDGE_CURVE('',#1708,#1706,#752,.T.);
#2095=EDGE_CURVE('',#1709,#1707,#753,.T.);
#2096=EDGE_CURVE('',#1708,#1709,#754,.T.);
#2097=EDGE_CURVE('',#1693,#1708,#755,.T.);
#2098=EDGE_CURVE('',#1694,#1709,#756,.T.);
#2099=EDGE_CURVE('',#1702,#1710,#757,.T.);
#2100=EDGE_CURVE('',#1710,#1711,#1552,.T.);
#2101=EDGE_CURVE('',#1711,#1699,#758,.T.);
#2102=EDGE_CURVE('',#1701,#1698,#1553,.T.);
#2103=EDGE_CURVE('',#1712,#1713,#1554,.T.);
#2104=EDGE_CURVE('',#1713,#1714,#759,.T.);
#2105=EDGE_CURVE('',#1714,#1715,#760,.T.);
#2106=EDGE_CURVE('',#1715,#1716,#1555,.T.);
#2107=EDGE_CURVE('',#1716,#1717,#761,.T.);
#2108=EDGE_CURVE('',#1717,#1718,#762,.T.);
#2109=EDGE_CURVE('',#1718,#1719,#763,.T.);
#2110=EDGE_CURVE('',#1719,#1720,#764,.T.);
#2111=EDGE_CURVE('',#1720,#1721,#1556,.T.);
#2112=EDGE_CURVE('',#1721,#1712,#765,.T.);
#2113=EDGE_CURVE('',#1710,#1713,#766,.T.);
#2114=EDGE_CURVE('',#1711,#1712,#767,.T.);
#2115=EDGE_CURVE('',#1698,#1722,#768,.T.);
#2116=EDGE_CURVE('',#1723,#1722,#1557,.T.);
#2117=EDGE_CURVE('',#1701,#1723,#769,.T.);
#2118=EDGE_CURVE('',#1724,#1722,#770,.T.);
#2119=EDGE_CURVE('',#1724,#1725,#1558,.T.);
#2120=EDGE_CURVE('',#1726,#1725,#771,.T.);
#2121=EDGE_CURVE('',#1727,#1726,#772,.T.);
#2122=EDGE_CURVE('',#1727,#1728,#773,.T.);
#2123=EDGE_CURVE('',#1728,#1729,#774,.T.);
#2124=EDGE_CURVE('',#1729,#1730,#1559,.T.);
#2125=EDGE_CURVE('',#1730,#1731,#775,.T.);
#2126=EDGE_CURVE('',#1723,#1731,#776,.T.);
#2127=EDGE_CURVE('',#1724,#1721,#777,.T.);
#2128=EDGE_CURVE('',#1725,#1720,#778,.T.);
#2129=EDGE_CURVE('',#1726,#1719,#779,.T.);
#2130=EDGE_CURVE('',#1727,#1718,#780,.T.);
#2131=EDGE_CURVE('',#1728,#1717,#781,.T.);
#2132=EDGE_CURVE('',#1729,#1716,#782,.T.);
#2133=EDGE_CURVE('',#1730,#1715,#783,.T.);
#2134=EDGE_CURVE('',#1731,#1714,#784,.T.);
#2135=EDGE_CURVE('',#1732,#1733,#785,.T.);
#2136=EDGE_CURVE('',#1733,#1734,#786,.T.);
#2137=EDGE_CURVE('',#1735,#1734,#787,.T.);
#2138=EDGE_CURVE('',#1735,#1732,#788,.T.);
#2139=EDGE_CURVE('',#1736,#1737,#789,.T.);
#2140=EDGE_CURVE('',#1738,#1736,#790,.T.);
#2141=EDGE_CURVE('',#1739,#1738,#791,.T.);
#2142=EDGE_CURVE('',#1737,#1739,#792,.T.);
#2143=EDGE_CURVE('',#1740,#1741,#1560,.T.);
#2144=EDGE_CURVE('',#1741,#1742,#793,.T.);
#2145=EDGE_CURVE('',#1743,#1742,#1561,.T.);
#2146=EDGE_CURVE('',#1744,#1743,#794,.T.);
#2147=EDGE_CURVE('',#1744,#1745,#795,.T.);
#2148=EDGE_CURVE('',#1745,#1746,#796,.T.);
#2149=EDGE_CURVE('',#1747,#1746,#1562,.T.);
#2150=EDGE_CURVE('',#1740,#1747,#797,.T.);
#2151=EDGE_CURVE('',#1742,#1748,#798,.T.);
#2152=EDGE_CURVE('',#1749,#1748,#1563,.T.);
#2153=EDGE_CURVE('',#1743,#1749,#799,.T.);
#2154=EDGE_CURVE('',#1750,#1749,#800,.T.);
#2155=EDGE_CURVE('',#1744,#1750,#801,.T.);
#2156=EDGE_CURVE('',#1751,#1750,#802,.T.);
#2157=EDGE_CURVE('',#1745,#1751,#803,.T.);
#2158=EDGE_CURVE('',#1752,#1751,#804,.T.);
#2159=EDGE_CURVE('',#1746,#1752,#805,.T.);
#2160=EDGE_CURVE('',#1753,#1752,#1564,.T.);
#2161=EDGE_CURVE('',#1747,#1753,#806,.T.);
#2162=EDGE_CURVE('',#1754,#1753,#807,.T.);
#2163=EDGE_CURVE('',#1748,#1755,#808,.T.);
#2164=EDGE_CURVE('',#1755,#1754,#1565,.T.);
#2165=EDGE_CURVE('',#1756,#1755,#809,.T.);
#2166=EDGE_CURVE('',#1741,#1757,#810,.T.);
#2167=EDGE_CURVE('',#1757,#1738,#811,.T.);
#2168=EDGE_CURVE('',#1756,#1736,#812,.T.);
#2169=EDGE_CURVE('',#1754,#1758,#813,.T.);
#2170=EDGE_CURVE('',#1732,#1758,#814,.T.);
#2171=EDGE_CURVE('',#1735,#1759,#815,.T.);
#2172=EDGE_CURVE('',#1740,#1759,#816,.T.);
#2173=EDGE_CURVE('',#1758,#1756,#1566,.T.);
#2174=EDGE_CURVE('',#1737,#1733,#817,.T.);
#2175=EDGE_CURVE('',#1757,#1759,#1567,.T.);
#2176=EDGE_CURVE('',#1734,#1739,#818,.T.);
#2177=EDGE_CURVE('',#1760,#1761,#819,.T.);
#2178=EDGE_CURVE('',#1761,#1762,#820,.T.);
#2179=EDGE_CURVE('',#1763,#1762,#821,.T.);
#2180=EDGE_CURVE('',#1763,#1760,#822,.T.);
#2181=EDGE_CURVE('',#1764,#1765,#823,.T.);
#2182=EDGE_CURVE('',#1766,#1764,#824,.T.);
#2183=EDGE_CURVE('',#1767,#1766,#825,.T.);
#2184=EDGE_CURVE('',#1765,#1767,#826,.T.);
#2185=EDGE_CURVE('',#1768,#1769,#1568,.T.);
#2186=EDGE_CURVE('',#1769,#1770,#827,.T.);
#2187=EDGE_CURVE('',#1771,#1770,#1569,.T.);
#2188=EDGE_CURVE('',#1768,#1771,#828,.T.);
#2189=EDGE_CURVE('',#1772,#1768,#829,.T.);
#2190=EDGE_CURVE('',#1773,#1771,#830,.T.);
#2191=EDGE_CURVE('',#1772,#1773,#831,.T.);
#2192=EDGE_CURVE('',#1772,#1774,#832,.T.);
#2193=EDGE_CURVE('',#1775,#1773,#833,.T.);
#2194=EDGE_CURVE('',#1774,#1775,#834,.T.);
#2195=EDGE_CURVE('',#1774,#1776,#835,.T.);
#2196=EDGE_CURVE('',#1777,#1775,#836,.T.);
#2197=EDGE_CURVE('',#1776,#1777,#837,.T.);
#2198=EDGE_CURVE('',#1778,#1776,#838,.T.);
#2199=EDGE_CURVE('',#1779,#1777,#839,.T.);
#2200=EDGE_CURVE('',#1778,#1779,#840,.T.);
#2201=EDGE_CURVE('',#1780,#1778,#841,.T.);
#2202=EDGE_CURVE('',#1781,#1779,#842,.T.);
#2203=EDGE_CURVE('',#1780,#1781,#843,.T.);
#2204=EDGE_CURVE('',#1782,#1780,#844,.T.);
#2205=EDGE_CURVE('',#1783,#1781,#845,.T.);
#2206=EDGE_CURVE('',#1782,#1783,#846,.T.);
#2207=EDGE_CURVE('',#1782,#1784,#847,.T.);
#2208=EDGE_CURVE('',#1785,#1783,#848,.T.);
#2209=EDGE_CURVE('',#1784,#1785,#849,.T.);
#2210=EDGE_CURVE('',#1786,#1784,#1570,.T.);
#2211=EDGE_CURVE('',#1787,#1785,#1571,.T.);
#2212=EDGE_CURVE('',#1786,#1787,#850,.T.);
#2213=EDGE_CURVE('',#1770,#1788,#851,.T.);
#2214=EDGE_CURVE('',#1788,#1789,#1572,.T.);
#2215=EDGE_CURVE('',#1789,#1787,#852,.T.);
#2216=EDGE_CURVE('',#1790,#1791,#1573,.T.);
#2217=EDGE_CURVE('',#1769,#1790,#853,.T.);
#2218=EDGE_CURVE('',#1791,#1786,#854,.T.);
#2219=EDGE_CURVE('',#1789,#1792,#855,.T.);
#2220=EDGE_CURVE('',#1792,#1760,#856,.T.);
#2221=EDGE_CURVE('',#1793,#1763,#857,.T.);
#2222=EDGE_CURVE('',#1791,#1793,#858,.T.);
#2223=EDGE_CURVE('',#1792,#1794,#1574,.T.);
#2224=EDGE_CURVE('',#1764,#1794,#859,.T.);
#2225=EDGE_CURVE('',#1765,#1761,#860,.T.);
#2226=EDGE_CURVE('',#1795,#1793,#1575,.T.);
#2227=EDGE_CURVE('',#1790,#1795,#861,.T.);
#2228=EDGE_CURVE('',#1794,#1788,#862,.T.);
#2229=EDGE_CURVE('',#1767,#1762,#863,.T.);
#2230=EDGE_CURVE('',#1766,#1795,#864,.T.);
#2231=EDGE_CURVE('',#1796,#1797,#1576,.T.);
#2232=EDGE_CURVE('',#1797,#1798,#865,.T.);
#2233=EDGE_CURVE('',#1798,#1799,#1577,.T.);
#2234=EDGE_CURVE('',#1796,#1799,#866,.T.);
#2235=EDGE_CURVE('',#1800,#1797,#867,.T.);
#2236=EDGE_CURVE('',#1800,#1801,#868,.T.);
#2237=EDGE_CURVE('',#1801,#1798,#869,.T.);
#2238=EDGE_CURVE('',#1802,#1800,#1578,.T.);
#2239=EDGE_CURVE('',#1802,#1803,#870,.T.);
#2240=EDGE_CURVE('',#1803,#1801,#1579,.T.);
#2241=EDGE_CURVE('',#1796,#1802,#871,.T.);
#2242=EDGE_CURVE('',#1799,#1803,#872,.T.);
#2243=EDGE_CURVE('',#1804,#1805,#873,.T.);
#2244=EDGE_CURVE('',#1804,#1806,#874,.T.);
#2245=EDGE_CURVE('',#1806,#1807,#875,.T.);
#2246=EDGE_CURVE('',#1805,#1807,#876,.T.);
#2247=EDGE_CURVE('',#1808,#1804,#1580,.T.);
#2248=EDGE_CURVE('',#1808,#1809,#877,.T.);
#2249=EDGE_CURVE('',#1809,#1806,#1581,.T.);
#2250=EDGE_CURVE('',#1810,#1808,#878,.T.);
#2251=EDGE_CURVE('',#1810,#1811,#879,.T.);
#2252=EDGE_CURVE('',#1811,#1809,#880,.T.);
#2253=EDGE_CURVE('',#1810,#1805,#1582,.T.);
#2254=EDGE_CURVE('',#1807,#1811,#1583,.T.);
#2255=EDGE_CURVE('',#1812,#1813,#1584,.T.);
#2256=EDGE_CURVE('',#1813,#1814,#881,.T.);
#2257=EDGE_CURVE('',#1814,#1815,#1585,.T.);
#2258=EDGE_CURVE('',#1812,#1815,#882,.T.);
#2259=EDGE_CURVE('',#1816,#1813,#883,.T.);
#2260=EDGE_CURVE('',#1816,#1817,#884,.T.);
#2261=EDGE_CURVE('',#1817,#1814,#885,.T.);
#2262=EDGE_CURVE('',#1818,#1816,#1586,.T.);
#2263=EDGE_CURVE('',#1818,#1819,#886,.T.);
#2264=EDGE_CURVE('',#1819,#1817,#1587,.T.);
#2265=EDGE_CURVE('',#1812,#1818,#887,.T.);
#2266=EDGE_CURVE('',#1815,#1819,#888,.T.);
#2267=EDGE_CURVE('',#1820,#1821,#889,.T.);
#2268=EDGE_CURVE('',#1820,#1822,#890,.T.);
#2269=EDGE_CURVE('',#1822,#1823,#891,.T.);
#2270=EDGE_CURVE('',#1821,#1823,#892,.T.);
#2271=EDGE_CURVE('',#1824,#1820,#1588,.T.);
#2272=EDGE_CURVE('',#1824,#1825,#893,.T.);
#2273=EDGE_CURVE('',#1825,#1822,#1589,.T.);
#2274=EDGE_CURVE('',#1826,#1824,#894,.T.);
#2275=EDGE_CURVE('',#1826,#1827,#895,.T.);
#2276=EDGE_CURVE('',#1827,#1825,#896,.T.);
#2277=EDGE_CURVE('',#1826,#1821,#1590,.T.);
#2278=EDGE_CURVE('',#1823,#1827,#1591,.T.);
#2279=EDGE_CURVE('',#1828,#1829,#897,.T.);
#2280=EDGE_CURVE('',#1830,#1829,#898,.F.);
#2281=EDGE_CURVE('',#1830,#1831,#899,.T.);
#2282=EDGE_CURVE('',#1831,#1828,#900,.F.);
#2283=EDGE_CURVE('',#1831,#1828,#1592,.T.);
#2284=EDGE_CURVE('',#1829,#1830,#1593,.T.);
#2285=EDGE_CURVE('',#1832,#1833,#1594,.T.);
#2286=EDGE_CURVE('',#1833,#1834,#901,.F.);
#2287=EDGE_CURVE('',#1834,#1832,#902,.F.);
#2288=EDGE_CURVE('',#1835,#1832,#903,.T.);
#2289=EDGE_CURVE('',#1836,#1834,#904,.F.);
#2290=EDGE_CURVE('',#1836,#1835,#905,.F.);
#2291=EDGE_CURVE('',#1837,#1835,#1595,.T.);
#2292=EDGE_CURVE('',#1837,#1836,#906,.F.);
#2293=EDGE_CURVE('',#1833,#1837,#907,.T.);
#2294=EDGE_CURVE('',#1838,#1839,#1596,.T.);
#2295=EDGE_CURVE('',#1839,#1840,#908,.F.);
#2296=EDGE_CURVE('',#1840,#1838,#909,.F.);
#2297=EDGE_CURVE('',#1841,#1838,#910,.T.);
#2298=EDGE_CURVE('',#1842,#1840,#911,.F.);
#2299=EDGE_CURVE('',#1842,#1841,#912,.F.);
#2300=EDGE_CURVE('',#1843,#1841,#1597,.T.);
#2301=EDGE_CURVE('',#1843,#1842,#913,.F.);
#2302=EDGE_CURVE('',#1839,#1843,#914,.T.);
#2303=EDGE_CURVE('',#1844,#1845,#1598,.T.);
#2304=EDGE_CURVE('',#1844,#1845,#915,.F.);
#2305=EDGE_CURVE('',#1845,#1846,#916,.T.);
#2306=EDGE_CURVE('',#1847,#1846,#917,.F.);
#2307=EDGE_CURVE('',#1847,#1844,#918,.T.);
#2308=EDGE_CURVE('',#1846,#1847,#1599,.T.);
#2309=EDGE_CURVE('',#1848,#1849,#919,.T.);
#2310=EDGE_CURVE('',#1849,#1850,#920,.F.);
#2311=EDGE_CURVE('',#1850,#1851,#921,.F.);
#2312=EDGE_CURVE('',#1848,#1851,#922,.F.);
#2313=EDGE_CURVE('',#1852,#1853,#923,.T.);
#2314=EDGE_CURVE('',#1851,#1853,#924,.F.);
#2315=EDGE_CURVE('',#1850,#1852,#925,.F.);
#2316=EDGE_CURVE('',#1849,#1852,#1600,.T.);
#2317=EDGE_CURVE('',#1853,#1848,#1601,.T.);
#2318=EDGE_CURVE('',#1854,#1855,#926,.T.);
#2319=EDGE_CURVE('',#1854,#1856,#927,.T.);
#2320=EDGE_CURVE('',#1857,#1856,#928,.T.);
#2321=EDGE_CURVE('',#1855,#1857,#929,.T.);
#2322=EDGE_CURVE('',#1855,#1858,#930,.T.);
#2323=EDGE_CURVE('',#1859,#1857,#931,.T.);
#2324=EDGE_CURVE('',#1858,#1859,#932,.T.);
#2325=EDGE_CURVE('',#1854,#1858,#933,.T.);
#2326=EDGE_CURVE('',#1856,#1859,#934,.T.);
#2327=EDGE_CURVE('',#1860,#1861,#935,.T.);
#2328=EDGE_CURVE('',#1860,#1862,#936,.T.);
#2329=EDGE_CURVE('',#1862,#1863,#937,.T.);
#2330=EDGE_CURVE('',#1861,#1863,#938,.T.);
#2331=EDGE_CURVE('',#1860,#1864,#1602,.T.);
#2332=EDGE_CURVE('',#1864,#1865,#939,.T.);
#2333=EDGE_CURVE('',#1865,#1862,#1603,.T.);
#2334=EDGE_CURVE('',#1866,#1864,#940,.T.);
#2335=EDGE_CURVE('',#1866,#1867,#941,.T.);
#2336=EDGE_CURVE('',#1867,#1865,#942,.T.);
#2337=EDGE_CURVE('',#1868,#1869,#943,.T.);
#2338=EDGE_CURVE('',#1868,#1870,#944,.T.);
#2339=EDGE_CURVE('',#1870,#1871,#945,.T.);
#2340=EDGE_CURVE('',#1869,#1871,#946,.T.);
#2341=EDGE_CURVE('',#1872,#1868,#947,.T.);
#2342=EDGE_CURVE('',#1872,#1873,#948,.T.);
#2343=EDGE_CURVE('',#1873,#1870,#949,.T.);
#2344=EDGE_CURVE('',#1874,#1872,#950,.T.);
#2345=EDGE_CURVE('',#1874,#1875,#951,.T.);
#2346=EDGE_CURVE('',#1875,#1873,#952,.T.);
#2347=EDGE_CURVE('',#1876,#1874,#953,.T.);
#2348=EDGE_CURVE('',#1876,#1877,#954,.T.);
#2349=EDGE_CURVE('',#1877,#1875,#955,.T.);
#2350=EDGE_CURVE('',#1861,#1876,#956,.T.);
#2351=EDGE_CURVE('',#1863,#1877,#957,.T.);
#2352=EDGE_CURVE('',#1878,#1867,#958,.T.);
#2353=EDGE_CURVE('',#1879,#1878,#1604,.T.);
#2354=EDGE_CURVE('',#1871,#1879,#959,.T.);
#2355=EDGE_CURVE('',#1869,#1866,#1605,.T.);
#2356=EDGE_CURVE('',#1880,#1881,#1606,.T.);
#2357=EDGE_CURVE('',#1882,#1880,#960,.T.);
#2358=EDGE_CURVE('',#1883,#1882,#1607,.T.);
#2359=EDGE_CURVE('',#1884,#1883,#961,.T.);
#2360=EDGE_CURVE('',#1885,#1884,#962,.T.);
#2361=EDGE_CURVE('',#1886,#1885,#963,.T.);
#2362=EDGE_CURVE('',#1887,#1886,#964,.T.);
#2363=EDGE_CURVE('',#1888,#1887,#1608,.T.);
#2364=EDGE_CURVE('',#1889,#1888,#965,.T.);
#2365=EDGE_CURVE('',#1881,#1889,#966,.T.);
#2366=EDGE_CURVE('',#1879,#1881,#967,.T.);
#2367=EDGE_CURVE('',#1878,#1880,#968,.T.);
#2368=EDGE_CURVE('',#1869,#1890,#969,.T.);
#2369=EDGE_CURVE('',#1890,#1891,#1609,.T.);
#2370=EDGE_CURVE('',#1866,#1891,#970,.T.);
#2371=EDGE_CURVE('',#1890,#1892,#971,.T.);
#2372=EDGE_CURVE('',#1893,#1892,#972,.T.);
#2373=EDGE_CURVE('',#1894,#1893,#1610,.T.);
#2374=EDGE_CURVE('',#1895,#1894,#973,.T.);
#2375=EDGE_CURVE('',#1896,#1895,#974,.T.);
#2376=EDGE_CURVE('',#1896,#1897,#975,.T.);
#2377=EDGE_CURVE('',#1897,#1898,#976,.T.);
#2378=EDGE_CURVE('',#1899,#1898,#1611,.T.);
#2379=EDGE_CURVE('',#1899,#1891,#977,.T.);
#2380=EDGE_CURVE('',#1899,#1882,#978,.T.);
#2381=EDGE_CURVE('',#1898,#1883,#979,.T.);
#2382=EDGE_CURVE('',#1897,#1884,#980,.T.);
#2383=EDGE_CURVE('',#1896,#1885,#981,.T.);
#2384=EDGE_CURVE('',#1895,#1886,#982,.T.);
#2385=EDGE_CURVE('',#1894,#1887,#983,.T.);
#2386=EDGE_CURVE('',#1893,#1888,#984,.T.);
#2387=EDGE_CURVE('',#1892,#1889,#985,.T.);
#2388=EDGE_CURVE('',#1900,#1901,#986,.T.);
#2389=EDGE_CURVE('',#1900,#1902,#987,.T.);
#2390=EDGE_CURVE('',#1902,#1903,#988,.T.);
#2391=EDGE_CURVE('',#1901,#1903,#989,.T.);
#2392=EDGE_CURVE('',#1900,#1904,#1612,.T.);
#2393=EDGE_CURVE('',#1904,#1905,#990,.T.);
#2394=EDGE_CURVE('',#1905,#1902,#1613,.T.);
#2395=EDGE_CURVE('',#1906,#1904,#991,.T.);
#2396=EDGE_CURVE('',#1906,#1907,#992,.T.);
#2397=EDGE_CURVE('',#1907,#1905,#993,.T.);
#2398=EDGE_CURVE('',#1908,#1909,#994,.T.);
#2399=EDGE_CURVE('',#1908,#1910,#995,.T.);
#2400=EDGE_CURVE('',#1910,#1911,#996,.T.);
#2401=EDGE_CURVE('',#1909,#1911,#997,.T.);
#2402=EDGE_CURVE('',#1912,#1908,#998,.T.);
#2403=EDGE_CURVE('',#1912,#1913,#999,.T.);
#2404=EDGE_CURVE('',#1913,#1910,#1000,.T.);
#2405=EDGE_CURVE('',#1914,#1912,#1001,.T.);
#2406=EDGE_CURVE('',#1914,#1915,#1002,.T.);
#2407=EDGE_CURVE('',#1915,#1913,#1003,.T.);
#2408=EDGE_CURVE('',#1916,#1914,#1004,.T.);
#2409=EDGE_CURVE('',#1916,#1917,#1005,.T.);
#2410=EDGE_CURVE('',#1917,#1915,#1006,.T.);
#2411=EDGE_CURVE('',#1901,#1916,#1007,.T.);
#2412=EDGE_CURVE('',#1903,#1917,#1008,.T.);
#2413=EDGE_CURVE('',#1918,#1907,#1009,.T.);
#2414=EDGE_CURVE('',#1919,#1918,#1614,.T.);
#2415=EDGE_CURVE('',#1911,#1919,#1010,.T.);
#2416=EDGE_CURVE('',#1906,#1909,#1615,.T.);
#2417=EDGE_CURVE('',#1920,#1921,#1616,.T.);
#2418=EDGE_CURVE('',#1922,#1920,#1011,.T.);
#2419=EDGE_CURVE('',#1923,#1922,#1617,.T.);
#2420=EDGE_CURVE('',#1924,#1923,#1012,.T.);
#2421=EDGE_CURVE('',#1925,#1924,#1013,.T.);
#2422=EDGE_CURVE('',#1926,#1925,#1014,.T.);
#2423=EDGE_CURVE('',#1927,#1926,#1015,.T.);
#2424=EDGE_CURVE('',#1928,#1927,#1618,.T.);
#2425=EDGE_CURVE('',#1929,#1928,#1016,.T.);
#2426=EDGE_CURVE('',#1921,#1929,#1017,.T.);
#2427=EDGE_CURVE('',#1921,#1919,#1018,.T.);
#2428=EDGE_CURVE('',#1930,#1929,#1019,.T.);
#2429=EDGE_CURVE('',#1931,#1930,#1020,.T.);
#2430=EDGE_CURVE('',#1909,#1931,#1021,.T.);
#2431=EDGE_CURVE('',#1931,#1932,#1619,.T.);
#2432=EDGE_CURVE('',#1906,#1932,#1022,.T.);
#2433=EDGE_CURVE('',#1918,#1920,#1023,.T.);
#2434=EDGE_CURVE('',#1933,#1930,#1024,.T.);
#2435=EDGE_CURVE('',#1934,#1933,#1620,.T.);
#2436=EDGE_CURVE('',#1935,#1934,#1025,.T.);
#2437=EDGE_CURVE('',#1936,#1935,#1026,.T.);
#2438=EDGE_CURVE('',#1936,#1937,#1027,.T.);
#2439=EDGE_CURVE('',#1937,#1938,#1028,.T.);
#2440=EDGE_CURVE('',#1939,#1938,#1621,.T.);
#2441=EDGE_CURVE('',#1939,#1932,#1029,.T.);
#2442=EDGE_CURVE('',#1939,#1922,#1030,.T.);
#2443=EDGE_CURVE('',#1938,#1923,#1031,.T.);
#2444=EDGE_CURVE('',#1937,#1924,#1032,.T.);
#2445=EDGE_CURVE('',#1936,#1925,#1033,.T.);
#2446=EDGE_CURVE('',#1935,#1926,#1034,.T.);
#2447=EDGE_CURVE('',#1934,#1927,#1035,.T.);
#2448=EDGE_CURVE('',#1933,#1928,#1036,.T.);
#2449=EDGE_CURVE('',#1940,#1941,#1037,.F.);
#2450=EDGE_CURVE('',#1940,#1942,#1622,.T.);
#2451=EDGE_CURVE('',#1943,#1942,#1038,.F.);
#2452=EDGE_CURVE('',#1943,#1944,#1623,.T.);
#2453=EDGE_CURVE('',#1945,#1944,#1039,.F.);
#2454=EDGE_CURVE('',#1945,#1946,#1624,.T.);
#2455=EDGE_CURVE('',#1947,#1946,#1040,.F.);
#2456=EDGE_CURVE('',#1947,#1948,#1625,.T.);
#2457=EDGE_CURVE('',#1949,#1948,#1041,.F.);
#2458=EDGE_CURVE('',#1949,#1950,#1626,.T.);
#2459=EDGE_CURVE('',#1951,#1950,#1042,.F.);
#2460=EDGE_CURVE('',#1951,#1941,#1627,.T.);
#2461=EDGE_CURVE('',#1952,#1953,#1043,.T.);
#2462=EDGE_CURVE('',#1954,#1952,#1044,.T.);
#2463=EDGE_CURVE('',#1955,#1954,#1045,.T.);
#2464=EDGE_CURVE('',#1953,#1955,#1046,.T.);
#2465=EDGE_CURVE('',#1953,#1956,#1047,.T.);
#2466=EDGE_CURVE('',#1957,#1955,#1048,.T.);
#2467=EDGE_CURVE('',#1956,#1957,#1049,.T.);
#2468=EDGE_CURVE('',#1958,#1952,#1050,.T.);
#2469=EDGE_CURVE('',#1958,#1959,#1051,.T.);
#2470=EDGE_CURVE('',#1959,#1954,#1052,.T.);
#2471=EDGE_CURVE('',#1957,#1959,#1053,.T.);
#2472=EDGE_CURVE('',#1960,#1956,#1054,.T.);
#2473=EDGE_CURVE('',#1961,#1960,#1055,.T.);
#2474=EDGE_CURVE('',#1962,#1961,#1056,.T.);
#2475=EDGE_CURVE('',#1963,#1962,#1057,.T.);
#2476=EDGE_CURVE('',#1958,#1963,#1058,.T.);
#2477=EDGE_CURVE('',#1963,#1964,#17,.T.);
#2478=EDGE_CURVE('',#1964,#1965,#1059,.T.);
#2479=EDGE_CURVE('',#1965,#1966,#1628,.T.);
#2480=EDGE_CURVE('',#1966,#1967,#1060,.F.);
#2481=EDGE_CURVE('',#1967,#1968,#1629,.T.);
#2482=EDGE_CURVE('',#1968,#1969,#1061,.F.);
#2483=EDGE_CURVE('',#1969,#1970,#1630,.T.);
#2484=EDGE_CURVE('',#1970,#1971,#1062,.F.);
#2485=EDGE_CURVE('',#1960,#1971,#18,.F.);
#2486=EDGE_CURVE('',#1972,#1973,#1063,.T.);
#2487=EDGE_CURVE('',#1973,#1974,#19,.T.);
#2488=EDGE_CURVE('',#1974,#1975,#1064,.F.);
#2489=EDGE_CURVE('',#1975,#1976,#1631,.T.);
#2490=EDGE_CURVE('',#1976,#1977,#1065,.F.);
#2491=EDGE_CURVE('',#1977,#1978,#1632,.T.);
#2492=EDGE_CURVE('',#1978,#1979,#1066,.F.);
#2493=EDGE_CURVE('',#1979,#1980,#1633,.T.);
#2494=EDGE_CURVE('',#1980,#1981,#1067,.T.);
#2495=EDGE_CURVE('',#1982,#1981,#20,.F.);
#2496=EDGE_CURVE('',#1982,#1983,#1068,.T.);
#2497=EDGE_CURVE('',#1984,#1983,#1069,.T.);
#2498=EDGE_CURVE('',#1985,#1984,#1070,.T.);
#2499=EDGE_CURVE('',#1985,#1972,#1071,.T.);
#2500=EDGE_CURVE('',#1986,#1987,#1072,.T.);
#2501=EDGE_CURVE('',#1988,#1986,#1073,.T.);
#2502=EDGE_CURVE('',#1989,#1988,#1074,.T.);
#2503=EDGE_CURVE('',#1987,#1989,#1075,.T.);
#2504=EDGE_CURVE('',#1987,#1983,#1076,.T.);
#2505=EDGE_CURVE('',#1984,#1989,#1077,.T.);
#2506=EDGE_CURVE('',#1972,#1986,#1078,.T.);
#2507=EDGE_CURVE('',#1985,#1988,#1079,.T.);
#2508=EDGE_CURVE('',#1990,#1982,#1080,.T.);
#2509=EDGE_CURVE('',#1991,#1990,#1081,.T.);
#2510=EDGE_CURVE('',#1973,#1991,#1082,.T.);
#2511=EDGE_CURVE('',#1966,#1945,#1083,.T.);
#2512=EDGE_CURVE('',#1946,#1965,#1084,.T.);
#2513=EDGE_CURVE('',#1944,#1967,#1085,.T.);
#2514=EDGE_CURVE('',#1968,#1943,#1086,.T.);
#2515=EDGE_CURVE('',#1942,#1969,#1087,.T.);
#2516=EDGE_CURVE('',#1970,#1940,#1088,.T.);
#2517=EDGE_CURVE('',#1976,#1951,#1089,.T.);
#2518=EDGE_CURVE('',#1941,#1975,#1090,.T.);
#2519=EDGE_CURVE('',#1950,#1977,#1091,.T.);
#2520=EDGE_CURVE('',#1978,#1949,#1092,.T.);
#2521=EDGE_CURVE('',#1948,#1979,#1093,.T.);
#2522=EDGE_CURVE('',#1980,#1947,#1094,.T.);
#2523=EDGE_CURVE('',#1992,#1964,#21,.T.);
#2524=EDGE_CURVE('',#1993,#1992,#1095,.F.);
#2525=EDGE_CURVE('',#1981,#1993,#22,.T.);
#2526=EDGE_CURVE('',#1990,#1994,#1634,.F.);
#2527=EDGE_CURVE('',#1995,#1990,#1635,.F.);
#2528=EDGE_CURVE('',#1994,#1995,#1636,.F.);
#2529=EDGE_CURVE('',#1993,#1995,#1096,.T.);
#2530=EDGE_CURVE('',#1996,#1997,#1637,.F.);
#2531=EDGE_CURVE('',#1991,#1996,#1638,.F.);
#2532=EDGE_CURVE('',#1997,#1991,#1639,.F.);
#2533=EDGE_CURVE('',#1998,#1974,#23,.T.);
#2534=EDGE_CURVE('',#1996,#1998,#1097,.T.);
#2535=EDGE_CURVE('',#1994,#1997,#1098,.T.);
#2536=EDGE_CURVE('',#1999,#2000,#1640,.F.);
#2537=EDGE_CURVE('',#1962,#1999,#1641,.F.);
#2538=EDGE_CURVE('',#2000,#1962,#1642,.F.);
#2539=EDGE_CURVE('',#1999,#1992,#1099,.T.);
#2540=EDGE_CURVE('',#1961,#2001,#1643,.F.);
#2541=EDGE_CURVE('',#2002,#1961,#1644,.F.);
#2542=EDGE_CURVE('',#2001,#2002,#1645,.F.);
#2543=EDGE_CURVE('',#1971,#2003,#24,.T.);
#2544=EDGE_CURVE('',#2003,#2002,#1100,.T.);
#2545=EDGE_CURVE('',#2002,#1996,#1101,.T.);
#2546=EDGE_CURVE('',#1997,#2001,#1102,.T.);
#2547=EDGE_CURVE('',#2001,#2000,#1103,.T.);
#2548=EDGE_CURVE('',#1995,#1999,#1104,.T.);
#2549=EDGE_CURVE('',#2000,#1994,#1105,.T.);
#2550=EDGE_CURVE('',#2003,#1998,#1106,.F.);
#2551=ORIENTED_EDGE('',*,*,#2004,.F.);
#2552=ORIENTED_EDGE('',*,*,#2005,.F.);
#2553=ORIENTED_EDGE('',*,*,#2006,.F.);
#2554=ORIENTED_EDGE('',*,*,#2007,.F.);
#2555=ORIENTED_EDGE('',*,*,#2007,.T.);
#2556=ORIENTED_EDGE('',*,*,#2008,.T.);
#2557=ORIENTED_EDGE('',*,*,#2009,.T.);
#2558=ORIENTED_EDGE('',*,*,#2010,.F.);
#2559=ORIENTED_EDGE('',*,*,#2006,.T.);
#2560=ORIENTED_EDGE('',*,*,#2011,.F.);
#2561=ORIENTED_EDGE('',*,*,#2008,.F.);
#2562=ORIENTED_EDGE('',*,*,#2005,.T.);
#2563=ORIENTED_EDGE('',*,*,#2012,.F.);
#2564=ORIENTED_EDGE('',*,*,#2009,.F.);
#2565=ORIENTED_EDGE('',*,*,#2011,.T.);
#2566=ORIENTED_EDGE('',*,*,#2004,.T.);
#2567=ORIENTED_EDGE('',*,*,#2010,.T.);
#2568=ORIENTED_EDGE('',*,*,#2012,.T.);
#2569=ORIENTED_EDGE('',*,*,#2013,.T.);
#2570=ORIENTED_EDGE('',*,*,#2014,.T.);
#2571=ORIENTED_EDGE('',*,*,#2015,.F.);
#2572=ORIENTED_EDGE('',*,*,#2016,.F.);
#2573=ORIENTED_EDGE('',*,*,#2017,.F.);
#2574=ORIENTED_EDGE('',*,*,#2016,.T.);
#2575=ORIENTED_EDGE('',*,*,#2018,.F.);
#2576=ORIENTED_EDGE('',*,*,#2019,.F.);
#2577=ORIENTED_EDGE('',*,*,#2020,.T.);
#2578=ORIENTED_EDGE('',*,*,#2019,.T.);
#2579=ORIENTED_EDGE('',*,*,#2021,.F.);
#2580=ORIENTED_EDGE('',*,*,#2022,.F.);
#2581=ORIENTED_EDGE('',*,*,#2023,.T.);
#2582=ORIENTED_EDGE('',*,*,#2024,.T.);
#2583=ORIENTED_EDGE('',*,*,#2025,.F.);
#2584=ORIENTED_EDGE('',*,*,#2026,.F.);
#2585=ORIENTED_EDGE('',*,*,#2027,.T.);
#2586=ORIENTED_EDGE('',*,*,#2026,.T.);
#2587=ORIENTED_EDGE('',*,*,#2028,.F.);
#2588=ORIENTED_EDGE('',*,*,#2029,.F.);
#2589=ORIENTED_EDGE('',*,*,#2030,.T.);
#2590=ORIENTED_EDGE('',*,*,#2029,.T.);
#2591=ORIENTED_EDGE('',*,*,#2031,.F.);
#2592=ORIENTED_EDGE('',*,*,#2032,.F.);
#2593=ORIENTED_EDGE('',*,*,#2033,.T.);
#2594=ORIENTED_EDGE('',*,*,#2032,.T.);
#2595=ORIENTED_EDGE('',*,*,#2034,.F.);
#2596=ORIENTED_EDGE('',*,*,#2035,.F.);
#2597=ORIENTED_EDGE('',*,*,#2036,.T.);
#2598=ORIENTED_EDGE('',*,*,#2035,.T.);
#2599=ORIENTED_EDGE('',*,*,#2037,.F.);
#2600=ORIENTED_EDGE('',*,*,#2014,.F.);
#2601=ORIENTED_EDGE('',*,*,#2037,.T.);
#2602=ORIENTED_EDGE('',*,*,#2034,.T.);
#2603=ORIENTED_EDGE('',*,*,#2031,.T.);
#2604=ORIENTED_EDGE('',*,*,#2028,.T.);
#2605=ORIENTED_EDGE('',*,*,#2025,.T.);
#2606=ORIENTED_EDGE('',*,*,#2038,.T.);
#2607=ORIENTED_EDGE('',*,*,#2039,.T.);
#2608=ORIENTED_EDGE('',*,*,#2040,.T.);
#2609=ORIENTED_EDGE('',*,*,#2021,.T.);
#2610=ORIENTED_EDGE('',*,*,#2018,.T.);
#2611=ORIENTED_EDGE('',*,*,#2015,.T.);
#2612=ORIENTED_EDGE('',*,*,#2041,.T.);
#2613=ORIENTED_EDGE('',*,*,#2023,.F.);
#2614=ORIENTED_EDGE('',*,*,#2027,.F.);
#2615=ORIENTED_EDGE('',*,*,#2030,.F.);
#2616=ORIENTED_EDGE('',*,*,#2033,.F.);
#2617=ORIENTED_EDGE('',*,*,#2036,.F.);
#2618=ORIENTED_EDGE('',*,*,#2013,.F.);
#2619=ORIENTED_EDGE('',*,*,#2017,.T.);
#2620=ORIENTED_EDGE('',*,*,#2020,.F.);
#2621=ORIENTED_EDGE('',*,*,#2042,.T.);
#2622=ORIENTED_EDGE('',*,*,#2043,.T.);
#2623=ORIENTED_EDGE('',*,*,#2044,.T.);
#2624=ORIENTED_EDGE('',*,*,#2045,.T.);
#2625=ORIENTED_EDGE('',*,*,#2046,.T.);
#2626=ORIENTED_EDGE('',*,*,#2047,.T.);
#2627=ORIENTED_EDGE('',*,*,#2048,.T.);
#2628=ORIENTED_EDGE('',*,*,#2049,.T.);
#2629=ORIENTED_EDGE('',*,*,#2050,.T.);
#2630=ORIENTED_EDGE('',*,*,#2051,.T.);
#2631=ORIENTED_EDGE('',*,*,#2052,.T.);
#2632=ORIENTED_EDGE('',*,*,#2038,.F.);
#2633=ORIENTED_EDGE('',*,*,#2024,.F.);
#2634=ORIENTED_EDGE('',*,*,#2053,.T.);
#2635=ORIENTED_EDGE('',*,*,#2054,.T.);
#2636=ORIENTED_EDGE('',*,*,#2055,.T.);
#2637=ORIENTED_EDGE('',*,*,#2043,.F.);
#2638=ORIENTED_EDGE('',*,*,#2041,.F.);
#2639=ORIENTED_EDGE('',*,*,#2056,.T.);
#2640=ORIENTED_EDGE('',*,*,#2057,.F.);
#2641=ORIENTED_EDGE('',*,*,#2053,.F.);
#2642=ORIENTED_EDGE('',*,*,#2052,.F.);
#2643=ORIENTED_EDGE('',*,*,#2042,.F.);
#2644=ORIENTED_EDGE('',*,*,#2058,.F.);
#2645=ORIENTED_EDGE('',*,*,#2039,.F.);
#2646=ORIENTED_EDGE('',*,*,#2057,.T.);
#2647=ORIENTED_EDGE('',*,*,#2059,.F.);
#2648=ORIENTED_EDGE('',*,*,#2060,.T.);
#2649=ORIENTED_EDGE('',*,*,#2061,.F.);
#2650=ORIENTED_EDGE('',*,*,#2062,.F.);
#2651=ORIENTED_EDGE('',*,*,#2063,.T.);
#2652=ORIENTED_EDGE('',*,*,#2064,.T.);
#2653=ORIENTED_EDGE('',*,*,#2065,.T.);
#2654=ORIENTED_EDGE('',*,*,#2066,.T.);
#2655=ORIENTED_EDGE('',*,*,#2054,.F.);
#2656=ORIENTED_EDGE('',*,*,#2058,.T.);
#2657=ORIENTED_EDGE('',*,*,#2051,.F.);
#2658=ORIENTED_EDGE('',*,*,#2067,.F.);
#2659=ORIENTED_EDGE('',*,*,#2059,.T.);
#2660=ORIENTED_EDGE('',*,*,#2056,.F.);
#2661=ORIENTED_EDGE('',*,*,#2022,.T.);
#2662=ORIENTED_EDGE('',*,*,#2040,.F.);
#2663=ORIENTED_EDGE('',*,*,#2060,.F.);
#2664=ORIENTED_EDGE('',*,*,#2067,.T.);
#2665=ORIENTED_EDGE('',*,*,#2050,.F.);
#2666=ORIENTED_EDGE('',*,*,#2068,.F.);
#2667=ORIENTED_EDGE('',*,*,#2061,.T.);
#2668=ORIENTED_EDGE('',*,*,#2068,.T.);
#2669=ORIENTED_EDGE('',*,*,#2049,.F.);
#2670=ORIENTED_EDGE('',*,*,#2069,.F.);
#2671=ORIENTED_EDGE('',*,*,#2062,.T.);
#2672=ORIENTED_EDGE('',*,*,#2069,.T.);
#2673=ORIENTED_EDGE('',*,*,#2048,.F.);
#2674=ORIENTED_EDGE('',*,*,#2070,.F.);
#2675=ORIENTED_EDGE('',*,*,#2063,.F.);
#2676=ORIENTED_EDGE('',*,*,#2070,.T.);
#2677=ORIENTED_EDGE('',*,*,#2047,.F.);
#2678=ORIENTED_EDGE('',*,*,#2071,.F.);
#2679=ORIENTED_EDGE('',*,*,#2064,.F.);
#2680=ORIENTED_EDGE('',*,*,#2071,.T.);
#2681=ORIENTED_EDGE('',*,*,#2046,.F.);
#2682=ORIENTED_EDGE('',*,*,#2072,.F.);
#2683=ORIENTED_EDGE('',*,*,#2065,.F.);
#2684=ORIENTED_EDGE('',*,*,#2072,.T.);
#2685=ORIENTED_EDGE('',*,*,#2045,.F.);
#2686=ORIENTED_EDGE('',*,*,#2073,.F.);
#2687=ORIENTED_EDGE('',*,*,#2066,.F.);
#2688=ORIENTED_EDGE('',*,*,#2073,.T.);
#2689=ORIENTED_EDGE('',*,*,#2044,.F.);
#2690=ORIENTED_EDGE('',*,*,#2055,.F.);
#2691=ORIENTED_EDGE('',*,*,#2074,.T.);
#2692=ORIENTED_EDGE('',*,*,#2075,.T.);
#2693=ORIENTED_EDGE('',*,*,#2076,.F.);
#2694=ORIENTED_EDGE('',*,*,#2077,.F.);
#2695=ORIENTED_EDGE('',*,*,#2078,.F.);
#2696=ORIENTED_EDGE('',*,*,#2077,.T.);
#2697=ORIENTED_EDGE('',*,*,#2079,.F.);
#2698=ORIENTED_EDGE('',*,*,#2080,.F.);
#2699=ORIENTED_EDGE('',*,*,#2081,.T.);
#2700=ORIENTED_EDGE('',*,*,#2080,.T.);
#2701=ORIENTED_EDGE('',*,*,#2082,.F.);
#2702=ORIENTED_EDGE('',*,*,#2083,.F.);
#2703=ORIENTED_EDGE('',*,*,#2084,.T.);
#2704=ORIENTED_EDGE('',*,*,#2085,.T.);
#2705=ORIENTED_EDGE('',*,*,#2086,.F.);
#2706=ORIENTED_EDGE('',*,*,#2087,.F.);
#2707=ORIENTED_EDGE('',*,*,#2088,.T.);
#2708=ORIENTED_EDGE('',*,*,#2087,.T.);
#2709=ORIENTED_EDGE('',*,*,#2089,.F.);
#2710=ORIENTED_EDGE('',*,*,#2090,.F.);
#2711=ORIENTED_EDGE('',*,*,#2091,.T.);
#2712=ORIENTED_EDGE('',*,*,#2090,.T.);
#2713=ORIENTED_EDGE('',*,*,#2092,.F.);
#2714=ORIENTED_EDGE('',*,*,#2093,.F.);
#2715=ORIENTED_EDGE('',*,*,#2094,.T.);
#2716=ORIENTED_EDGE('',*,*,#2093,.T.);
#2717=ORIENTED_EDGE('',*,*,#2095,.F.);
#2718=ORIENTED_EDGE('',*,*,#2096,.F.);
#2719=ORIENTED_EDGE('',*,*,#2097,.T.);
#2720=ORIENTED_EDGE('',*,*,#2096,.T.);
#2721=ORIENTED_EDGE('',*,*,#2098,.F.);
#2722=ORIENTED_EDGE('',*,*,#2075,.F.);
#2723=ORIENTED_EDGE('',*,*,#2098,.T.);
#2724=ORIENTED_EDGE('',*,*,#2095,.T.);
#2725=ORIENTED_EDGE('',*,*,#2092,.T.);
#2726=ORIENTED_EDGE('',*,*,#2089,.T.);
#2727=ORIENTED_EDGE('',*,*,#2086,.T.);
#2728=ORIENTED_EDGE('',*,*,#2099,.T.);
#2729=ORIENTED_EDGE('',*,*,#2100,.T.);
#2730=ORIENTED_EDGE('',*,*,#2101,.T.);
#2731=ORIENTED_EDGE('',*,*,#2082,.T.);
#2732=ORIENTED_EDGE('',*,*,#2079,.T.);
#2733=ORIENTED_EDGE('',*,*,#2076,.T.);
#2734=ORIENTED_EDGE('',*,*,#2102,.F.);
#2735=ORIENTED_EDGE('',*,*,#2084,.F.);
#2736=ORIENTED_EDGE('',*,*,#2088,.F.);
#2737=ORIENTED_EDGE('',*,*,#2091,.F.);
#2738=ORIENTED_EDGE('',*,*,#2094,.F.);
#2739=ORIENTED_EDGE('',*,*,#2097,.F.);
#2740=ORIENTED_EDGE('',*,*,#2074,.F.);
#2741=ORIENTED_EDGE('',*,*,#2078,.T.);
#2742=ORIENTED_EDGE('',*,*,#2081,.F.);
#2743=ORIENTED_EDGE('',*,*,#2103,.T.);
#2744=ORIENTED_EDGE('',*,*,#2104,.T.);
#2745=ORIENTED_EDGE('',*,*,#2105,.T.);
#2746=ORIENTED_EDGE('',*,*,#2106,.T.);
#2747=ORIENTED_EDGE('',*,*,#2107,.T.);
#2748=ORIENTED_EDGE('',*,*,#2108,.T.);
#2749=ORIENTED_EDGE('',*,*,#2109,.T.);
#2750=ORIENTED_EDGE('',*,*,#2110,.T.);
#2751=ORIENTED_EDGE('',*,*,#2111,.T.);
#2752=ORIENTED_EDGE('',*,*,#2112,.T.);
#2753=ORIENTED_EDGE('',*,*,#2113,.T.);
#2754=ORIENTED_EDGE('',*,*,#2103,.F.);
#2755=ORIENTED_EDGE('',*,*,#2114,.F.);
#2756=ORIENTED_EDGE('',*,*,#2100,.F.);
#2757=ORIENTED_EDGE('',*,*,#2102,.T.);
#2758=ORIENTED_EDGE('',*,*,#2115,.T.);
#2759=ORIENTED_EDGE('',*,*,#2116,.F.);
#2760=ORIENTED_EDGE('',*,*,#2117,.F.);
#2761=ORIENTED_EDGE('',*,*,#2116,.T.);
#2762=ORIENTED_EDGE('',*,*,#2118,.F.);
#2763=ORIENTED_EDGE('',*,*,#2119,.T.);
#2764=ORIENTED_EDGE('',*,*,#2120,.F.);
#2765=ORIENTED_EDGE('',*,*,#2121,.F.);
#2766=ORIENTED_EDGE('',*,*,#2122,.T.);
#2767=ORIENTED_EDGE('',*,*,#2123,.T.);
#2768=ORIENTED_EDGE('',*,*,#2124,.T.);
#2769=ORIENTED_EDGE('',*,*,#2125,.T.);
#2770=ORIENTED_EDGE('',*,*,#2126,.F.);
#2771=ORIENTED_EDGE('',*,*,#2114,.T.);
#2772=ORIENTED_EDGE('',*,*,#2112,.F.);
#2773=ORIENTED_EDGE('',*,*,#2127,.F.);
#2774=ORIENTED_EDGE('',*,*,#2118,.T.);
#2775=ORIENTED_EDGE('',*,*,#2115,.F.);
#2776=ORIENTED_EDGE('',*,*,#2083,.T.);
#2777=ORIENTED_EDGE('',*,*,#2101,.F.);
#2778=ORIENTED_EDGE('',*,*,#2119,.F.);
#2779=ORIENTED_EDGE('',*,*,#2127,.T.);
#2780=ORIENTED_EDGE('',*,*,#2111,.F.);
#2781=ORIENTED_EDGE('',*,*,#2128,.F.);
#2782=ORIENTED_EDGE('',*,*,#2120,.T.);
#2783=ORIENTED_EDGE('',*,*,#2128,.T.);
#2784=ORIENTED_EDGE('',*,*,#2110,.F.);
#2785=ORIENTED_EDGE('',*,*,#2129,.F.);
#2786=ORIENTED_EDGE('',*,*,#2121,.T.);
#2787=ORIENTED_EDGE('',*,*,#2129,.T.);
#2788=ORIENTED_EDGE('',*,*,#2109,.F.);
#2789=ORIENTED_EDGE('',*,*,#2130,.F.);
#2790=ORIENTED_EDGE('',*,*,#2122,.F.);
#2791=ORIENTED_EDGE('',*,*,#2130,.T.);
#2792=ORIENTED_EDGE('',*,*,#2108,.F.);
#2793=ORIENTED_EDGE('',*,*,#2131,.F.);
#2794=ORIENTED_EDGE('',*,*,#2123,.F.);
#2795=ORIENTED_EDGE('',*,*,#2131,.T.);
#2796=ORIENTED_EDGE('',*,*,#2107,.F.);
#2797=ORIENTED_EDGE('',*,*,#2132,.F.);
#2798=ORIENTED_EDGE('',*,*,#2124,.F.);
#2799=ORIENTED_EDGE('',*,*,#2132,.T.);
#2800=ORIENTED_EDGE('',*,*,#2106,.F.);
#2801=ORIENTED_EDGE('',*,*,#2133,.F.);
#2802=ORIENTED_EDGE('',*,*,#2125,.F.);
#2803=ORIENTED_EDGE('',*,*,#2133,.T.);
#2804=ORIENTED_EDGE('',*,*,#2105,.F.);
#2805=ORIENTED_EDGE('',*,*,#2134,.F.);
#2806=ORIENTED_EDGE('',*,*,#2113,.F.);
#2807=ORIENTED_EDGE('',*,*,#2099,.F.);
#2808=ORIENTED_EDGE('',*,*,#2085,.F.);
#2809=ORIENTED_EDGE('',*,*,#2117,.T.);
#2810=ORIENTED_EDGE('',*,*,#2126,.T.);
#2811=ORIENTED_EDGE('',*,*,#2134,.T.);
#2812=ORIENTED_EDGE('',*,*,#2104,.F.);
#2813=ORIENTED_EDGE('',*,*,#2135,.T.);
#2814=ORIENTED_EDGE('',*,*,#2136,.T.);
#2815=ORIENTED_EDGE('',*,*,#2137,.F.);
#2816=ORIENTED_EDGE('',*,*,#2138,.T.);
#2817=ORIENTED_EDGE('',*,*,#2139,.F.);
#2818=ORIENTED_EDGE('',*,*,#2140,.F.);
#2819=ORIENTED_EDGE('',*,*,#2141,.F.);
#2820=ORIENTED_EDGE('',*,*,#2142,.F.);
#2821=ORIENTED_EDGE('',*,*,#2143,.T.);
#2822=ORIENTED_EDGE('',*,*,#2144,.T.);
#2823=ORIENTED_EDGE('',*,*,#2145,.F.);
#2824=ORIENTED_EDGE('',*,*,#2146,.F.);
#2825=ORIENTED_EDGE('',*,*,#2147,.T.);
#2826=ORIENTED_EDGE('',*,*,#2148,.T.);
#2827=ORIENTED_EDGE('',*,*,#2149,.F.);
#2828=ORIENTED_EDGE('',*,*,#2150,.F.);
#2829=ORIENTED_EDGE('',*,*,#2145,.T.);
#2830=ORIENTED_EDGE('',*,*,#2151,.T.);
#2831=ORIENTED_EDGE('',*,*,#2152,.F.);
#2832=ORIENTED_EDGE('',*,*,#2153,.F.);
#2833=ORIENTED_EDGE('',*,*,#2146,.T.);
#2834=ORIENTED_EDGE('',*,*,#2153,.T.);
#2835=ORIENTED_EDGE('',*,*,#2154,.F.);
#2836=ORIENTED_EDGE('',*,*,#2155,.F.);
#2837=ORIENTED_EDGE('',*,*,#2147,.F.);
#2838=ORIENTED_EDGE('',*,*,#2155,.T.);
#2839=ORIENTED_EDGE('',*,*,#2156,.F.);
#2840=ORIENTED_EDGE('',*,*,#2157,.F.);
#2841=ORIENTED_EDGE('',*,*,#2148,.F.);
#2842=ORIENTED_EDGE('',*,*,#2157,.T.);
#2843=ORIENTED_EDGE('',*,*,#2158,.F.);
#2844=ORIENTED_EDGE('',*,*,#2159,.F.);
#2845=ORIENTED_EDGE('',*,*,#2149,.T.);
#2846=ORIENTED_EDGE('',*,*,#2159,.T.);
#2847=ORIENTED_EDGE('',*,*,#2160,.F.);
#2848=ORIENTED_EDGE('',*,*,#2161,.F.);
#2849=ORIENTED_EDGE('',*,*,#2162,.T.);
#2850=ORIENTED_EDGE('',*,*,#2160,.T.);
#2851=ORIENTED_EDGE('',*,*,#2158,.T.);
#2852=ORIENTED_EDGE('',*,*,#2156,.T.);
#2853=ORIENTED_EDGE('',*,*,#2154,.T.);
#2854=ORIENTED_EDGE('',*,*,#2152,.T.);
#2855=ORIENTED_EDGE('',*,*,#2163,.T.);
#2856=ORIENTED_EDGE('',*,*,#2164,.T.);
#2857=ORIENTED_EDGE('',*,*,#2165,.T.);
#2858=ORIENTED_EDGE('',*,*,#2163,.F.);
#2859=ORIENTED_EDGE('',*,*,#2151,.F.);
#2860=ORIENTED_EDGE('',*,*,#2144,.F.);
#2861=ORIENTED_EDGE('',*,*,#2166,.T.);
#2862=ORIENTED_EDGE('',*,*,#2167,.T.);
#2863=ORIENTED_EDGE('',*,*,#2140,.T.);
#2864=ORIENTED_EDGE('',*,*,#2168,.F.);
#2865=ORIENTED_EDGE('',*,*,#2169,.T.);
#2866=ORIENTED_EDGE('',*,*,#2170,.F.);
#2867=ORIENTED_EDGE('',*,*,#2138,.F.);
#2868=ORIENTED_EDGE('',*,*,#2171,.T.);
#2869=ORIENTED_EDGE('',*,*,#2172,.F.);
#2870=ORIENTED_EDGE('',*,*,#2150,.T.);
#2871=ORIENTED_EDGE('',*,*,#2161,.T.);
#2872=ORIENTED_EDGE('',*,*,#2162,.F.);
#2873=ORIENTED_EDGE('',*,*,#2173,.T.);
#2874=ORIENTED_EDGE('',*,*,#2168,.T.);
#2875=ORIENTED_EDGE('',*,*,#2139,.T.);
#2876=ORIENTED_EDGE('',*,*,#2174,.T.);
#2877=ORIENTED_EDGE('',*,*,#2135,.F.);
#2878=ORIENTED_EDGE('',*,*,#2170,.T.);
#2879=ORIENTED_EDGE('',*,*,#2143,.F.);
#2880=ORIENTED_EDGE('',*,*,#2172,.T.);
#2881=ORIENTED_EDGE('',*,*,#2175,.F.);
#2882=ORIENTED_EDGE('',*,*,#2166,.F.);
#2883=ORIENTED_EDGE('',*,*,#2165,.F.);
#2884=ORIENTED_EDGE('',*,*,#2173,.F.);
#2885=ORIENTED_EDGE('',*,*,#2169,.F.);
#2886=ORIENTED_EDGE('',*,*,#2164,.F.);
#2887=ORIENTED_EDGE('',*,*,#2175,.T.);
#2888=ORIENTED_EDGE('',*,*,#2171,.F.);
#2889=ORIENTED_EDGE('',*,*,#2137,.T.);
#2890=ORIENTED_EDGE('',*,*,#2176,.T.);
#2891=ORIENTED_EDGE('',*,*,#2141,.T.);
#2892=ORIENTED_EDGE('',*,*,#2167,.F.);
#2893=ORIENTED_EDGE('',*,*,#2176,.F.);
#2894=ORIENTED_EDGE('',*,*,#2136,.F.);
#2895=ORIENTED_EDGE('',*,*,#2174,.F.);
#2896=ORIENTED_EDGE('',*,*,#2142,.T.);
#2897=ORIENTED_EDGE('',*,*,#2177,.T.);
#2898=ORIENTED_EDGE('',*,*,#2178,.T.);
#2899=ORIENTED_EDGE('',*,*,#2179,.F.);
#2900=ORIENTED_EDGE('',*,*,#2180,.T.);
#2901=ORIENTED_EDGE('',*,*,#2181,.F.);
#2902=ORIENTED_EDGE('',*,*,#2182,.F.);
#2903=ORIENTED_EDGE('',*,*,#2183,.F.);
#2904=ORIENTED_EDGE('',*,*,#2184,.F.);
#2905=ORIENTED_EDGE('',*,*,#2185,.T.);
#2906=ORIENTED_EDGE('',*,*,#2186,.T.);
#2907=ORIENTED_EDGE('',*,*,#2187,.F.);
#2908=ORIENTED_EDGE('',*,*,#2188,.F.);
#2909=ORIENTED_EDGE('',*,*,#2189,.T.);
#2910=ORIENTED_EDGE('',*,*,#2188,.T.);
#2911=ORIENTED_EDGE('',*,*,#2190,.F.);
#2912=ORIENTED_EDGE('',*,*,#2191,.F.);
#2913=ORIENTED_EDGE('',*,*,#2192,.F.);
#2914=ORIENTED_EDGE('',*,*,#2191,.T.);
#2915=ORIENTED_EDGE('',*,*,#2193,.F.);
#2916=ORIENTED_EDGE('',*,*,#2194,.F.);
#2917=ORIENTED_EDGE('',*,*,#2195,.F.);
#2918=ORIENTED_EDGE('',*,*,#2194,.T.);
#2919=ORIENTED_EDGE('',*,*,#2196,.F.);
#2920=ORIENTED_EDGE('',*,*,#2197,.F.);
#2921=ORIENTED_EDGE('',*,*,#2198,.T.);
#2922=ORIENTED_EDGE('',*,*,#2197,.T.);
#2923=ORIENTED_EDGE('',*,*,#2199,.F.);
#2924=ORIENTED_EDGE('',*,*,#2200,.F.);
#2925=ORIENTED_EDGE('',*,*,#2201,.T.);
#2926=ORIENTED_EDGE('',*,*,#2200,.T.);
#2927=ORIENTED_EDGE('',*,*,#2202,.F.);
#2928=ORIENTED_EDGE('',*,*,#2203,.F.);
#2929=ORIENTED_EDGE('',*,*,#2204,.T.);
#2930=ORIENTED_EDGE('',*,*,#2203,.T.);
#2931=ORIENTED_EDGE('',*,*,#2205,.F.);
#2932=ORIENTED_EDGE('',*,*,#2206,.F.);
#2933=ORIENTED_EDGE('',*,*,#2207,.F.);
#2934=ORIENTED_EDGE('',*,*,#2206,.T.);
#2935=ORIENTED_EDGE('',*,*,#2208,.F.);
#2936=ORIENTED_EDGE('',*,*,#2209,.F.);
#2937=ORIENTED_EDGE('',*,*,#2210,.T.);
#2938=ORIENTED_EDGE('',*,*,#2209,.T.);
#2939=ORIENTED_EDGE('',*,*,#2211,.F.);
#2940=ORIENTED_EDGE('',*,*,#2212,.F.);
#2941=ORIENTED_EDGE('',*,*,#2213,.T.);
#2942=ORIENTED_EDGE('',*,*,#2214,.T.);
#2943=ORIENTED_EDGE('',*,*,#2215,.T.);
#2944=ORIENTED_EDGE('',*,*,#2211,.T.);
#2945=ORIENTED_EDGE('',*,*,#2208,.T.);
#2946=ORIENTED_EDGE('',*,*,#2205,.T.);
#2947=ORIENTED_EDGE('',*,*,#2202,.T.);
#2948=ORIENTED_EDGE('',*,*,#2199,.T.);
#2949=ORIENTED_EDGE('',*,*,#2196,.T.);
#2950=ORIENTED_EDGE('',*,*,#2193,.T.);
#2951=ORIENTED_EDGE('',*,*,#2190,.T.);
#2952=ORIENTED_EDGE('',*,*,#2187,.T.);
#2953=ORIENTED_EDGE('',*,*,#2216,.F.);
#2954=ORIENTED_EDGE('',*,*,#2217,.F.);
#2955=ORIENTED_EDGE('',*,*,#2185,.F.);
#2956=ORIENTED_EDGE('',*,*,#2189,.F.);
#2957=ORIENTED_EDGE('',*,*,#2192,.T.);
#2958=ORIENTED_EDGE('',*,*,#2195,.T.);
#2959=ORIENTED_EDGE('',*,*,#2198,.F.);
#2960=ORIENTED_EDGE('',*,*,#2201,.F.);
#2961=ORIENTED_EDGE('',*,*,#2204,.F.);
#2962=ORIENTED_EDGE('',*,*,#2207,.T.);
#2963=ORIENTED_EDGE('',*,*,#2210,.F.);
#2964=ORIENTED_EDGE('',*,*,#2218,.F.);
#2965=ORIENTED_EDGE('',*,*,#2219,.T.);
#2966=ORIENTED_EDGE('',*,*,#2220,.T.);
#2967=ORIENTED_EDGE('',*,*,#2180,.F.);
#2968=ORIENTED_EDGE('',*,*,#2221,.F.);
#2969=ORIENTED_EDGE('',*,*,#2222,.F.);
#2970=ORIENTED_EDGE('',*,*,#2218,.T.);
#2971=ORIENTED_EDGE('',*,*,#2212,.T.);
#2972=ORIENTED_EDGE('',*,*,#2215,.F.);
#2973=ORIENTED_EDGE('',*,*,#2223,.T.);
#2974=ORIENTED_EDGE('',*,*,#2224,.F.);
#2975=ORIENTED_EDGE('',*,*,#2181,.T.);
#2976=ORIENTED_EDGE('',*,*,#2225,.T.);
#2977=ORIENTED_EDGE('',*,*,#2177,.F.);
#2978=ORIENTED_EDGE('',*,*,#2220,.F.);
#2979=ORIENTED_EDGE('',*,*,#2216,.T.);
#2980=ORIENTED_EDGE('',*,*,#2222,.T.);
#2981=ORIENTED_EDGE('',*,*,#2226,.F.);
#2982=ORIENTED_EDGE('',*,*,#2227,.F.);
#2983=ORIENTED_EDGE('',*,*,#2228,.F.);
#2984=ORIENTED_EDGE('',*,*,#2223,.F.);
#2985=ORIENTED_EDGE('',*,*,#2219,.F.);
#2986=ORIENTED_EDGE('',*,*,#2214,.F.);
#2987=ORIENTED_EDGE('',*,*,#2226,.T.);
#2988=ORIENTED_EDGE('',*,*,#2221,.T.);
#2989=ORIENTED_EDGE('',*,*,#2179,.T.);
#2990=ORIENTED_EDGE('',*,*,#2229,.F.);
#2991=ORIENTED_EDGE('',*,*,#2183,.T.);
#2992=ORIENTED_EDGE('',*,*,#2230,.T.);
#2993=ORIENTED_EDGE('',*,*,#2229,.T.);
#2994=ORIENTED_EDGE('',*,*,#2178,.F.);
#2995=ORIENTED_EDGE('',*,*,#2225,.F.);
#2996=ORIENTED_EDGE('',*,*,#2184,.T.);
#2997=ORIENTED_EDGE('',*,*,#2230,.F.);
#2998=ORIENTED_EDGE('',*,*,#2182,.T.);
#2999=ORIENTED_EDGE('',*,*,#2224,.T.);
#3000=ORIENTED_EDGE('',*,*,#2228,.T.);
#3001=ORIENTED_EDGE('',*,*,#2213,.F.);
#3002=ORIENTED_EDGE('',*,*,#2186,.F.);
#3003=ORIENTED_EDGE('',*,*,#2217,.T.);
#3004=ORIENTED_EDGE('',*,*,#2227,.T.);
#3005=ORIENTED_EDGE('',*,*,#2231,.T.);
#3006=ORIENTED_EDGE('',*,*,#2232,.T.);
#3007=ORIENTED_EDGE('',*,*,#2233,.T.);
#3008=ORIENTED_EDGE('',*,*,#2234,.F.);
#3009=ORIENTED_EDGE('',*,*,#2235,.F.);
#3010=ORIENTED_EDGE('',*,*,#2236,.T.);
#3011=ORIENTED_EDGE('',*,*,#2237,.T.);
#3012=ORIENTED_EDGE('',*,*,#2232,.F.);
#3013=ORIENTED_EDGE('',*,*,#2238,.F.);
#3014=ORIENTED_EDGE('',*,*,#2239,.T.);
#3015=ORIENTED_EDGE('',*,*,#2240,.T.);
#3016=ORIENTED_EDGE('',*,*,#2236,.F.);
#3017=ORIENTED_EDGE('',*,*,#2241,.F.);
#3018=ORIENTED_EDGE('',*,*,#2234,.T.);
#3019=ORIENTED_EDGE('',*,*,#2242,.T.);
#3020=ORIENTED_EDGE('',*,*,#2239,.F.);
#3021=ORIENTED_EDGE('',*,*,#2241,.T.);
#3022=ORIENTED_EDGE('',*,*,#2238,.T.);
#3023=ORIENTED_EDGE('',*,*,#2235,.T.);
#3024=ORIENTED_EDGE('',*,*,#2231,.F.);
#3025=ORIENTED_EDGE('',*,*,#2242,.F.);
#3026=ORIENTED_EDGE('',*,*,#2233,.F.);
#3027=ORIENTED_EDGE('',*,*,#2237,.F.);
#3028=ORIENTED_EDGE('',*,*,#2240,.F.);
#3029=ORIENTED_EDGE('',*,*,#2243,.F.);
#3030=ORIENTED_EDGE('',*,*,#2244,.T.);
#3031=ORIENTED_EDGE('',*,*,#2245,.T.);
#3032=ORIENTED_EDGE('',*,*,#2246,.F.);
#3033=ORIENTED_EDGE('',*,*,#2247,.F.);
#3034=ORIENTED_EDGE('',*,*,#2248,.T.);
#3035=ORIENTED_EDGE('',*,*,#2249,.T.);
#3036=ORIENTED_EDGE('',*,*,#2244,.F.);
#3037=ORIENTED_EDGE('',*,*,#2250,.F.);
#3038=ORIENTED_EDGE('',*,*,#2251,.T.);
#3039=ORIENTED_EDGE('',*,*,#2252,.T.);
#3040=ORIENTED_EDGE('',*,*,#2248,.F.);
#3041=ORIENTED_EDGE('',*,*,#2253,.T.);
#3042=ORIENTED_EDGE('',*,*,#2246,.T.);
#3043=ORIENTED_EDGE('',*,*,#2254,.T.);
#3044=ORIENTED_EDGE('',*,*,#2251,.F.);
#3045=ORIENTED_EDGE('',*,*,#2253,.F.);
#3046=ORIENTED_EDGE('',*,*,#2250,.T.);
#3047=ORIENTED_EDGE('',*,*,#2247,.T.);
#3048=ORIENTED_EDGE('',*,*,#2243,.T.);
#3049=ORIENTED_EDGE('',*,*,#2254,.F.);
#3050=ORIENTED_EDGE('',*,*,#2245,.F.);
#3051=ORIENTED_EDGE('',*,*,#2249,.F.);
#3052=ORIENTED_EDGE('',*,*,#2252,.F.);
#3053=ORIENTED_EDGE('',*,*,#2255,.T.);
#3054=ORIENTED_EDGE('',*,*,#2256,.T.);
#3055=ORIENTED_EDGE('',*,*,#2257,.T.);
#3056=ORIENTED_EDGE('',*,*,#2258,.F.);
#3057=ORIENTED_EDGE('',*,*,#2259,.F.);
#3058=ORIENTED_EDGE('',*,*,#2260,.T.);
#3059=ORIENTED_EDGE('',*,*,#2261,.T.);
#3060=ORIENTED_EDGE('',*,*,#2256,.F.);
#3061=ORIENTED_EDGE('',*,*,#2262,.F.);
#3062=ORIENTED_EDGE('',*,*,#2263,.T.);
#3063=ORIENTED_EDGE('',*,*,#2264,.T.);
#3064=ORIENTED_EDGE('',*,*,#2260,.F.);
#3065=ORIENTED_EDGE('',*,*,#2265,.F.);
#3066=ORIENTED_EDGE('',*,*,#2258,.T.);
#3067=ORIENTED_EDGE('',*,*,#2266,.T.);
#3068=ORIENTED_EDGE('',*,*,#2263,.F.);
#3069=ORIENTED_EDGE('',*,*,#2265,.T.);
#3070=ORIENTED_EDGE('',*,*,#2262,.T.);
#3071=ORIENTED_EDGE('',*,*,#2259,.T.);
#3072=ORIENTED_EDGE('',*,*,#2255,.F.);
#3073=ORIENTED_EDGE('',*,*,#2266,.F.);
#3074=ORIENTED_EDGE('',*,*,#2257,.F.);
#3075=ORIENTED_EDGE('',*,*,#2261,.F.);
#3076=ORIENTED_EDGE('',*,*,#2264,.F.);
#3077=ORIENTED_EDGE('',*,*,#2267,.F.);
#3078=ORIENTED_EDGE('',*,*,#2268,.T.);
#3079=ORIENTED_EDGE('',*,*,#2269,.T.);
#3080=ORIENTED_EDGE('',*,*,#2270,.F.);
#3081=ORIENTED_EDGE('',*,*,#2271,.F.);
#3082=ORIENTED_EDGE('',*,*,#2272,.T.);
#3083=ORIENTED_EDGE('',*,*,#2273,.T.);
#3084=ORIENTED_EDGE('',*,*,#2268,.F.);
#3085=ORIENTED_EDGE('',*,*,#2274,.F.);
#3086=ORIENTED_EDGE('',*,*,#2275,.T.);
#3087=ORIENTED_EDGE('',*,*,#2276,.T.);
#3088=ORIENTED_EDGE('',*,*,#2272,.F.);
#3089=ORIENTED_EDGE('',*,*,#2277,.T.);
#3090=ORIENTED_EDGE('',*,*,#2270,.T.);
#3091=ORIENTED_EDGE('',*,*,#2278,.T.);
#3092=ORIENTED_EDGE('',*,*,#2275,.F.);
#3093=ORIENTED_EDGE('',*,*,#2277,.F.);
#3094=ORIENTED_EDGE('',*,*,#2274,.T.);
#3095=ORIENTED_EDGE('',*,*,#2271,.T.);
#3096=ORIENTED_EDGE('',*,*,#2267,.T.);
#3097=ORIENTED_EDGE('',*,*,#2278,.F.);
#3098=ORIENTED_EDGE('',*,*,#2269,.F.);
#3099=ORIENTED_EDGE('',*,*,#2273,.F.);
#3100=ORIENTED_EDGE('',*,*,#2276,.F.);
#3101=ORIENTED_EDGE('',*,*,#2279,.T.);
#3102=ORIENTED_EDGE('',*,*,#2280,.F.);
#3103=ORIENTED_EDGE('',*,*,#2281,.T.);
#3104=ORIENTED_EDGE('',*,*,#2282,.T.);
#3105=ORIENTED_EDGE('',*,*,#2283,.T.);
#3106=ORIENTED_EDGE('',*,*,#2282,.F.);
#3107=ORIENTED_EDGE('',*,*,#2284,.T.);
#3108=ORIENTED_EDGE('',*,*,#2280,.T.);
#3109=ORIENTED_EDGE('',*,*,#2283,.F.);
#3110=ORIENTED_EDGE('',*,*,#2281,.F.);
#3111=ORIENTED_EDGE('',*,*,#2284,.F.);
#3112=ORIENTED_EDGE('',*,*,#2279,.F.);
#3113=ORIENTED_EDGE('',*,*,#2285,.T.);
#3114=ORIENTED_EDGE('',*,*,#2286,.T.);
#3115=ORIENTED_EDGE('',*,*,#2287,.T.);
#3116=ORIENTED_EDGE('',*,*,#2288,.T.);
#3117=ORIENTED_EDGE('',*,*,#2287,.F.);
#3118=ORIENTED_EDGE('',*,*,#2289,.F.);
#3119=ORIENTED_EDGE('',*,*,#2290,.T.);
#3120=ORIENTED_EDGE('',*,*,#2291,.T.);
#3121=ORIENTED_EDGE('',*,*,#2290,.F.);
#3122=ORIENTED_EDGE('',*,*,#2292,.F.);
#3123=ORIENTED_EDGE('',*,*,#2293,.T.);
#3124=ORIENTED_EDGE('',*,*,#2292,.T.);
#3125=ORIENTED_EDGE('',*,*,#2289,.T.);
#3126=ORIENTED_EDGE('',*,*,#2286,.F.);
#3127=ORIENTED_EDGE('',*,*,#2293,.F.);
#3128=ORIENTED_EDGE('',*,*,#2285,.F.);
#3129=ORIENTED_EDGE('',*,*,#2288,.F.);
#3130=ORIENTED_EDGE('',*,*,#2291,.F.);
#3131=ORIENTED_EDGE('',*,*,#2294,.T.);
#3132=ORIENTED_EDGE('',*,*,#2295,.T.);
#3133=ORIENTED_EDGE('',*,*,#2296,.T.);
#3134=ORIENTED_EDGE('',*,*,#2297,.T.);
#3135=ORIENTED_EDGE('',*,*,#2296,.F.);
#3136=ORIENTED_EDGE('',*,*,#2298,.F.);
#3137=ORIENTED_EDGE('',*,*,#2299,.T.);
#3138=ORIENTED_EDGE('',*,*,#2300,.T.);
#3139=ORIENTED_EDGE('',*,*,#2299,.F.);
#3140=ORIENTED_EDGE('',*,*,#2301,.F.);
#3141=ORIENTED_EDGE('',*,*,#2302,.T.);
#3142=ORIENTED_EDGE('',*,*,#2301,.T.);
#3143=ORIENTED_EDGE('',*,*,#2298,.T.);
#3144=ORIENTED_EDGE('',*,*,#2295,.F.);
#3145=ORIENTED_EDGE('',*,*,#2294,.F.);
#3146=ORIENTED_EDGE('',*,*,#2297,.F.);
#3147=ORIENTED_EDGE('',*,*,#2300,.F.);
#3148=ORIENTED_EDGE('',*,*,#2302,.F.);
#3149=ORIENTED_EDGE('',*,*,#2303,.T.);
#3150=ORIENTED_EDGE('',*,*,#2304,.F.);
#3151=ORIENTED_EDGE('',*,*,#2305,.T.);
#3152=ORIENTED_EDGE('',*,*,#2306,.F.);
#3153=ORIENTED_EDGE('',*,*,#2307,.T.);
#3154=ORIENTED_EDGE('',*,*,#2304,.T.);
#3155=ORIENTED_EDGE('',*,*,#2308,.T.);
#3156=ORIENTED_EDGE('',*,*,#2306,.T.);
#3157=ORIENTED_EDGE('',*,*,#2307,.F.);
#3158=ORIENTED_EDGE('',*,*,#2308,.F.);
#3159=ORIENTED_EDGE('',*,*,#2305,.F.);
#3160=ORIENTED_EDGE('',*,*,#2303,.F.);
#3161=ORIENTED_EDGE('',*,*,#2309,.T.);
#3162=ORIENTED_EDGE('',*,*,#2310,.T.);
#3163=ORIENTED_EDGE('',*,*,#2311,.T.);
#3164=ORIENTED_EDGE('',*,*,#2312,.F.);
#3165=ORIENTED_EDGE('',*,*,#2313,.T.);
#3166=ORIENTED_EDGE('',*,*,#2314,.F.);
#3167=ORIENTED_EDGE('',*,*,#2311,.F.);
#3168=ORIENTED_EDGE('',*,*,#2315,.T.);
#3169=ORIENTED_EDGE('',*,*,#2316,.T.);
#3170=ORIENTED_EDGE('',*,*,#2315,.F.);
#3171=ORIENTED_EDGE('',*,*,#2310,.F.);
#3172=ORIENTED_EDGE('',*,*,#2317,.T.);
#3173=ORIENTED_EDGE('',*,*,#2312,.T.);
#3174=ORIENTED_EDGE('',*,*,#2314,.T.);
#3175=ORIENTED_EDGE('',*,*,#2309,.F.);
#3176=ORIENTED_EDGE('',*,*,#2317,.F.);
#3177=ORIENTED_EDGE('',*,*,#2313,.F.);
#3178=ORIENTED_EDGE('',*,*,#2316,.F.);
#3179=ORIENTED_EDGE('',*,*,#2318,.F.);
#3180=ORIENTED_EDGE('',*,*,#2319,.T.);
#3181=ORIENTED_EDGE('',*,*,#2320,.F.);
#3182=ORIENTED_EDGE('',*,*,#2321,.F.);
#3183=ORIENTED_EDGE('',*,*,#2322,.F.);
#3184=ORIENTED_EDGE('',*,*,#2321,.T.);
#3185=ORIENTED_EDGE('',*,*,#2323,.F.);
#3186=ORIENTED_EDGE('',*,*,#2324,.F.);
#3187=ORIENTED_EDGE('',*,*,#2325,.T.);
#3188=ORIENTED_EDGE('',*,*,#2324,.T.);
#3189=ORIENTED_EDGE('',*,*,#2326,.F.);
#3190=ORIENTED_EDGE('',*,*,#2319,.F.);
#3191=ORIENTED_EDGE('',*,*,#2326,.T.);
#3192=ORIENTED_EDGE('',*,*,#2323,.T.);
#3193=ORIENTED_EDGE('',*,*,#2320,.T.);
#3194=ORIENTED_EDGE('',*,*,#2325,.F.);
#3195=ORIENTED_EDGE('',*,*,#2318,.T.);
#3196=ORIENTED_EDGE('',*,*,#2322,.T.);
#3197=ORIENTED_EDGE('',*,*,#2327,.F.);
#3198=ORIENTED_EDGE('',*,*,#2328,.T.);
#3199=ORIENTED_EDGE('',*,*,#2329,.T.);
#3200=ORIENTED_EDGE('',*,*,#2330,.F.);
#3201=ORIENTED_EDGE('',*,*,#2331,.T.);
#3202=ORIENTED_EDGE('',*,*,#2332,.T.);
#3203=ORIENTED_EDGE('',*,*,#2333,.T.);
#3204=ORIENTED_EDGE('',*,*,#2328,.F.);
#3205=ORIENTED_EDGE('',*,*,#2334,.F.);
#3206=ORIENTED_EDGE('',*,*,#2335,.T.);
#3207=ORIENTED_EDGE('',*,*,#2336,.T.);
#3208=ORIENTED_EDGE('',*,*,#2332,.F.);
#3209=ORIENTED_EDGE('',*,*,#2337,.F.);
#3210=ORIENTED_EDGE('',*,*,#2338,.T.);
#3211=ORIENTED_EDGE('',*,*,#2339,.T.);
#3212=ORIENTED_EDGE('',*,*,#2340,.F.);
#3213=ORIENTED_EDGE('',*,*,#2341,.F.);
#3214=ORIENTED_EDGE('',*,*,#2342,.T.);
#3215=ORIENTED_EDGE('',*,*,#2343,.T.);
#3216=ORIENTED_EDGE('',*,*,#2338,.F.);
#3217=ORIENTED_EDGE('',*,*,#2344,.F.);
#3218=ORIENTED_EDGE('',*,*,#2345,.T.);
#3219=ORIENTED_EDGE('',*,*,#2346,.T.);
#3220=ORIENTED_EDGE('',*,*,#2342,.F.);
#3221=ORIENTED_EDGE('',*,*,#2347,.F.);
#3222=ORIENTED_EDGE('',*,*,#2348,.T.);
#3223=ORIENTED_EDGE('',*,*,#2349,.T.);
#3224=ORIENTED_EDGE('',*,*,#2345,.F.);
#3225=ORIENTED_EDGE('',*,*,#2350,.F.);
#3226=ORIENTED_EDGE('',*,*,#2330,.T.);
#3227=ORIENTED_EDGE('',*,*,#2351,.T.);
#3228=ORIENTED_EDGE('',*,*,#2348,.F.);
#3229=ORIENTED_EDGE('',*,*,#2351,.F.);
#3230=ORIENTED_EDGE('',*,*,#2329,.F.);
#3231=ORIENTED_EDGE('',*,*,#2333,.F.);
#3232=ORIENTED_EDGE('',*,*,#2336,.F.);
#3233=ORIENTED_EDGE('',*,*,#2352,.F.);
#3234=ORIENTED_EDGE('',*,*,#2353,.F.);
#3235=ORIENTED_EDGE('',*,*,#2354,.F.);
#3236=ORIENTED_EDGE('',*,*,#2339,.F.);
#3237=ORIENTED_EDGE('',*,*,#2343,.F.);
#3238=ORIENTED_EDGE('',*,*,#2346,.F.);
#3239=ORIENTED_EDGE('',*,*,#2349,.F.);
#3240=ORIENTED_EDGE('',*,*,#2355,.T.);
#3241=ORIENTED_EDGE('',*,*,#2334,.T.);
#3242=ORIENTED_EDGE('',*,*,#2331,.F.);
#3243=ORIENTED_EDGE('',*,*,#2327,.T.);
#3244=ORIENTED_EDGE('',*,*,#2350,.T.);
#3245=ORIENTED_EDGE('',*,*,#2347,.T.);
#3246=ORIENTED_EDGE('',*,*,#2344,.T.);
#3247=ORIENTED_EDGE('',*,*,#2341,.T.);
#3248=ORIENTED_EDGE('',*,*,#2337,.T.);
#3249=ORIENTED_EDGE('',*,*,#2356,.F.);
#3250=ORIENTED_EDGE('',*,*,#2357,.F.);
#3251=ORIENTED_EDGE('',*,*,#2358,.F.);
#3252=ORIENTED_EDGE('',*,*,#2359,.F.);
#3253=ORIENTED_EDGE('',*,*,#2360,.F.);
#3254=ORIENTED_EDGE('',*,*,#2361,.F.);
#3255=ORIENTED_EDGE('',*,*,#2362,.F.);
#3256=ORIENTED_EDGE('',*,*,#2363,.F.);
#3257=ORIENTED_EDGE('',*,*,#2364,.F.);
#3258=ORIENTED_EDGE('',*,*,#2365,.F.);
#3259=ORIENTED_EDGE('',*,*,#2366,.F.);
#3260=ORIENTED_EDGE('',*,*,#2353,.T.);
#3261=ORIENTED_EDGE('',*,*,#2367,.T.);
#3262=ORIENTED_EDGE('',*,*,#2356,.T.);
#3263=ORIENTED_EDGE('',*,*,#2355,.F.);
#3264=ORIENTED_EDGE('',*,*,#2368,.T.);
#3265=ORIENTED_EDGE('',*,*,#2369,.T.);
#3266=ORIENTED_EDGE('',*,*,#2370,.F.);
#3267=ORIENTED_EDGE('',*,*,#2369,.F.);
#3268=ORIENTED_EDGE('',*,*,#2371,.T.);
#3269=ORIENTED_EDGE('',*,*,#2372,.F.);
#3270=ORIENTED_EDGE('',*,*,#2373,.F.);
#3271=ORIENTED_EDGE('',*,*,#2374,.F.);
#3272=ORIENTED_EDGE('',*,*,#2375,.F.);
#3273=ORIENTED_EDGE('',*,*,#2376,.T.);
#3274=ORIENTED_EDGE('',*,*,#2377,.T.);
#3275=ORIENTED_EDGE('',*,*,#2378,.F.);
#3276=ORIENTED_EDGE('',*,*,#2379,.T.);
#3277=ORIENTED_EDGE('',*,*,#2367,.F.);
#3278=ORIENTED_EDGE('',*,*,#2352,.T.);
#3279=ORIENTED_EDGE('',*,*,#2335,.F.);
#3280=ORIENTED_EDGE('',*,*,#2370,.T.);
#3281=ORIENTED_EDGE('',*,*,#2379,.F.);
#3282=ORIENTED_EDGE('',*,*,#2380,.T.);
#3283=ORIENTED_EDGE('',*,*,#2357,.T.);
#3284=ORIENTED_EDGE('',*,*,#2378,.T.);
#3285=ORIENTED_EDGE('',*,*,#2381,.T.);
#3286=ORIENTED_EDGE('',*,*,#2358,.T.);
#3287=ORIENTED_EDGE('',*,*,#2380,.F.);
#3288=ORIENTED_EDGE('',*,*,#2377,.F.);
#3289=ORIENTED_EDGE('',*,*,#2382,.T.);
#3290=ORIENTED_EDGE('',*,*,#2359,.T.);
#3291=ORIENTED_EDGE('',*,*,#2381,.F.);
#3292=ORIENTED_EDGE('',*,*,#2376,.F.);
#3293=ORIENTED_EDGE('',*,*,#2383,.T.);
#3294=ORIENTED_EDGE('',*,*,#2360,.T.);
#3295=ORIENTED_EDGE('',*,*,#2382,.F.);
#3296=ORIENTED_EDGE('',*,*,#2375,.T.);
#3297=ORIENTED_EDGE('',*,*,#2384,.T.);
#3298=ORIENTED_EDGE('',*,*,#2361,.T.);
#3299=ORIENTED_EDGE('',*,*,#2383,.F.);
#3300=ORIENTED_EDGE('',*,*,#2374,.T.);
#3301=ORIENTED_EDGE('',*,*,#2385,.T.);
#3302=ORIENTED_EDGE('',*,*,#2362,.T.);
#3303=ORIENTED_EDGE('',*,*,#2384,.F.);
#3304=ORIENTED_EDGE('',*,*,#2373,.T.);
#3305=ORIENTED_EDGE('',*,*,#2386,.T.);
#3306=ORIENTED_EDGE('',*,*,#2363,.T.);
#3307=ORIENTED_EDGE('',*,*,#2385,.F.);
#3308=ORIENTED_EDGE('',*,*,#2372,.T.);
#3309=ORIENTED_EDGE('',*,*,#2387,.T.);
#3310=ORIENTED_EDGE('',*,*,#2364,.T.);
#3311=ORIENTED_EDGE('',*,*,#2386,.F.);
#3312=ORIENTED_EDGE('',*,*,#2366,.T.);
#3313=ORIENTED_EDGE('',*,*,#2365,.T.);
#3314=ORIENTED_EDGE('',*,*,#2387,.F.);
#3315=ORIENTED_EDGE('',*,*,#2371,.F.);
#3316=ORIENTED_EDGE('',*,*,#2368,.F.);
#3317=ORIENTED_EDGE('',*,*,#2340,.T.);
#3318=ORIENTED_EDGE('',*,*,#2354,.T.);
#3319=ORIENTED_EDGE('',*,*,#2388,.F.);
#3320=ORIENTED_EDGE('',*,*,#2389,.T.);
#3321=ORIENTED_EDGE('',*,*,#2390,.T.);
#3322=ORIENTED_EDGE('',*,*,#2391,.F.);
#3323=ORIENTED_EDGE('',*,*,#2392,.T.);
#3324=ORIENTED_EDGE('',*,*,#2393,.T.);
#3325=ORIENTED_EDGE('',*,*,#2394,.T.);
#3326=ORIENTED_EDGE('',*,*,#2389,.F.);
#3327=ORIENTED_EDGE('',*,*,#2395,.F.);
#3328=ORIENTED_EDGE('',*,*,#2396,.T.);
#3329=ORIENTED_EDGE('',*,*,#2397,.T.);
#3330=ORIENTED_EDGE('',*,*,#2393,.F.);
#3331=ORIENTED_EDGE('',*,*,#2398,.F.);
#3332=ORIENTED_EDGE('',*,*,#2399,.T.);
#3333=ORIENTED_EDGE('',*,*,#2400,.T.);
#3334=ORIENTED_EDGE('',*,*,#2401,.F.);
#3335=ORIENTED_EDGE('',*,*,#2402,.F.);
#3336=ORIENTED_EDGE('',*,*,#2403,.T.);
#3337=ORIENTED_EDGE('',*,*,#2404,.T.);
#3338=ORIENTED_EDGE('',*,*,#2399,.F.);
#3339=ORIENTED_EDGE('',*,*,#2405,.F.);
#3340=ORIENTED_EDGE('',*,*,#2406,.T.);
#3341=ORIENTED_EDGE('',*,*,#2407,.T.);
#3342=ORIENTED_EDGE('',*,*,#2403,.F.);
#3343=ORIENTED_EDGE('',*,*,#2408,.F.);
#3344=ORIENTED_EDGE('',*,*,#2409,.T.);
#3345=ORIENTED_EDGE('',*,*,#2410,.T.);
#3346=ORIENTED_EDGE('',*,*,#2406,.F.);
#3347=ORIENTED_EDGE('',*,*,#2411,.F.);
#3348=ORIENTED_EDGE('',*,*,#2391,.T.);
#3349=ORIENTED_EDGE('',*,*,#2412,.T.);
#3350=ORIENTED_EDGE('',*,*,#2409,.F.);
#3351=ORIENTED_EDGE('',*,*,#2412,.F.);
#3352=ORIENTED_EDGE('',*,*,#2390,.F.);
#3353=ORIENTED_EDGE('',*,*,#2394,.F.);
#3354=ORIENTED_EDGE('',*,*,#2397,.F.);
#3355=ORIENTED_EDGE('',*,*,#2413,.F.);
#3356=ORIENTED_EDGE('',*,*,#2414,.F.);
#3357=ORIENTED_EDGE('',*,*,#2415,.F.);
#3358=ORIENTED_EDGE('',*,*,#2400,.F.);
#3359=ORIENTED_EDGE('',*,*,#2404,.F.);
#3360=ORIENTED_EDGE('',*,*,#2407,.F.);
#3361=ORIENTED_EDGE('',*,*,#2410,.F.);
#3362=ORIENTED_EDGE('',*,*,#2416,.F.);
#3363=ORIENTED_EDGE('',*,*,#2395,.T.);
#3364=ORIENTED_EDGE('',*,*,#2392,.F.);
#3365=ORIENTED_EDGE('',*,*,#2388,.T.);
#3366=ORIENTED_EDGE('',*,*,#2411,.T.);
#3367=ORIENTED_EDGE('',*,*,#2408,.T.);
#3368=ORIENTED_EDGE('',*,*,#2405,.T.);
#3369=ORIENTED_EDGE('',*,*,#2402,.T.);
#3370=ORIENTED_EDGE('',*,*,#2398,.T.);
#3371=ORIENTED_EDGE('',*,*,#2417,.F.);
#3372=ORIENTED_EDGE('',*,*,#2418,.F.);
#3373=ORIENTED_EDGE('',*,*,#2419,.F.);
#3374=ORIENTED_EDGE('',*,*,#2420,.F.);
#3375=ORIENTED_EDGE('',*,*,#2421,.F.);
#3376=ORIENTED_EDGE('',*,*,#2422,.F.);
#3377=ORIENTED_EDGE('',*,*,#2423,.F.);
#3378=ORIENTED_EDGE('',*,*,#2424,.F.);
#3379=ORIENTED_EDGE('',*,*,#2425,.F.);
#3380=ORIENTED_EDGE('',*,*,#2426,.F.);
#3381=ORIENTED_EDGE('',*,*,#2427,.F.);
#3382=ORIENTED_EDGE('',*,*,#2426,.T.);
#3383=ORIENTED_EDGE('',*,*,#2428,.F.);
#3384=ORIENTED_EDGE('',*,*,#2429,.F.);
#3385=ORIENTED_EDGE('',*,*,#2430,.F.);
#3386=ORIENTED_EDGE('',*,*,#2401,.T.);
#3387=ORIENTED_EDGE('',*,*,#2415,.T.);
#3388=ORIENTED_EDGE('',*,*,#2416,.T.);
#3389=ORIENTED_EDGE('',*,*,#2430,.T.);
#3390=ORIENTED_EDGE('',*,*,#2431,.T.);
#3391=ORIENTED_EDGE('',*,*,#2432,.F.);
#3392=ORIENTED_EDGE('',*,*,#2427,.T.);
#3393=ORIENTED_EDGE('',*,*,#2414,.T.);
#3394=ORIENTED_EDGE('',*,*,#2433,.T.);
#3395=ORIENTED_EDGE('',*,*,#2417,.T.);
#3396=ORIENTED_EDGE('',*,*,#2431,.F.);
#3397=ORIENTED_EDGE('',*,*,#2429,.T.);
#3398=ORIENTED_EDGE('',*,*,#2434,.F.);
#3399=ORIENTED_EDGE('',*,*,#2435,.F.);
#3400=ORIENTED_EDGE('',*,*,#2436,.F.);
#3401=ORIENTED_EDGE('',*,*,#2437,.F.);
#3402=ORIENTED_EDGE('',*,*,#2438,.T.);
#3403=ORIENTED_EDGE('',*,*,#2439,.T.);
#3404=ORIENTED_EDGE('',*,*,#2440,.F.);
#3405=ORIENTED_EDGE('',*,*,#2441,.T.);
#3406=ORIENTED_EDGE('',*,*,#2433,.F.);
#3407=ORIENTED_EDGE('',*,*,#2413,.T.);
#3408=ORIENTED_EDGE('',*,*,#2396,.F.);
#3409=ORIENTED_EDGE('',*,*,#2432,.T.);
#3410=ORIENTED_EDGE('',*,*,#2441,.F.);
#3411=ORIENTED_EDGE('',*,*,#2442,.T.);
#3412=ORIENTED_EDGE('',*,*,#2418,.T.);
#3413=ORIENTED_EDGE('',*,*,#2440,.T.);
#3414=ORIENTED_EDGE('',*,*,#2443,.T.);
#3415=ORIENTED_EDGE('',*,*,#2419,.T.);
#3416=ORIENTED_EDGE('',*,*,#2442,.F.);
#3417=ORIENTED_EDGE('',*,*,#2439,.F.);
#3418=ORIENTED_EDGE('',*,*,#2444,.T.);
#3419=ORIENTED_EDGE('',*,*,#2420,.T.);
#3420=ORIENTED_EDGE('',*,*,#2443,.F.);
#3421=ORIENTED_EDGE('',*,*,#2438,.F.);
#3422=ORIENTED_EDGE('',*,*,#2445,.T.);
#3423=ORIENTED_EDGE('',*,*,#2421,.T.);
#3424=ORIENTED_EDGE('',*,*,#2444,.F.);
#3425=ORIENTED_EDGE('',*,*,#2437,.T.);
#3426=ORIENTED_EDGE('',*,*,#2446,.T.);
#3427=ORIENTED_EDGE('',*,*,#2422,.T.);
#3428=ORIENTED_EDGE('',*,*,#2445,.F.);
#3429=ORIENTED_EDGE('',*,*,#2436,.T.);
#3430=ORIENTED_EDGE('',*,*,#2447,.T.);
#3431=ORIENTED_EDGE('',*,*,#2423,.T.);
#3432=ORIENTED_EDGE('',*,*,#2446,.F.);
#3433=ORIENTED_EDGE('',*,*,#2435,.T.);
#3434=ORIENTED_EDGE('',*,*,#2448,.T.);
#3435=ORIENTED_EDGE('',*,*,#2424,.T.);
#3436=ORIENTED_EDGE('',*,*,#2447,.F.);
#3437=ORIENTED_EDGE('',*,*,#2434,.T.);
#3438=ORIENTED_EDGE('',*,*,#2428,.T.);
#3439=ORIENTED_EDGE('',*,*,#2425,.T.);
#3440=ORIENTED_EDGE('',*,*,#2448,.F.);
#3441=ORIENTED_EDGE('',*,*,#2449,.F.);
#3442=ORIENTED_EDGE('',*,*,#2450,.T.);
#3443=ORIENTED_EDGE('',*,*,#2451,.F.);
#3444=ORIENTED_EDGE('',*,*,#2452,.T.);
#3445=ORIENTED_EDGE('',*,*,#2453,.F.);
#3446=ORIENTED_EDGE('',*,*,#2454,.T.);
#3447=ORIENTED_EDGE('',*,*,#2455,.F.);
#3448=ORIENTED_EDGE('',*,*,#2456,.T.);
#3449=ORIENTED_EDGE('',*,*,#2457,.F.);
#3450=ORIENTED_EDGE('',*,*,#2458,.T.);
#3451=ORIENTED_EDGE('',*,*,#2459,.F.);
#3452=ORIENTED_EDGE('',*,*,#2460,.T.);
#3453=ORIENTED_EDGE('',*,*,#2461,.F.);
#3454=ORIENTED_EDGE('',*,*,#2462,.F.);
#3455=ORIENTED_EDGE('',*,*,#2463,.F.);
#3456=ORIENTED_EDGE('',*,*,#2464,.F.);
#3457=ORIENTED_EDGE('',*,*,#2465,.F.);
#3458=ORIENTED_EDGE('',*,*,#2464,.T.);
#3459=ORIENTED_EDGE('',*,*,#2466,.F.);
#3460=ORIENTED_EDGE('',*,*,#2467,.F.);
#3461=ORIENTED_EDGE('',*,*,#2468,.F.);
#3462=ORIENTED_EDGE('',*,*,#2469,.T.);
#3463=ORIENTED_EDGE('',*,*,#2470,.T.);
#3464=ORIENTED_EDGE('',*,*,#2462,.T.);
#3465=ORIENTED_EDGE('',*,*,#2471,.F.);
#3466=ORIENTED_EDGE('',*,*,#2466,.T.);
#3467=ORIENTED_EDGE('',*,*,#2463,.T.);
#3468=ORIENTED_EDGE('',*,*,#2470,.F.);
#3469=ORIENTED_EDGE('',*,*,#2468,.T.);
#3470=ORIENTED_EDGE('',*,*,#2461,.T.);
#3471=ORIENTED_EDGE('',*,*,#2465,.T.);
#3472=ORIENTED_EDGE('',*,*,#2472,.F.);
#3473=ORIENTED_EDGE('',*,*,#2473,.F.);
#3474=ORIENTED_EDGE('',*,*,#2474,.F.);
#3475=ORIENTED_EDGE('',*,*,#2475,.F.);
#3476=ORIENTED_EDGE('',*,*,#2476,.F.);
#3477=ORIENTED_EDGE('',*,*,#2472,.T.);
#3478=ORIENTED_EDGE('',*,*,#2467,.T.);
#3479=ORIENTED_EDGE('',*,*,#2471,.T.);
#3480=ORIENTED_EDGE('',*,*,#2469,.F.);
#3481=ORIENTED_EDGE('',*,*,#2476,.T.);
#3482=ORIENTED_EDGE('',*,*,#2477,.T.);
#3483=ORIENTED_EDGE('',*,*,#2478,.T.);
#3484=ORIENTED_EDGE('',*,*,#2479,.T.);
#3485=ORIENTED_EDGE('',*,*,#2480,.T.);
#3486=ORIENTED_EDGE('',*,*,#2481,.T.);
#3487=ORIENTED_EDGE('',*,*,#2482,.T.);
#3488=ORIENTED_EDGE('',*,*,#2483,.T.);
#3489=ORIENTED_EDGE('',*,*,#2484,.T.);
#3490=ORIENTED_EDGE('',*,*,#2485,.F.);
#3491=ORIENTED_EDGE('',*,*,#2486,.T.);
#3492=ORIENTED_EDGE('',*,*,#2487,.T.);
#3493=ORIENTED_EDGE('',*,*,#2488,.T.);
#3494=ORIENTED_EDGE('',*,*,#2489,.T.);
#3495=ORIENTED_EDGE('',*,*,#2490,.T.);
#3496=ORIENTED_EDGE('',*,*,#2491,.T.);
#3497=ORIENTED_EDGE('',*,*,#2492,.T.);
#3498=ORIENTED_EDGE('',*,*,#2493,.T.);
#3499=ORIENTED_EDGE('',*,*,#2494,.T.);
#3500=ORIENTED_EDGE('',*,*,#2495,.F.);
#3501=ORIENTED_EDGE('',*,*,#2496,.T.);
#3502=ORIENTED_EDGE('',*,*,#2497,.F.);
#3503=ORIENTED_EDGE('',*,*,#2498,.F.);
#3504=ORIENTED_EDGE('',*,*,#2499,.T.);
#3505=ORIENTED_EDGE('',*,*,#2500,.F.);
#3506=ORIENTED_EDGE('',*,*,#2501,.F.);
#3507=ORIENTED_EDGE('',*,*,#2502,.F.);
#3508=ORIENTED_EDGE('',*,*,#2503,.F.);
#3509=ORIENTED_EDGE('',*,*,#2504,.F.);
#3510=ORIENTED_EDGE('',*,*,#2503,.T.);
#3511=ORIENTED_EDGE('',*,*,#2505,.F.);
#3512=ORIENTED_EDGE('',*,*,#2497,.T.);
#3513=ORIENTED_EDGE('',*,*,#2506,.F.);
#3514=ORIENTED_EDGE('',*,*,#2499,.F.);
#3515=ORIENTED_EDGE('',*,*,#2507,.T.);
#3516=ORIENTED_EDGE('',*,*,#2501,.T.);
#3517=ORIENTED_EDGE('',*,*,#2498,.T.);
#3518=ORIENTED_EDGE('',*,*,#2505,.T.);
#3519=ORIENTED_EDGE('',*,*,#2502,.T.);
#3520=ORIENTED_EDGE('',*,*,#2507,.F.);
#3521=ORIENTED_EDGE('',*,*,#2506,.T.);
#3522=ORIENTED_EDGE('',*,*,#2500,.T.);
#3523=ORIENTED_EDGE('',*,*,#2504,.T.);
#3524=ORIENTED_EDGE('',*,*,#2496,.F.);
#3525=ORIENTED_EDGE('',*,*,#2508,.F.);
#3526=ORIENTED_EDGE('',*,*,#2509,.F.);
#3527=ORIENTED_EDGE('',*,*,#2510,.F.);
#3528=ORIENTED_EDGE('',*,*,#2486,.F.);
#3529=ORIENTED_EDGE('',*,*,#2511,.F.);
#3530=ORIENTED_EDGE('',*,*,#2479,.F.);
#3531=ORIENTED_EDGE('',*,*,#2512,.F.);
#3532=ORIENTED_EDGE('',*,*,#2454,.F.);
#3533=ORIENTED_EDGE('',*,*,#2513,.F.);
#3534=ORIENTED_EDGE('',*,*,#2452,.F.);
#3535=ORIENTED_EDGE('',*,*,#2514,.F.);
#3536=ORIENTED_EDGE('',*,*,#2481,.F.);
#3537=ORIENTED_EDGE('',*,*,#2514,.T.);
#3538=ORIENTED_EDGE('',*,*,#2451,.T.);
#3539=ORIENTED_EDGE('',*,*,#2515,.T.);
#3540=ORIENTED_EDGE('',*,*,#2482,.F.);
#3541=ORIENTED_EDGE('',*,*,#2511,.T.);
#3542=ORIENTED_EDGE('',*,*,#2453,.T.);
#3543=ORIENTED_EDGE('',*,*,#2513,.T.);
#3544=ORIENTED_EDGE('',*,*,#2480,.F.);
#3545=ORIENTED_EDGE('',*,*,#2515,.F.);
#3546=ORIENTED_EDGE('',*,*,#2450,.F.);
#3547=ORIENTED_EDGE('',*,*,#2516,.F.);
#3548=ORIENTED_EDGE('',*,*,#2483,.F.);
#3549=ORIENTED_EDGE('',*,*,#2517,.F.);
#3550=ORIENTED_EDGE('',*,*,#2489,.F.);
#3551=ORIENTED_EDGE('',*,*,#2518,.F.);
#3552=ORIENTED_EDGE('',*,*,#2460,.F.);
#3553=ORIENTED_EDGE('',*,*,#2519,.F.);
#3554=ORIENTED_EDGE('',*,*,#2458,.F.);
#3555=ORIENTED_EDGE('',*,*,#2520,.F.);
#3556=ORIENTED_EDGE('',*,*,#2491,.F.);
#3557=ORIENTED_EDGE('',*,*,#2517,.T.);
#3558=ORIENTED_EDGE('',*,*,#2459,.T.);
#3559=ORIENTED_EDGE('',*,*,#2519,.T.);
#3560=ORIENTED_EDGE('',*,*,#2490,.F.);
#3561=ORIENTED_EDGE('',*,*,#2520,.T.);
#3562=ORIENTED_EDGE('',*,*,#2457,.T.);
#3563=ORIENTED_EDGE('',*,*,#2521,.T.);
#3564=ORIENTED_EDGE('',*,*,#2492,.F.);
#3565=ORIENTED_EDGE('',*,*,#2521,.F.);
#3566=ORIENTED_EDGE('',*,*,#2456,.F.);
#3567=ORIENTED_EDGE('',*,*,#2522,.F.);
#3568=ORIENTED_EDGE('',*,*,#2493,.F.);
#3569=ORIENTED_EDGE('',*,*,#2523,.F.);
#3570=ORIENTED_EDGE('',*,*,#2524,.F.);
#3571=ORIENTED_EDGE('',*,*,#2525,.F.);
#3572=ORIENTED_EDGE('',*,*,#2494,.F.);
#3573=ORIENTED_EDGE('',*,*,#2522,.T.);
#3574=ORIENTED_EDGE('',*,*,#2455,.T.);
#3575=ORIENTED_EDGE('',*,*,#2512,.T.);
#3576=ORIENTED_EDGE('',*,*,#2478,.F.);
#3577=ORIENTED_EDGE('',*,*,#2526,.F.);
#3578=ORIENTED_EDGE('',*,*,#2527,.F.);
#3579=ORIENTED_EDGE('',*,*,#2528,.F.);
#3580=ORIENTED_EDGE('',*,*,#2525,.T.);
#3581=ORIENTED_EDGE('',*,*,#2529,.T.);
#3582=ORIENTED_EDGE('',*,*,#2527,.T.);
#3583=ORIENTED_EDGE('',*,*,#2508,.T.);
#3584=ORIENTED_EDGE('',*,*,#2495,.T.);
#3585=ORIENTED_EDGE('',*,*,#2530,.F.);
#3586=ORIENTED_EDGE('',*,*,#2531,.F.);
#3587=ORIENTED_EDGE('',*,*,#2532,.F.);
#3588=ORIENTED_EDGE('',*,*,#2533,.T.);
#3589=ORIENTED_EDGE('',*,*,#2487,.F.);
#3590=ORIENTED_EDGE('',*,*,#2510,.T.);
#3591=ORIENTED_EDGE('',*,*,#2531,.T.);
#3592=ORIENTED_EDGE('',*,*,#2534,.T.);
#3593=ORIENTED_EDGE('',*,*,#2532,.T.);
#3594=ORIENTED_EDGE('',*,*,#2509,.T.);
#3595=ORIENTED_EDGE('',*,*,#2526,.T.);
#3596=ORIENTED_EDGE('',*,*,#2535,.T.);
#3597=ORIENTED_EDGE('',*,*,#2536,.F.);
#3598=ORIENTED_EDGE('',*,*,#2537,.F.);
#3599=ORIENTED_EDGE('',*,*,#2538,.F.);
#3600=ORIENTED_EDGE('',*,*,#2523,.T.);
#3601=ORIENTED_EDGE('',*,*,#2477,.F.);
#3602=ORIENTED_EDGE('',*,*,#2475,.T.);
#3603=ORIENTED_EDGE('',*,*,#2537,.T.);
#3604=ORIENTED_EDGE('',*,*,#2539,.T.);
#3605=ORIENTED_EDGE('',*,*,#2540,.F.);
#3606=ORIENTED_EDGE('',*,*,#2541,.F.);
#3607=ORIENTED_EDGE('',*,*,#2542,.F.);
#3608=ORIENTED_EDGE('',*,*,#2543,.T.);
#3609=ORIENTED_EDGE('',*,*,#2544,.T.);
#3610=ORIENTED_EDGE('',*,*,#2541,.T.);
#3611=ORIENTED_EDGE('',*,*,#2473,.T.);
#3612=ORIENTED_EDGE('',*,*,#2485,.T.);
#3613=ORIENTED_EDGE('',*,*,#2542,.T.);
#3614=ORIENTED_EDGE('',*,*,#2545,.T.);
#3615=ORIENTED_EDGE('',*,*,#2530,.T.);
#3616=ORIENTED_EDGE('',*,*,#2546,.T.);
#3617=ORIENTED_EDGE('',*,*,#2538,.T.);
#3618=ORIENTED_EDGE('',*,*,#2474,.T.);
#3619=ORIENTED_EDGE('',*,*,#2540,.T.);
#3620=ORIENTED_EDGE('',*,*,#2547,.T.);
#3621=ORIENTED_EDGE('',*,*,#2528,.T.);
#3622=ORIENTED_EDGE('',*,*,#2548,.T.);
#3623=ORIENTED_EDGE('',*,*,#2536,.T.);
#3624=ORIENTED_EDGE('',*,*,#2549,.T.);
#3625=ORIENTED_EDGE('',*,*,#2534,.F.);
#3626=ORIENTED_EDGE('',*,*,#2545,.F.);
#3627=ORIENTED_EDGE('',*,*,#2544,.F.);
#3628=ORIENTED_EDGE('',*,*,#2550,.T.);
#3629=ORIENTED_EDGE('',*,*,#2533,.F.);
#3630=ORIENTED_EDGE('',*,*,#2550,.F.);
#3631=ORIENTED_EDGE('',*,*,#2543,.F.);
#3632=ORIENTED_EDGE('',*,*,#2484,.F.);
#3633=ORIENTED_EDGE('',*,*,#2516,.T.);
#3634=ORIENTED_EDGE('',*,*,#2449,.T.);
#3635=ORIENTED_EDGE('',*,*,#2518,.T.);
#3636=ORIENTED_EDGE('',*,*,#2488,.F.);
#3637=ORIENTED_EDGE('',*,*,#2535,.F.);
#3638=ORIENTED_EDGE('',*,*,#2549,.F.);
#3639=ORIENTED_EDGE('',*,*,#2547,.F.);
#3640=ORIENTED_EDGE('',*,*,#2546,.F.);
#3641=ORIENTED_EDGE('',*,*,#2529,.F.);
#3642=ORIENTED_EDGE('',*,*,#2524,.T.);
#3643=ORIENTED_EDGE('',*,*,#2539,.F.);
#3644=ORIENTED_EDGE('',*,*,#2548,.F.);
#3645=CYLINDRICAL_SURFACE('',#3957,0.240439629096588);
#3646=CYLINDRICAL_SURFACE('',#3965,0.0299999999999997);
#3647=CYLINDRICAL_SURFACE('',#3983,0.260439629096588);
#3648=CYLINDRICAL_SURFACE('',#3985,0.240439629096588);
#3649=CYLINDRICAL_SURFACE('',#3990,0.05);
#3650=CYLINDRICAL_SURFACE('',#3995,0.05);
#3651=CYLINDRICAL_SURFACE('',#3998,0.0299999999999997);
#3652=CYLINDRICAL_SURFACE('',#4015,0.240439629096588);
#3653=CYLINDRICAL_SURFACE('',#4016,0.260439629096588);
#3654=CYLINDRICAL_SURFACE('',#4022,0.05);
#3655=CYLINDRICAL_SURFACE('',#4027,0.05);
#3656=CYLINDRICAL_SURFACE('',#4036,0.055);
#3657=CYLINDRICAL_SURFACE('',#4041,0.055);
#3658=CYLINDRICAL_SURFACE('',#4049,0.285305498594266);
#3659=CYLINDRICAL_SURFACE('',#4051,0.265305498594266);
#3660=CYLINDRICAL_SURFACE('',#4056,0.0550000000000006);
#3661=CYLINDRICAL_SURFACE('',#4066,0.055);
#3662=CYLINDRICAL_SURFACE('',#4076,0.285305498594266);
#3663=CYLINDRICAL_SURFACE('',#4078,0.265305498594266);
#3664=CYLINDRICAL_SURFACE('',#4082,0.260439629096588);
#3665=CYLINDRICAL_SURFACE('',#4086,0.240439629096588);
#3666=CYLINDRICAL_SURFACE('',#4093,0.240439629096588);
#3667=CYLINDRICAL_SURFACE('',#4097,0.260439629096588);
#3668=CYLINDRICAL_SURFACE('',#4102,0.260439629096588);
#3669=CYLINDRICAL_SURFACE('',#4106,0.240439629096588);
#3670=CYLINDRICAL_SURFACE('',#4113,0.240439629096588);
#3671=CYLINDRICAL_SURFACE('',#4117,0.260439629096588);
#3672=CYLINDRICAL_SURFACE('',#4127,0.265305498594266);
#3673=CYLINDRICAL_SURFACE('',#4134,0.240439629096588);
#3674=CYLINDRICAL_SURFACE('',#4141,0.240439629096588);
#3675=CYLINDRICAL_SURFACE('',#4147,0.265305498594266);
#3676=CYLINDRICAL_SURFACE('',#4154,0.240439629096588);
#3677=CYLINDRICAL_SURFACE('',#4161,0.0299999999999997);
#3678=CYLINDRICAL_SURFACE('',#4178,0.240439629096588);
#3679=CYLINDRICAL_SURFACE('',#4179,0.260439629096588);
#3680=CYLINDRICAL_SURFACE('',#4185,0.05);
#3681=CYLINDRICAL_SURFACE('',#4190,0.05);
#3682=CYLINDRICAL_SURFACE('',#4194,0.0299999999999997);
#3683=CYLINDRICAL_SURFACE('',#4212,0.260439629096588);
#3684=CYLINDRICAL_SURFACE('',#4214,0.240439629096588);
#3685=CYLINDRICAL_SURFACE('',#4219,0.05);
#3686=CYLINDRICAL_SURFACE('',#4224,0.05);
#3687=CYLINDRICAL_SURFACE('',#4255,0.260439629096588);
#3688=CYLINDRICAL_SURFACE('',#4256,0.285305498594266);
#3689=CYLINDRICAL_SURFACE('',#4259,0.260439629096588);
#3690=CYLINDRICAL_SURFACE('',#4260,0.260439629096588);
#3691=CYLINDRICAL_SURFACE('',#4261,0.285305498594266);
#3692=CYLINDRICAL_SURFACE('',#4264,0.260439629096588);
#3693=CYLINDRICAL_SURFACE('',#4272,0.01);
#3694=CYLINDRICAL_SURFACE('',#4277,0.01);
#3695=CYLINDRICAL_SURFACE('',#4279,0.01);
#3696=CYLINDRICAL_SURFACE('',#4284,0.01);
#3697=CYLINDRICAL_SURFACE('',#4289,0.01);
#3698=CYLINDRICAL_SURFACE('',#4291,0.01);
#3699=CYLINDRICAL_SURFACE('',#4292,0.01);
#3700=CYLINDRICAL_SURFACE('',#4293,0.01);
#3701=ADVANCED_FACE('',(#226),#3645,.T.);
#3702=ADVANCED_FACE('',(#227),#61,.T.);
#3703=ADVANCED_FACE('',(#228),#62,.F.);
#3704=ADVANCED_FACE('',(#229),#63,.T.);
#3705=ADVANCED_FACE('',(#230),#64,.T.);
#3706=ADVANCED_FACE('',(#231),#65,.T.);
#3707=ADVANCED_FACE('',(#232),#3646,.F.);
#3708=ADVANCED_FACE('',(#233),#66,.T.);
#3709=ADVANCED_FACE('',(#234),#67,.T.);
#3710=ADVANCED_FACE('',(#235),#68,.T.);
#3711=ADVANCED_FACE('',(#236),#69,.T.);
#3712=ADVANCED_FACE('',(#237),#70,.T.);
#3713=ADVANCED_FACE('',(#238),#71,.T.);
#3714=ADVANCED_FACE('',(#239),#72,.T.);
#3715=ADVANCED_FACE('',(#240),#73,.F.);
#3716=ADVANCED_FACE('',(#241),#74,.T.);
#3717=ADVANCED_FACE('',(#242),#75,.T.);
#3718=ADVANCED_FACE('',(#243),#3647,.T.);
#3719=ADVANCED_FACE('',(#244),#3648,.F.);
#3720=ADVANCED_FACE('',(#245),#76,.F.);
#3721=ADVANCED_FACE('',(#246),#77,.T.);
#3722=ADVANCED_FACE('',(#247),#3649,.F.);
#3723=ADVANCED_FACE('',(#248),#78,.T.);
#3724=ADVANCED_FACE('',(#249),#79,.T.);
#3725=ADVANCED_FACE('',(#250),#80,.T.);
#3726=ADVANCED_FACE('',(#251),#81,.T.);
#3727=ADVANCED_FACE('',(#252),#3650,.F.);
#3728=ADVANCED_FACE('',(#253),#82,.T.);
#3729=ADVANCED_FACE('',(#254),#83,.T.);
#3730=ADVANCED_FACE('',(#255),#3651,.F.);
#3731=ADVANCED_FACE('',(#256),#84,.T.);
#3732=ADVANCED_FACE('',(#257),#85,.T.);
#3733=ADVANCED_FACE('',(#258),#86,.T.);
#3734=ADVANCED_FACE('',(#259),#87,.T.);
#3735=ADVANCED_FACE('',(#260),#88,.T.);
#3736=ADVANCED_FACE('',(#261),#89,.T.);
#3737=ADVANCED_FACE('',(#262),#90,.T.);
#3738=ADVANCED_FACE('',(#263),#91,.F.);
#3739=ADVANCED_FACE('',(#264),#92,.T.);
#3740=ADVANCED_FACE('',(#265),#3652,.F.);
#3741=ADVANCED_FACE('',(#266),#3653,.T.);
#3742=ADVANCED_FACE('',(#267),#93,.F.);
#3743=ADVANCED_FACE('',(#268),#94,.T.);
#3744=ADVANCED_FACE('',(#269),#3654,.F.);
#3745=ADVANCED_FACE('',(#270),#95,.T.);
#3746=ADVANCED_FACE('',(#271),#96,.T.);
#3747=ADVANCED_FACE('',(#272),#97,.T.);
#3748=ADVANCED_FACE('',(#273),#98,.T.);
#3749=ADVANCED_FACE('',(#274),#3655,.F.);
#3750=ADVANCED_FACE('',(#275),#99,.T.);
#3751=ADVANCED_FACE('',(#276),#100,.T.);
#3752=ADVANCED_FACE('',(#277),#101,.T.);
#3753=ADVANCED_FACE('',(#278),#102,.T.);
#3754=ADVANCED_FACE('',(#279),#103,.F.);
#3755=ADVANCED_FACE('',(#280),#3656,.T.);
#3756=ADVANCED_FACE('',(#281),#104,.T.);
#3757=ADVANCED_FACE('',(#282),#105,.T.);
#3758=ADVANCED_FACE('',(#283),#106,.T.);
#3759=ADVANCED_FACE('',(#284),#3657,.T.);
#3760=ADVANCED_FACE('',(#285),#107,.T.);
#3761=ADVANCED_FACE('',(#286),#108,.T.);
#3762=ADVANCED_FACE('',(#287),#109,.T.);
#3763=ADVANCED_FACE('',(#288),#110,.T.);
#3764=ADVANCED_FACE('',(#289),#3658,.T.);
#3765=ADVANCED_FACE('',(#290),#3659,.F.);
#3766=ADVANCED_FACE('',(#291),#111,.F.);
#3767=ADVANCED_FACE('',(#292),#112,.T.);
#3768=ADVANCED_FACE('',(#293),#113,.T.);
#3769=ADVANCED_FACE('',(#294),#114,.T.);
#3770=ADVANCED_FACE('',(#295),#3660,.T.);
#3771=ADVANCED_FACE('',(#296),#115,.T.);
#3772=ADVANCED_FACE('',(#297),#116,.T.);
#3773=ADVANCED_FACE('',(#298),#117,.T.);
#3774=ADVANCED_FACE('',(#299),#118,.T.);
#3775=ADVANCED_FACE('',(#300),#119,.T.);
#3776=ADVANCED_FACE('',(#301),#120,.T.);
#3777=ADVANCED_FACE('',(#302),#121,.T.);
#3778=ADVANCED_FACE('',(#303),#3661,.T.);
#3779=ADVANCED_FACE('',(#304),#122,.T.);
#3780=ADVANCED_FACE('',(#305),#123,.F.);
#3781=ADVANCED_FACE('',(#306),#124,.F.);
#3782=ADVANCED_FACE('',(#307),#125,.F.);
#3783=ADVANCED_FACE('',(#308),#3662,.T.);
#3784=ADVANCED_FACE('',(#309),#3663,.F.);
#3785=ADVANCED_FACE('',(#310),#126,.T.);
#3786=ADVANCED_FACE('',(#311),#127,.F.);
#3787=ADVANCED_FACE('',(#312),#128,.F.);
#3788=ADVANCED_FACE('',(#313),#3664,.T.);
#3789=ADVANCED_FACE('',(#314),#129,.F.);
#3790=ADVANCED_FACE('',(#315),#3665,.F.);
#3791=ADVANCED_FACE('',(#316),#130,.F.);
#3792=ADVANCED_FACE('',(#317),#131,.F.);
#3793=ADVANCED_FACE('',(#318),#132,.T.);
#3794=ADVANCED_FACE('',(#319),#133,.F.);
#3795=ADVANCED_FACE('',(#320),#3666,.F.);
#3796=ADVANCED_FACE('',(#321),#134,.F.);
#3797=ADVANCED_FACE('',(#322),#3667,.T.);
#3798=ADVANCED_FACE('',(#323),#135,.F.);
#3799=ADVANCED_FACE('',(#324),#136,.T.);
#3800=ADVANCED_FACE('',(#325),#3668,.T.);
#3801=ADVANCED_FACE('',(#326),#137,.F.);
#3802=ADVANCED_FACE('',(#327),#3669,.F.);
#3803=ADVANCED_FACE('',(#328),#138,.F.);
#3804=ADVANCED_FACE('',(#329),#139,.F.);
#3805=ADVANCED_FACE('',(#330),#140,.T.);
#3806=ADVANCED_FACE('',(#331),#141,.F.);
#3807=ADVANCED_FACE('',(#332),#3670,.F.);
#3808=ADVANCED_FACE('',(#333),#142,.F.);
#3809=ADVANCED_FACE('',(#334),#3671,.T.);
#3810=ADVANCED_FACE('',(#335),#143,.F.);
#3811=ADVANCED_FACE('',(#336),#144,.T.);
#3812=ADVANCED_FACE('',(#337),#145,.T.);
#3813=ADVANCED_FACE('',(#338),#146,.F.);
#3814=ADVANCED_FACE('',(#339),#147,.T.);
#3815=ADVANCED_FACE('',(#340),#3672,.T.);
#3816=ADVANCED_FACE('',(#341),#148,.T.);
#3817=ADVANCED_FACE('',(#342),#149,.T.);
#3818=ADVANCED_FACE('',(#343),#150,.F.);
#3819=ADVANCED_FACE('',(#344),#151,.T.);
#3820=ADVANCED_FACE('',(#345),#3673,.T.);
#3821=ADVANCED_FACE('',(#346),#152,.T.);
#3822=ADVANCED_FACE('',(#347),#153,.T.);
#3823=ADVANCED_FACE('',(#348),#154,.F.);
#3824=ADVANCED_FACE('',(#349),#155,.T.);
#3825=ADVANCED_FACE('',(#350),#3674,.T.);
#3826=ADVANCED_FACE('',(#351),#156,.F.);
#3827=ADVANCED_FACE('',(#352),#157,.T.);
#3828=ADVANCED_FACE('',(#353),#158,.T.);
#3829=ADVANCED_FACE('',(#354),#3675,.T.);
#3830=ADVANCED_FACE('',(#355),#159,.T.);
#3831=ADVANCED_FACE('',(#356),#160,.T.);
#3832=ADVANCED_FACE('',(#357),#161,.F.);
#3833=ADVANCED_FACE('',(#358),#162,.T.);
#3834=ADVANCED_FACE('',(#359),#3676,.T.);
#3835=ADVANCED_FACE('',(#360),#163,.T.);
#3836=ADVANCED_FACE('',(#361),#164,.T.);
#3837=ADVANCED_FACE('',(#362),#165,.T.);
#3838=ADVANCED_FACE('',(#363),#166,.T.);
#3839=ADVANCED_FACE('',(#364),#167,.F.);
#3840=ADVANCED_FACE('',(#365),#168,.F.);
#3841=ADVANCED_FACE('',(#366),#3677,.F.);
#3842=ADVANCED_FACE('',(#367),#169,.F.);
#3843=ADVANCED_FACE('',(#368),#170,.F.);
#3844=ADVANCED_FACE('',(#369),#171,.F.);
#3845=ADVANCED_FACE('',(#370),#172,.F.);
#3846=ADVANCED_FACE('',(#371),#173,.F.);
#3847=ADVANCED_FACE('',(#372),#174,.F.);
#3848=ADVANCED_FACE('',(#373),#175,.F.);
#3849=ADVANCED_FACE('',(#374),#176,.T.);
#3850=ADVANCED_FACE('',(#375),#177,.F.);
#3851=ADVANCED_FACE('',(#376),#3678,.F.);
#3852=ADVANCED_FACE('',(#377),#3679,.T.);
#3853=ADVANCED_FACE('',(#378),#178,.T.);
#3854=ADVANCED_FACE('',(#379),#179,.F.);
#3855=ADVANCED_FACE('',(#380),#3680,.F.);
#3856=ADVANCED_FACE('',(#381),#180,.F.);
#3857=ADVANCED_FACE('',(#382),#181,.F.);
#3858=ADVANCED_FACE('',(#383),#182,.F.);
#3859=ADVANCED_FACE('',(#384),#183,.F.);
#3860=ADVANCED_FACE('',(#385),#3681,.F.);
#3861=ADVANCED_FACE('',(#386),#184,.F.);
#3862=ADVANCED_FACE('',(#387),#185,.F.);
#3863=ADVANCED_FACE('',(#388),#186,.F.);
#3864=ADVANCED_FACE('',(#389),#3682,.F.);
#3865=ADVANCED_FACE('',(#390),#187,.F.);
#3866=ADVANCED_FACE('',(#391),#188,.F.);
#3867=ADVANCED_FACE('',(#392),#189,.F.);
#3868=ADVANCED_FACE('',(#393),#190,.F.);
#3869=ADVANCED_FACE('',(#394),#191,.F.);
#3870=ADVANCED_FACE('',(#395),#192,.F.);
#3871=ADVANCED_FACE('',(#396),#193,.F.);
#3872=ADVANCED_FACE('',(#397),#194,.T.);
#3873=ADVANCED_FACE('',(#398),#195,.F.);
#3874=ADVANCED_FACE('',(#399),#196,.F.);
#3875=ADVANCED_FACE('',(#400),#3683,.T.);
#3876=ADVANCED_FACE('',(#401),#3684,.F.);
#3877=ADVANCED_FACE('',(#402),#197,.T.);
#3878=ADVANCED_FACE('',(#403),#198,.F.);
#3879=ADVANCED_FACE('',(#404),#3685,.F.);
#3880=ADVANCED_FACE('',(#405),#199,.F.);
#3881=ADVANCED_FACE('',(#406),#200,.F.);
#3882=ADVANCED_FACE('',(#407),#201,.F.);
#3883=ADVANCED_FACE('',(#408),#202,.F.);
#3884=ADVANCED_FACE('',(#409),#3686,.F.);
#3885=ADVANCED_FACE('',(#410),#203,.F.);
#3886=ADVANCED_FACE('',(#411),#204,.F.);
#3887=ADVANCED_FACE('',(#412),#205,.F.);
#3888=ADVANCED_FACE('',(#413),#206,.F.);
#3889=ADVANCED_FACE('',(#414),#207,.F.);
#3890=ADVANCED_FACE('',(#415),#208,.F.);
#3891=ADVANCED_FACE('',(#416),#209,.T.);
#3892=ADVANCED_FACE('',(#417),#210,.T.);
#3893=ADVANCED_FACE('',(#418),#211,.T.);
#3894=ADVANCED_FACE('',(#419),#212,.F.);
#3895=ADVANCED_FACE('',(#420),#213,.F.);
#3896=ADVANCED_FACE('',(#421),#214,.F.);
#3897=ADVANCED_FACE('',(#422),#215,.F.);
#3898=ADVANCED_FACE('',(#423),#216,.T.);
#3899=ADVANCED_FACE('',(#424),#3687,.F.);
#3900=ADVANCED_FACE('',(#425),#3688,.F.);
#3901=ADVANCED_FACE('',(#426),#217,.T.);
#3902=ADVANCED_FACE('',(#427),#218,.T.);
#3903=ADVANCED_FACE('',(#428),#3689,.F.);
#3904=ADVANCED_FACE('',(#429),#3690,.F.);
#3905=ADVANCED_FACE('',(#430),#3691,.F.);
#3906=ADVANCED_FACE('',(#431),#219,.T.);
#3907=ADVANCED_FACE('',(#432),#220,.T.);
#3908=ADVANCED_FACE('',(#433),#3692,.F.);
#3909=ADVANCED_FACE('',(#434),#221,.T.);
#3910=ADVANCED_FACE('',(#435),#13,.T.);
#3911=ADVANCED_FACE('',(#436),#3693,.T.);
#3912=ADVANCED_FACE('',(#437),#14,.T.);
#3913=ADVANCED_FACE('',(#438),#3694,.T.);
#3914=ADVANCED_FACE('',(#439),#3695,.T.);
#3915=ADVANCED_FACE('',(#440),#15,.T.);
#3916=ADVANCED_FACE('',(#441),#3696,.T.);
#3917=ADVANCED_FACE('',(#442),#16,.T.);
#3918=ADVANCED_FACE('',(#443),#3697,.T.);
#3919=ADVANCED_FACE('',(#444),#3698,.T.);
#3920=ADVANCED_FACE('',(#445),#3699,.T.);
#3921=ADVANCED_FACE('',(#446),#3700,.T.);
#3922=ADVANCED_FACE('',(#447),#222,.T.);
#3923=ADVANCED_FACE('',(#448),#223,.T.);
#3924=ADVANCED_FACE('',(#449),#224,.T.);
#3925=ADVANCED_FACE('',(#450),#225,.T.);
#3926=CLOSED_SHELL('',(#3701,#3702,#3703,#3704,#3705));
#3927=CLOSED_SHELL('',(#3706,#3707,#3708,#3709,#3710,#3711,#3712,#3713,
#3714,#3715,#3716,#3717,#3718,#3719,#3720,#3721,#3722,#3723,#3724,#3725,
#3726,#3727,#3728));
#3928=CLOSED_SHELL('',(#3729,#3730,#3731,#3732,#3733,#3734,#3735,#3736,
#3737,#3738,#3739,#3740,#3741,#3742,#3743,#3744,#3745,#3746,#3747,#3748,
#3749,#3750,#3751));
#3929=CLOSED_SHELL('',(#3752,#3753,#3754,#3755,#3756,#3757,#3758,#3759,
#3760,#3761,#3762,#3763,#3764,#3765,#3766,#3767));
#3930=CLOSED_SHELL('',(#3768,#3769,#3770,#3771,#3772,#3773,#3774,#3775,
#3776,#3777,#3778,#3779,#3780,#3781,#3782,#3783,#3784,#3785,#3786,#3787));
#3931=CLOSED_SHELL('',(#3788,#3789,#3790,#3791,#3792,#3793));
#3932=CLOSED_SHELL('',(#3794,#3795,#3796,#3797,#3798,#3799));
#3933=CLOSED_SHELL('',(#3800,#3801,#3802,#3803,#3804,#3805));
#3934=CLOSED_SHELL('',(#3806,#3807,#3808,#3809,#3810,#3811));
#3935=CLOSED_SHELL('',(#3812,#3813,#3814,#3815));
#3936=CLOSED_SHELL('',(#3816,#3817,#3818,#3819,#3820));
#3937=CLOSED_SHELL('',(#3821,#3822,#3823,#3824,#3825));
#3938=CLOSED_SHELL('',(#3826,#3827,#3828,#3829));
#3939=CLOSED_SHELL('',(#3830,#3831,#3832,#3833,#3834));
#3940=CLOSED_SHELL('',(#3835,#3836,#3837,#3838,#3839));
#3941=CLOSED_SHELL('',(#3840,#3841,#3842,#3843,#3844,#3845,#3846,#3847,
#3848,#3849,#3850,#3851,#3852,#3853,#3854,#3855,#3856,#3857,#3858,#3859,
#3860,#3861,#3862));
#3942=CLOSED_SHELL('',(#3863,#3864,#3865,#3866,#3867,#3868,#3869,#3870,
#3871,#3872,#3873,#3874,#3875,#3876,#3877,#3878,#3879,#3880,#3881,#3882,
#3883,#3884,#3885));
#3943=CLOSED_SHELL('',(#3886,#3887,#3888,#3889,#3890,#3891,#3892,#3893,
#3894,#3895,#3896,#3897,#3898,#3899,#3900,#3901,#3902,#3903,#3904,#3905,
#3906,#3907,#3908,#3909,#3910,#3911,#3912,#3913,#3914,#3915,#3916,#3917,
#3918,#3919,#3920,#3921,#3922,#3923,#3924,#3925));
#3944=DERIVED_UNIT_ELEMENT(#3946,1.);
#3945=DERIVED_UNIT_ELEMENT(#6549,-3.);
#3946=(
MASS_UNIT()
NAMED_UNIT(*)
SI_UNIT(.KILO.,.GRAM.)
);
#3947=DERIVED_UNIT((#3944,#3945));
#3948=MEASURE_REPRESENTATION_ITEM('density measure',
POSITIVE_RATIO_MEASURE(7850.),#3947);
#3949=PROPERTY_DEFINITION_REPRESENTATION(#3954,#3951);
#3950=PROPERTY_DEFINITION_REPRESENTATION(#3955,#3952);
#3951=REPRESENTATION('material name',(#3953),#6546);
#3952=REPRESENTATION('density',(#3948),#6546);
#3953=DESCRIPTIVE_REPRESENTATION_ITEM('Steel','Steel');
#3954=PROPERTY_DEFINITION('material property','material name',#6556);
#3955=PROPERTY_DEFINITION('material property','density of part',#6556);
#3956=AXIS2_PLACEMENT_3D('',#5413,#4298,#4299);
#3957=AXIS2_PLACEMENT_3D('',#5414,#4300,#4301);
#3958=AXIS2_PLACEMENT_3D('',#5417,#4302,#4303);
#3959=AXIS2_PLACEMENT_3D('',#5421,#4305,#4306);
#3960=AXIS2_PLACEMENT_3D('',#5423,#4308,#4309);
#3961=AXIS2_PLACEMENT_3D('',#5429,#4313,#4314);
#3962=AXIS2_PLACEMENT_3D('',#5431,#4316,#4317);
#3963=AXIS2_PLACEMENT_3D('',#5433,#4319,#4320);
#3964=AXIS2_PLACEMENT_3D('',#5434,#4321,#4322);
#3965=AXIS2_PLACEMENT_3D('',#5443,#4327,#4328);
#3966=AXIS2_PLACEMENT_3D('',#5445,#4329,#4330);
#3967=AXIS2_PLACEMENT_3D('',#5447,#4331,#4332);
#3968=AXIS2_PLACEMENT_3D('',#5449,#4334,#4335);
#3969=AXIS2_PLACEMENT_3D('',#5455,#4339,#4340);
#3970=AXIS2_PLACEMENT_3D('',#5464,#4345,#4346);
#3971=AXIS2_PLACEMENT_3D('',#5470,#4350,#4351);
#3972=AXIS2_PLACEMENT_3D('',#5476,#4355,#4356);
#3973=AXIS2_PLACEMENT_3D('',#5482,#4360,#4361);
#3974=AXIS2_PLACEMENT_3D('',#5485,#4364,#4365);
#3975=AXIS2_PLACEMENT_3D('',#5489,#4367,#4368);
#3976=AXIS2_PLACEMENT_3D('',#5491,#4370,#4371);
#3977=AXIS2_PLACEMENT_3D('',#5492,#4372,#4373);
#3978=AXIS2_PLACEMENT_3D('',#5493,#4374,#4375);
#3979=AXIS2_PLACEMENT_3D('',#5496,#4376,#4377);
#3980=AXIS2_PLACEMENT_3D('',#5502,#4380,#4381);
#3981=AXIS2_PLACEMENT_3D('',#5512,#4386,#4387);
#3982=AXIS2_PLACEMENT_3D('',#5514,#4389,#4390);
#3983=AXIS2_PLACEMENT_3D('',#5521,#4395,#4396);
#3984=AXIS2_PLACEMENT_3D('',#5524,#4398,#4399);
#3985=AXIS2_PLACEMENT_3D('',#5525,#4400,#4401);
#3986=AXIS2_PLACEMENT_3D('',#5527,#4403,#4404);
#3987=AXIS2_PLACEMENT_3D('',#5531,#4406,#4407);
#3988=AXIS2_PLACEMENT_3D('',#5541,#4412,#4413);
#3989=AXIS2_PLACEMENT_3D('',#5543,#4415,#4416);
#3990=AXIS2_PLACEMENT_3D('',#5545,#4418,#4419);
#3991=AXIS2_PLACEMENT_3D('',#5547,#4421,#4422);
#3992=AXIS2_PLACEMENT_3D('',#5549,#4424,#4425);
#3993=AXIS2_PLACEMENT_3D('',#5551,#4427,#4428);
#3994=AXIS2_PLACEMENT_3D('',#5553,#4430,#4431);
#3995=AXIS2_PLACEMENT_3D('',#5555,#4433,#4434);
#3996=AXIS2_PLACEMENT_3D('',#5557,#4436,#4437);
#3997=AXIS2_PLACEMENT_3D('',#5558,#4438,#4439);
#3998=AXIS2_PLACEMENT_3D('',#5567,#4444,#4445);
#3999=AXIS2_PLACEMENT_3D('',#5569,#4446,#4447);
#4000=AXIS2_PLACEMENT_3D('',#5571,#4448,#4449);
#4001=AXIS2_PLACEMENT_3D('',#5573,#4451,#4452);
#4002=AXIS2_PLACEMENT_3D('',#5579,#4456,#4457);
#4003=AXIS2_PLACEMENT_3D('',#5588,#4462,#4463);
#4004=AXIS2_PLACEMENT_3D('',#5594,#4467,#4468);
#4005=AXIS2_PLACEMENT_3D('',#5600,#4472,#4473);
#4006=AXIS2_PLACEMENT_3D('',#5606,#4477,#4478);
#4007=AXIS2_PLACEMENT_3D('',#5609,#4481,#4482);
#4008=AXIS2_PLACEMENT_3D('',#5613,#4484,#4485);
#4009=AXIS2_PLACEMENT_3D('',#5615,#4487,#4488);
#4010=AXIS2_PLACEMENT_3D('',#5616,#4489,#4490);
#4011=AXIS2_PLACEMENT_3D('',#5617,#4491,#4492);
#4012=AXIS2_PLACEMENT_3D('',#5620,#4493,#4494);
#4013=AXIS2_PLACEMENT_3D('',#5626,#4497,#4498);
#4014=AXIS2_PLACEMENT_3D('',#5636,#4503,#4504);
#4015=AXIS2_PLACEMENT_3D('',#5638,#4506,#4507);
#4016=AXIS2_PLACEMENT_3D('',#5641,#4510,#4511);
#4017=AXIS2_PLACEMENT_3D('',#5645,#4513,#4514);
#4018=AXIS2_PLACEMENT_3D('',#5647,#4516,#4517);
#4019=AXIS2_PLACEMENT_3D('',#5651,#4519,#4520);
#4020=AXIS2_PLACEMENT_3D('',#5661,#4525,#4526);
#4021=AXIS2_PLACEMENT_3D('',#5665,#4529,#4530);
#4022=AXIS2_PLACEMENT_3D('',#5667,#4532,#4533);
#4023=AXIS2_PLACEMENT_3D('',#5669,#4535,#4536);
#4024=AXIS2_PLACEMENT_3D('',#5671,#4538,#4539);
#4025=AXIS2_PLACEMENT_3D('',#5673,#4541,#4542);
#4026=AXIS2_PLACEMENT_3D('',#5675,#4544,#4545);
#4027=AXIS2_PLACEMENT_3D('',#5677,#4547,#4548);
#4028=AXIS2_PLACEMENT_3D('',#5679,#4550,#4551);
#4029=AXIS2_PLACEMENT_3D('',#5681,#4553,#4554);
#4030=AXIS2_PLACEMENT_3D('',#5682,#4555,#4556);
#4031=AXIS2_PLACEMENT_3D('',#5691,#4561,#4562);
#4032=AXIS2_PLACEMENT_3D('',#5700,#4567,#4568);
#4033=AXIS2_PLACEMENT_3D('',#5703,#4569,#4570);
#4034=AXIS2_PLACEMENT_3D('',#5707,#4572,#4573);
#4035=AXIS2_PLACEMENT_3D('',#5715,#4577,#4578);
#4036=AXIS2_PLACEMENT_3D('',#5717,#4580,#4581);
#4037=AXIS2_PLACEMENT_3D('',#5721,#4583,#4584);
#4038=AXIS2_PLACEMENT_3D('',#5723,#4586,#4587);
#4039=AXIS2_PLACEMENT_3D('',#5727,#4590,#4591);
#4040=AXIS2_PLACEMENT_3D('',#5731,#4594,#4595);
#4041=AXIS2_PLACEMENT_3D('',#5735,#4598,#4599);
#4042=AXIS2_PLACEMENT_3D('',#5737,#4600,#4601);
#4043=AXIS2_PLACEMENT_3D('',#5739,#4603,#4604);
#4044=AXIS2_PLACEMENT_3D('',#5744,#4607,#4608);
#4045=AXIS2_PLACEMENT_3D('',#5745,#4609,#4610);
#4046=AXIS2_PLACEMENT_3D('',#5752,#4615,#4616);
#4047=AXIS2_PLACEMENT_3D('',#5759,#4621,#4622);
#4048=AXIS2_PLACEMENT_3D('',#5760,#4623,#4624);
#4049=AXIS2_PLACEMENT_3D('',#5762,#4626,#4627);
#4050=AXIS2_PLACEMENT_3D('',#5763,#4628,#4629);
#4051=AXIS2_PLACEMENT_3D('',#5764,#4630,#4631);
#4052=AXIS2_PLACEMENT_3D('',#5765,#4632,#4633);
#4053=AXIS2_PLACEMENT_3D('',#5767,#4635,#4636);
#4054=AXIS2_PLACEMENT_3D('',#5768,#4637,#4638);
#4055=AXIS2_PLACEMENT_3D('',#5777,#4643,#4644);
#4056=AXIS2_PLACEMENT_3D('',#5786,#4649,#4650);
#4057=AXIS2_PLACEMENT_3D('',#5789,#4651,#4652);
#4058=AXIS2_PLACEMENT_3D('',#5793,#4654,#4655);
#4059=AXIS2_PLACEMENT_3D('',#5795,#4657,#4658);
#4060=AXIS2_PLACEMENT_3D('',#5801,#4662,#4663);
#4061=AXIS2_PLACEMENT_3D('',#5807,#4667,#4668);
#4062=AXIS2_PLACEMENT_3D('',#5813,#4672,#4673);
#4063=AXIS2_PLACEMENT_3D('',#5819,#4677,#4678);
#4064=AXIS2_PLACEMENT_3D('',#5825,#4682,#4683);
#4065=AXIS2_PLACEMENT_3D('',#5831,#4687,#4688);
#4066=AXIS2_PLACEMENT_3D('',#5837,#4692,#4693);
#4067=AXIS2_PLACEMENT_3D('',#5839,#4694,#4695);
#4068=AXIS2_PLACEMENT_3D('',#5841,#4696,#4697);
#4069=AXIS2_PLACEMENT_3D('',#5843,#4699,#4700);
#4070=AXIS2_PLACEMENT_3D('',#5847,#4702,#4703);
#4071=AXIS2_PLACEMENT_3D('',#5849,#4705,#4706);
#4072=AXIS2_PLACEMENT_3D('',#5852,#4707,#4708);
#4073=AXIS2_PLACEMENT_3D('',#5855,#4711,#4712);
#4074=AXIS2_PLACEMENT_3D('',#5862,#4717,#4718);
#4075=AXIS2_PLACEMENT_3D('',#5864,#4719,#4720);
#4076=AXIS2_PLACEMENT_3D('',#5867,#4723,#4724);
#4077=AXIS2_PLACEMENT_3D('',#5869,#4725,#4726);
#4078=AXIS2_PLACEMENT_3D('',#5871,#4728,#4729);
#4079=AXIS2_PLACEMENT_3D('',#5873,#4731,#4732);
#4080=AXIS2_PLACEMENT_3D('',#5876,#4735,#4736);
#4081=AXIS2_PLACEMENT_3D('',#5877,#4737,#4738);
#4082=AXIS2_PLACEMENT_3D('',#5878,#4739,#4740);
#4083=AXIS2_PLACEMENT_3D('',#5881,#4741,#4742);
#4084=AXIS2_PLACEMENT_3D('',#5885,#4744,#4745);
#4085=AXIS2_PLACEMENT_3D('',#5887,#4747,#4748);
#4086=AXIS2_PLACEMENT_3D('',#5893,#4752,#4753);
#4087=AXIS2_PLACEMENT_3D('',#5895,#4754,#4755);
#4088=AXIS2_PLACEMENT_3D('',#5898,#4757,#4758);
#4089=AXIS2_PLACEMENT_3D('',#5899,#4759,#4760);
#4090=AXIS2_PLACEMENT_3D('',#5902,#4763,#4764);
#4091=AXIS2_PLACEMENT_3D('',#5903,#4765,#4766);
#4092=AXIS2_PLACEMENT_3D('',#5904,#4767,#4768);
#4093=AXIS2_PLACEMENT_3D('',#5913,#4773,#4774);
#4094=AXIS2_PLACEMENT_3D('',#5915,#4775,#4776);
#4095=AXIS2_PLACEMENT_3D('',#5918,#4778,#4779);
#4096=AXIS2_PLACEMENT_3D('',#5919,#4780,#4781);
#4097=AXIS2_PLACEMENT_3D('',#5925,#4785,#4786);
#4098=AXIS2_PLACEMENT_3D('',#5926,#4787,#4788);
#4099=AXIS2_PLACEMENT_3D('',#5927,#4789,#4790);
#4100=AXIS2_PLACEMENT_3D('',#5928,#4791,#4792);
#4101=AXIS2_PLACEMENT_3D('',#5929,#4793,#4794);
#4102=AXIS2_PLACEMENT_3D('',#5930,#4795,#4796);
#4103=AXIS2_PLACEMENT_3D('',#5933,#4797,#4798);
#4104=AXIS2_PLACEMENT_3D('',#5937,#4800,#4801);
#4105=AXIS2_PLACEMENT_3D('',#5939,#4803,#4804);
#4106=AXIS2_PLACEMENT_3D('',#5945,#4808,#4809);
#4107=AXIS2_PLACEMENT_3D('',#5947,#4810,#4811);
#4108=AXIS2_PLACEMENT_3D('',#5950,#4813,#4814);
#4109=AXIS2_PLACEMENT_3D('',#5951,#4815,#4816);
#4110=AXIS2_PLACEMENT_3D('',#5954,#4819,#4820);
#4111=AXIS2_PLACEMENT_3D('',#5955,#4821,#4822);
#4112=AXIS2_PLACEMENT_3D('',#5956,#4823,#4824);
#4113=AXIS2_PLACEMENT_3D('',#5965,#4829,#4830);
#4114=AXIS2_PLACEMENT_3D('',#5967,#4831,#4832);
#4115=AXIS2_PLACEMENT_3D('',#5970,#4834,#4835);
#4116=AXIS2_PLACEMENT_3D('',#5971,#4836,#4837);
#4117=AXIS2_PLACEMENT_3D('',#5977,#4841,#4842);
#4118=AXIS2_PLACEMENT_3D('',#5978,#4843,#4844);
#4119=AXIS2_PLACEMENT_3D('',#5979,#4845,#4846);
#4120=AXIS2_PLACEMENT_3D('',#5980,#4847,#4848);
#4121=AXIS2_PLACEMENT_3D('',#5981,#4849,#4850);
#4122=AXIS2_PLACEMENT_3D('',#5982,#4851,#4852);
#4123=AXIS2_PLACEMENT_3D('',#5991,#4857,#4858);
#4124=AXIS2_PLACEMENT_3D('',#5992,#4859,#4860);
#4125=AXIS2_PLACEMENT_3D('',#5993,#4861,#4862);
#4126=AXIS2_PLACEMENT_3D('',#5994,#4863,#4864);
#4127=AXIS2_PLACEMENT_3D('',#5995,#4865,#4866);
#4128=AXIS2_PLACEMENT_3D('',#5996,#4867,#4868);
#4129=AXIS2_PLACEMENT_3D('',#5999,#4869,#4870);
#4130=AXIS2_PLACEMENT_3D('',#6003,#4873,#4874);
#4131=AXIS2_PLACEMENT_3D('',#6009,#4878,#4879);
#4132=AXIS2_PLACEMENT_3D('',#6011,#4880,#4881);
#4133=AXIS2_PLACEMENT_3D('',#6013,#4883,#4884);
#4134=AXIS2_PLACEMENT_3D('',#6015,#4886,#4887);
#4135=AXIS2_PLACEMENT_3D('',#6016,#4888,#4889);
#4136=AXIS2_PLACEMENT_3D('',#6019,#4890,#4891);
#4137=AXIS2_PLACEMENT_3D('',#6023,#4894,#4895);
#4138=AXIS2_PLACEMENT_3D('',#6029,#4899,#4900);
#4139=AXIS2_PLACEMENT_3D('',#6031,#4901,#4902);
#4140=AXIS2_PLACEMENT_3D('',#6033,#4904,#4905);
#4141=AXIS2_PLACEMENT_3D('',#6035,#4907,#4908);
#4142=AXIS2_PLACEMENT_3D('',#6036,#4909,#4910);
#4143=AXIS2_PLACEMENT_3D('',#6039,#4911,#4912);
#4144=AXIS2_PLACEMENT_3D('',#6041,#4914,#4915);
#4145=AXIS2_PLACEMENT_3D('',#6047,#4919,#4920);
#4146=AXIS2_PLACEMENT_3D('',#6048,#4921,#4922);
#4147=AXIS2_PLACEMENT_3D('',#6049,#4923,#4924);
#4148=AXIS2_PLACEMENT_3D('',#6050,#4925,#4926);
#4149=AXIS2_PLACEMENT_3D('',#6059,#4931,#4932);
#4150=AXIS2_PLACEMENT_3D('',#6065,#4936,#4937);
#4151=AXIS2_PLACEMENT_3D('',#6066,#4938,#4939);
#4152=AXIS2_PLACEMENT_3D('',#6067,#4940,#4941);
#4153=AXIS2_PLACEMENT_3D('',#6068,#4942,#4943);
#4154=AXIS2_PLACEMENT_3D('',#6069,#4944,#4945);
#4155=AXIS2_PLACEMENT_3D('',#6070,#4946,#4947);
#4156=AXIS2_PLACEMENT_3D('',#6079,#4952,#4953);
#4157=AXIS2_PLACEMENT_3D('',#6085,#4957,#4958);
#4158=AXIS2_PLACEMENT_3D('',#6088,#4961,#4962);
#4159=AXIS2_PLACEMENT_3D('',#6089,#4963,#4964);
#4160=AXIS2_PLACEMENT_3D('',#6090,#4965,#4966);
#4161=AXIS2_PLACEMENT_3D('',#6099,#4971,#4972);
#4162=AXIS2_PLACEMENT_3D('',#6101,#4973,#4974);
#4163=AXIS2_PLACEMENT_3D('',#6104,#4976,#4977);
#4164=AXIS2_PLACEMENT_3D('',#6105,#4978,#4979);
#4165=AXIS2_PLACEMENT_3D('',#6111,#4983,#4984);
#4166=AXIS2_PLACEMENT_3D('',#6120,#4989,#4990);
#4167=AXIS2_PLACEMENT_3D('',#6126,#4994,#4995);
#4168=AXIS2_PLACEMENT_3D('',#6132,#4999,#5000);
#4169=AXIS2_PLACEMENT_3D('',#6138,#5004,#5005);
#4170=AXIS2_PLACEMENT_3D('',#6141,#5008,#5009);
#4171=AXIS2_PLACEMENT_3D('',#6145,#5011,#5012);
#4172=AXIS2_PLACEMENT_3D('',#6147,#5014,#5015);
#4173=AXIS2_PLACEMENT_3D('',#6148,#5016,#5017);
#4174=AXIS2_PLACEMENT_3D('',#6149,#5018,#5019);
#4175=AXIS2_PLACEMENT_3D('',#6152,#5020,#5021);
#4176=AXIS2_PLACEMENT_3D('',#6156,#5023,#5024);
#4177=AXIS2_PLACEMENT_3D('',#6166,#5029,#5030);
#4178=AXIS2_PLACEMENT_3D('',#6170,#5033,#5034);
#4179=AXIS2_PLACEMENT_3D('',#6173,#5037,#5038);
#4180=AXIS2_PLACEMENT_3D('',#6177,#5040,#5041);
#4181=AXIS2_PLACEMENT_3D('',#6179,#5043,#5044);
#4182=AXIS2_PLACEMENT_3D('',#6185,#5047,#5048);
#4183=AXIS2_PLACEMENT_3D('',#6195,#5053,#5054);
#4184=AXIS2_PLACEMENT_3D('',#6197,#5056,#5057);
#4185=AXIS2_PLACEMENT_3D('',#6199,#5059,#5060);
#4186=AXIS2_PLACEMENT_3D('',#6201,#5062,#5063);
#4187=AXIS2_PLACEMENT_3D('',#6203,#5065,#5066);
#4188=AXIS2_PLACEMENT_3D('',#6205,#5068,#5069);
#4189=AXIS2_PLACEMENT_3D('',#6207,#5071,#5072);
#4190=AXIS2_PLACEMENT_3D('',#6209,#5074,#5075);
#4191=AXIS2_PLACEMENT_3D('',#6211,#5077,#5078);
#4192=AXIS2_PLACEMENT_3D('',#6213,#5080,#5081);
#4193=AXIS2_PLACEMENT_3D('',#6214,#5082,#5083);
#4194=AXIS2_PLACEMENT_3D('',#6223,#5088,#5089);
#4195=AXIS2_PLACEMENT_3D('',#6225,#5090,#5091);
#4196=AXIS2_PLACEMENT_3D('',#6228,#5093,#5094);
#4197=AXIS2_PLACEMENT_3D('',#6229,#5095,#5096);
#4198=AXIS2_PLACEMENT_3D('',#6235,#5100,#5101);
#4199=AXIS2_PLACEMENT_3D('',#6244,#5106,#5107);
#4200=AXIS2_PLACEMENT_3D('',#6250,#5111,#5112);
#4201=AXIS2_PLACEMENT_3D('',#6256,#5116,#5117);
#4202=AXIS2_PLACEMENT_3D('',#6262,#5121,#5122);
#4203=AXIS2_PLACEMENT_3D('',#6265,#5125,#5126);
#4204=AXIS2_PLACEMENT_3D('',#6269,#5128,#5129);
#4205=AXIS2_PLACEMENT_3D('',#6271,#5131,#5132);
#4206=AXIS2_PLACEMENT_3D('',#6272,#5133,#5134);
#4207=AXIS2_PLACEMENT_3D('',#6273,#5135,#5136);
#4208=AXIS2_PLACEMENT_3D('',#6276,#5137,#5138);
#4209=AXIS2_PLACEMENT_3D('',#6280,#5140,#5141);
#4210=AXIS2_PLACEMENT_3D('',#6290,#5146,#5147);
#4211=AXIS2_PLACEMENT_3D('',#6294,#5150,#5151);
#4212=AXIS2_PLACEMENT_3D('',#6301,#5156,#5157);
#4213=AXIS2_PLACEMENT_3D('',#6303,#5158,#5159);
#4214=AXIS2_PLACEMENT_3D('',#6305,#5161,#5162);
#4215=AXIS2_PLACEMENT_3D('',#6307,#5164,#5165);
#4216=AXIS2_PLACEMENT_3D('',#6311,#5167,#5168);
#4217=AXIS2_PLACEMENT_3D('',#6321,#5173,#5174);
#4218=AXIS2_PLACEMENT_3D('',#6323,#5176,#5177);
#4219=AXIS2_PLACEMENT_3D('',#6325,#5179,#5180);
#4220=AXIS2_PLACEMENT_3D('',#6327,#5182,#5183);
#4221=AXIS2_PLACEMENT_3D('',#6329,#5185,#5186);
#4222=AXIS2_PLACEMENT_3D('',#6331,#5188,#5189);
#4223=AXIS2_PLACEMENT_3D('',#6333,#5191,#5192);
#4224=AXIS2_PLACEMENT_3D('',#6335,#5194,#5195);
#4225=AXIS2_PLACEMENT_3D('',#6337,#5197,#5198);
#4226=AXIS2_PLACEMENT_3D('',#6338,#5199,#5200);
#4227=AXIS2_PLACEMENT_3D('',#6343,#5202,#5203);
#4228=AXIS2_PLACEMENT_3D('',#6347,#5205,#5206);
#4229=AXIS2_PLACEMENT_3D('',#6351,#5208,#5209);
#4230=AXIS2_PLACEMENT_3D('',#6355,#5211,#5212);
#4231=AXIS2_PLACEMENT_3D('',#6359,#5214,#5215);
#4232=AXIS2_PLACEMENT_3D('',#6362,#5217,#5218);
#4233=AXIS2_PLACEMENT_3D('',#6363,#5219,#5220);
#4234=AXIS2_PLACEMENT_3D('',#6372,#5225,#5226);
#4235=AXIS2_PLACEMENT_3D('',#6378,#5230,#5231);
#4236=AXIS2_PLACEMENT_3D('',#6384,#5235,#5236);
#4237=AXIS2_PLACEMENT_3D('',#6386,#5238,#5239);
#4238=AXIS2_PLACEMENT_3D('',#6396,#5245,#5246);
#4239=AXIS2_PLACEMENT_3D('',#6398,#5247,#5248);
#4240=AXIS2_PLACEMENT_3D('',#6402,#5250,#5251);
#4241=AXIS2_PLACEMENT_3D('',#6406,#5253,#5254);
#4242=AXIS2_PLACEMENT_3D('',#6410,#5256,#5257);
#4243=AXIS2_PLACEMENT_3D('',#6413,#5259,#5260);
#4244=AXIS2_PLACEMENT_3D('',#6414,#5261,#5262);
#4245=AXIS2_PLACEMENT_3D('',#6419,#5264,#5265);
#4246=AXIS2_PLACEMENT_3D('',#6423,#5267,#5268);
#4247=AXIS2_PLACEMENT_3D('',#6427,#5270,#5271);
#4248=AXIS2_PLACEMENT_3D('',#6431,#5273,#5274);
#4249=AXIS2_PLACEMENT_3D('',#6435,#5276,#5277);
#4250=AXIS2_PLACEMENT_3D('',#6443,#5282,#5283);
#4251=AXIS2_PLACEMENT_3D('',#6452,#5288,#5289);
#4252=AXIS2_PLACEMENT_3D('',#6455,#5292,#5293);
#4253=AXIS2_PLACEMENT_3D('',#6458,#5296,#5297);
#4254=AXIS2_PLACEMENT_3D('',#6459,#5298,#5299);
#4255=AXIS2_PLACEMENT_3D('',#6465,#5303,#5304);
#4256=AXIS2_PLACEMENT_3D('',#6468,#5307,#5308);
#4257=AXIS2_PLACEMENT_3D('',#6471,#5311,#5312);
#4258=AXIS2_PLACEMENT_3D('',#6473,#5314,#5315);
#4259=AXIS2_PLACEMENT_3D('',#6474,#5316,#5317);
#4260=AXIS2_PLACEMENT_3D('',#6476,#5319,#5320);
#4261=AXIS2_PLACEMENT_3D('',#6479,#5323,#5324);
#4262=AXIS2_PLACEMENT_3D('',#6482,#5327,#5328);
#4263=AXIS2_PLACEMENT_3D('',#6483,#5329,#5330);
#4264=AXIS2_PLACEMENT_3D('',#6485,#5332,#5333);
#4265=AXIS2_PLACEMENT_3D('',#6487,#5335,#5336);
#4266=AXIS2_PLACEMENT_3D('',#6489,#5337,#5338);
#4267=AXIS2_PLACEMENT_3D('',#6492,#5340,#5341);
#4268=AXIS2_PLACEMENT_3D('',#6493,#5342,#5343);
#4269=AXIS2_PLACEMENT_3D('',#6495,#5344,#5345);
#4270=AXIS2_PLACEMENT_3D('',#6497,#5346,#5347);
#4271=AXIS2_PLACEMENT_3D('',#6498,#5348,#5349);
#4272=AXIS2_PLACEMENT_3D('',#6499,#5350,#5351);
#4273=AXIS2_PLACEMENT_3D('',#6501,#5353,#5354);
#4274=AXIS2_PLACEMENT_3D('',#6504,#5355,#5356);
#4275=AXIS2_PLACEMENT_3D('',#6505,#5357,#5358);
#4276=AXIS2_PLACEMENT_3D('',#6506,#5359,#5360);
#4277=AXIS2_PLACEMENT_3D('',#6507,#5361,#5362);
#4278=AXIS2_PLACEMENT_3D('',#6509,#5363,#5364);
#4279=AXIS2_PLACEMENT_3D('',#6511,#5366,#5367);
#4280=AXIS2_PLACEMENT_3D('',#6513,#5369,#5370);
#4281=AXIS2_PLACEMENT_3D('',#6516,#5371,#5372);
#4282=AXIS2_PLACEMENT_3D('',#6517,#5373,#5374);
#4283=AXIS2_PLACEMENT_3D('',#6518,#5375,#5376);
#4284=AXIS2_PLACEMENT_3D('',#6519,#5377,#5378);
#4285=AXIS2_PLACEMENT_3D('',#6521,#5380,#5381);
#4286=AXIS2_PLACEMENT_3D('',#6523,#5382,#5383);
#4287=AXIS2_PLACEMENT_3D('',#6525,#5384,#5385);
#4288=AXIS2_PLACEMENT_3D('',#6526,#5386,#5387);
#4289=AXIS2_PLACEMENT_3D('',#6527,#5388,#5389);
#4290=AXIS2_PLACEMENT_3D('',#6529,#5390,#5391);
#4291=AXIS2_PLACEMENT_3D('',#6531,#5393,#5394);
#4292=AXIS2_PLACEMENT_3D('',#6534,#5397,#5398);
#4293=AXIS2_PLACEMENT_3D('',#6536,#5400,#5401);
#4294=AXIS2_PLACEMENT_3D('',#6539,#5404,#5405);
#4295=AXIS2_PLACEMENT_3D('',#6541,#5407,#5408);
#4296=AXIS2_PLACEMENT_3D('',#6542,#5409,#5410);
#4297=AXIS2_PLACEMENT_3D('',#6543,#5411,#5412);
#4298=DIRECTION('axis',(0.,0.,1.));
#4299=DIRECTION('refdir',(1.,0.,0.));
#4300=DIRECTION('center_axis',(0.,0.,1.));
#4301=DIRECTION('ref_axis',(-0.0419457553472137,-0.999119889506936,0.));
#4302=DIRECTION('center_axis',(0.,0.,1.));
#4303=DIRECTION('ref_axis',(-0.0419457553472137,-0.999119889506936,0.));
#4304=DIRECTION('',(0.,0.,1.));
#4305=DIRECTION('center_axis',(0.,0.,-1.));
#4306=DIRECTION('ref_axis',(-0.0419457553472137,-0.999119889506936,0.));
#4307=DIRECTION('',(0.,0.,-1.));
#4308=DIRECTION('center_axis',(1.,-1.22464679914735E-16,0.));
#4309=DIRECTION('ref_axis',(1.22464679914735E-16,1.,0.));
#4310=DIRECTION('',(-1.22464679914735E-16,-1.,0.));
#4311=DIRECTION('',(0.,0.,1.));
#4312=DIRECTION('',(-1.22464679914735E-16,-1.,0.));
#4313=DIRECTION('center_axis',(0.,0.,1.));
#4314=DIRECTION('ref_axis',(-1.,1.22464679914735E-16,0.));
#4315=DIRECTION('',(1.,-1.22464679914735E-16,0.));
#4316=DIRECTION('center_axis',(1.22464679914735E-16,1.,0.));
#4317=DIRECTION('ref_axis',(-1.,1.22464679914735E-16,0.));
#4318=DIRECTION('',(1.,-1.22464679914735E-16,0.));
#4319=DIRECTION('center_axis',(0.,0.,1.));
#4320=DIRECTION('ref_axis',(-1.,1.22464679914735E-16,0.));
#4321=DIRECTION('center_axis',(-1.22464679914735E-16,-1.,0.));
#4322=DIRECTION('ref_axis',(1.,-1.22464679914735E-16,0.));
#4323=DIRECTION('',(1.,-1.22464679914735E-16,0.));
#4324=DIRECTION('',(0.,0.,1.));
#4325=DIRECTION('',(1.,-1.22464679914735E-16,0.));
#4326=DIRECTION('',(0.,0.,1.));
#4327=DIRECTION('center_axis',(0.,0.,1.));
#4328=DIRECTION('ref_axis',(9.37432321845778E-15,1.,0.));
#4329=DIRECTION('center_axis',(0.,0.,1.));
#4330=DIRECTION('ref_axis',(9.37432321845778E-15,1.,0.));
#4331=DIRECTION('center_axis',(0.,0.,-1.));
#4332=DIRECTION('ref_axis',(9.37432321845778E-15,1.,0.));
#4333=DIRECTION('',(0.,0.,1.));
#4334=DIRECTION('center_axis',(1.,-1.22464679914735E-16,0.));
#4335=DIRECTION('ref_axis',(1.22464679914735E-16,1.,0.));
#4336=DIRECTION('',(1.22464679914735E-16,1.,0.));
#4337=DIRECTION('',(1.22464679914735E-16,1.,0.));
#4338=DIRECTION('',(0.,0.,1.));
#4339=DIRECTION('center_axis',(-0.730836030242679,0.682553072587855,0.));
#4340=DIRECTION('ref_axis',(-0.682553072587855,-0.730836030242679,0.));
#4341=DIRECTION('',(-0.682553072587855,-0.730836030242679,0.));
#4342=DIRECTION('',(0.,0.,1.));
#4343=DIRECTION('',(-0.682553072587855,-0.730836030242679,0.));
#4344=DIRECTION('',(0.,0.,1.));
#4345=DIRECTION('center_axis',(1.22464679914735E-16,1.,0.));
#4346=DIRECTION('ref_axis',(-1.,1.22464679914735E-16,0.));
#4347=DIRECTION('',(-1.,1.22464679914735E-16,0.));
#4348=DIRECTION('',(-1.,1.22464679914735E-16,0.));
#4349=DIRECTION('',(0.,0.,1.));
#4350=DIRECTION('center_axis',(-1.,1.22464679914735E-16,0.));
#4351=DIRECTION('ref_axis',(-1.22464679914735E-16,-1.,0.));
#4352=DIRECTION('',(-1.22464679914735E-16,-1.,0.));
#4353=DIRECTION('',(-1.22464679914735E-16,-1.,0.));
#4354=DIRECTION('',(0.,0.,1.));
#4355=DIRECTION('center_axis',(1.22464679914735E-16,1.,0.));
#4356=DIRECTION('ref_axis',(-1.,1.22464679914735E-16,0.));
#4357=DIRECTION('',(-1.,1.22464679914735E-16,0.));
#4358=DIRECTION('',(-1.,1.22464679914735E-16,0.));
#4359=DIRECTION('',(0.,0.,1.));
#4360=DIRECTION('center_axis',(1.,-1.22464679914735E-16,0.));
#4361=DIRECTION('ref_axis',(1.22464679914735E-16,1.,0.));
#4362=DIRECTION('',(1.22464679914735E-16,1.,0.));
#4363=DIRECTION('',(1.22464679914735E-16,1.,0.));
#4364=DIRECTION('center_axis',(0.,0.,1.));
#4365=DIRECTION('ref_axis',(1.,-1.22464679914735E-16,0.));
#4366=DIRECTION('',(-7.05572074225064E-15,-1.,0.));
#4367=DIRECTION('center_axis',(0.,0.,-1.));
#4368=DIRECTION('ref_axis',(0.985904294833982,0.167310254999236,0.));
#4369=DIRECTION('',(1.,-1.22464679914735E-16,0.));
#4370=DIRECTION('center_axis',(0.,0.,1.));
#4371=DIRECTION('ref_axis',(1.,-1.22464679914735E-16,0.));
#4372=DIRECTION('center_axis',(0.,0.,1.));
#4373=DIRECTION('ref_axis',(0.987998736240667,0.154461960323069,0.));
#4374=DIRECTION('center_axis',(0.,0.,-1.));
#4375=DIRECTION('ref_axis',(-1.,1.22464679914735E-16,0.));
#4376=DIRECTION('center_axis',(0.,0.,1.));
#4377=DIRECTION('ref_axis',(0.985904294833982,0.167310254999236,0.));
#4378=DIRECTION('',(1.22464679914735E-16,1.,0.));
#4379=DIRECTION('',(1.,-1.22464679914735E-16,0.));
#4380=DIRECTION('center_axis',(0.,0.,1.));
#4381=DIRECTION('ref_axis',(1.,-1.22464679914735E-16,0.));
#4382=DIRECTION('',(1.22464679914735E-16,1.,0.));
#4383=DIRECTION('',(1.,-1.22464679914735E-16,0.));
#4384=DIRECTION('',(-1.22464679914735E-16,-1.,0.));
#4385=DIRECTION('',(-1.,1.22464679914735E-16,0.));
#4386=DIRECTION('center_axis',(0.,0.,1.));
#4387=DIRECTION('ref_axis',(-1.,1.22464679914735E-16,0.));
#4388=DIRECTION('',(-1.,1.22464679914735E-16,0.));
#4389=DIRECTION('center_axis',(-1.,1.22464679914735E-16,0.));
#4390=DIRECTION('ref_axis',(1.22464679914735E-16,1.,0.));
#4391=DIRECTION('',(0.,0.,1.));
#4392=DIRECTION('',(0.,0.,-1.));
#4393=DIRECTION('',(1.22464679914735E-16,1.,0.));
#4394=DIRECTION('',(0.,0.,-1.));
#4395=DIRECTION('center_axis',(0.,0.,-1.));
#4396=DIRECTION('ref_axis',(0.987998736240667,0.154461960323069,0.));
#4397=DIRECTION('',(0.,0.,-1.));
#4398=DIRECTION('center_axis',(0.,0.,-1.));
#4399=DIRECTION('ref_axis',(0.987998736240667,0.154461960323069,0.));
#4400=DIRECTION('center_axis',(0.,0.,-1.));
#4401=DIRECTION('ref_axis',(0.985904294833982,0.167310254999236,0.));
#4402=DIRECTION('',(0.,0.,-1.));
#4403=DIRECTION('center_axis',(0.,0.,-1.));
#4404=DIRECTION('ref_axis',(-1.,1.22464679914735E-16,0.));
#4405=DIRECTION('',(-1.,1.22464679914735E-16,0.));
#4406=DIRECTION('center_axis',(0.,0.,-1.));
#4407=DIRECTION('ref_axis',(-1.,1.22464679914735E-16,0.));
#4408=DIRECTION('',(-1.,1.22464679914735E-16,0.));
#4409=DIRECTION('',(-1.22464679914735E-16,-1.,0.));
#4410=DIRECTION('',(-1.,1.22464679914735E-16,0.));
#4411=DIRECTION('',(-1.22464679914735E-16,-1.,0.));
#4412=DIRECTION('center_axis',(0.,0.,-1.));
#4413=DIRECTION('ref_axis',(1.,-1.22464679914735E-16,0.));
#4414=DIRECTION('',(-1.,1.22464679914735E-16,0.));
#4415=DIRECTION('center_axis',(-1.22464679914735E-16,-1.,0.));
#4416=DIRECTION('ref_axis',(-1.,1.22464679914735E-16,0.));
#4417=DIRECTION('',(0.,0.,-1.));
#4418=DIRECTION('center_axis',(0.,0.,-1.));
#4419=DIRECTION('ref_axis',(-1.,1.22464679914735E-16,0.));
#4420=DIRECTION('',(0.,0.,-1.));
#4421=DIRECTION('center_axis',(-1.22464679914735E-16,-1.,0.));
#4422=DIRECTION('ref_axis',(-1.,1.22464679914735E-16,0.));
#4423=DIRECTION('',(0.,0.,-1.));
#4424=DIRECTION('center_axis',(1.,-1.22464679914735E-16,0.));
#4425=DIRECTION('ref_axis',(-1.22464679914735E-16,-1.,0.));
#4426=DIRECTION('',(0.,0.,-1.));
#4427=DIRECTION('center_axis',(1.22464679914735E-16,1.,0.));
#4428=DIRECTION('ref_axis',(1.,-1.22464679914735E-16,0.));
#4429=DIRECTION('',(0.,0.,-1.));
#4430=DIRECTION('center_axis',(-1.,1.22464679914735E-16,0.));
#4431=DIRECTION('ref_axis',(1.22464679914735E-16,1.,0.));
#4432=DIRECTION('',(0.,0.,-1.));
#4433=DIRECTION('center_axis',(0.,0.,-1.));
#4434=DIRECTION('ref_axis',(1.,-1.22464679914735E-16,0.));
#4435=DIRECTION('',(0.,0.,-1.));
#4436=DIRECTION('center_axis',(1.22464679914735E-16,1.,0.));
#4437=DIRECTION('ref_axis',(1.,-1.22464679914735E-16,0.));
#4438=DIRECTION('center_axis',(2.44929359829471E-16,1.,0.));
#4439=DIRECTION('ref_axis',(-1.,2.44929359829471E-16,0.));
#4440=DIRECTION('',(-1.,2.44929359829471E-16,0.));
#4441=DIRECTION('',(0.,0.,1.));
#4442=DIRECTION('',(-1.,2.44929359829471E-16,0.));
#4443=DIRECTION('',(0.,0.,1.));
#4444=DIRECTION('center_axis',(0.,0.,1.));
#4445=DIRECTION('ref_axis',(-9.49678789837252E-15,-1.,0.));
#4446=DIRECTION('center_axis',(0.,0.,1.));
#4447=DIRECTION('ref_axis',(-9.49678789837252E-15,-1.,0.));
#4448=DIRECTION('center_axis',(0.,0.,-1.));
#4449=DIRECTION('ref_axis',(-9.49678789837252E-15,-1.,0.));
#4450=DIRECTION('',(0.,0.,1.));
#4451=DIRECTION('center_axis',(-1.,2.44929359829471E-16,0.));
#4452=DIRECTION('ref_axis',(-2.44929359829471E-16,-1.,0.));
#4453=DIRECTION('',(-2.44929359829471E-16,-1.,0.));
#4454=DIRECTION('',(-2.44929359829471E-16,-1.,0.));
#4455=DIRECTION('',(0.,0.,1.));
#4456=DIRECTION('center_axis',(0.730836030242679,-0.682553072587855,0.));
#4457=DIRECTION('ref_axis',(0.682553072587855,0.730836030242679,0.));
#4458=DIRECTION('',(0.682553072587855,0.730836030242679,0.));
#4459=DIRECTION('',(0.,0.,1.));
#4460=DIRECTION('',(0.682553072587855,0.730836030242679,0.));
#4461=DIRECTION('',(0.,0.,1.));
#4462=DIRECTION('center_axis',(-2.44929359829471E-16,-1.,0.));
#4463=DIRECTION('ref_axis',(1.,-2.44929359829471E-16,0.));
#4464=DIRECTION('',(1.,-2.44929359829471E-16,0.));
#4465=DIRECTION('',(1.,-2.44929359829471E-16,0.));
#4466=DIRECTION('',(0.,0.,1.));
#4467=DIRECTION('center_axis',(1.,-2.44929359829471E-16,0.));
#4468=DIRECTION('ref_axis',(2.44929359829471E-16,1.,0.));
#4469=DIRECTION('',(2.44929359829471E-16,1.,0.));
#4470=DIRECTION('',(2.44929359829471E-16,1.,0.));
#4471=DIRECTION('',(0.,0.,1.));
#4472=DIRECTION('center_axis',(-2.44929359829471E-16,-1.,0.));
#4473=DIRECTION('ref_axis',(1.,-2.44929359829471E-16,0.));
#4474=DIRECTION('',(1.,-2.44929359829471E-16,0.));
#4475=DIRECTION('',(1.,-2.44929359829471E-16,0.));
#4476=DIRECTION('',(0.,0.,1.));
#4477=DIRECTION('center_axis',(-1.,2.44929359829471E-16,0.));
#4478=DIRECTION('ref_axis',(-2.44929359829471E-16,-1.,0.));
#4479=DIRECTION('',(-2.44929359829471E-16,-1.,0.));
#4480=DIRECTION('',(-2.44929359829471E-16,-1.,0.));
#4481=DIRECTION('center_axis',(0.,0.,1.));
#4482=DIRECTION('ref_axis',(-1.,2.44929359829471E-16,0.));
#4483=DIRECTION('',(7.17818542216538E-15,1.,0.));
#4484=DIRECTION('center_axis',(0.,0.,-1.));
#4485=DIRECTION('ref_axis',(-0.985904294833982,-0.167310254999236,0.));
#4486=DIRECTION('',(-1.,2.44929359829471E-16,0.));
#4487=DIRECTION('center_axis',(0.,0.,1.));
#4488=DIRECTION('ref_axis',(-1.,2.44929359829471E-16,0.));
#4489=DIRECTION('center_axis',(0.,0.,-1.));
#4490=DIRECTION('ref_axis',(-0.0387246053638019,-0.999249921160576,0.));
#4491=DIRECTION('center_axis',(0.,0.,-1.));
#4492=DIRECTION('ref_axis',(1.,-2.44929359829471E-16,0.));
#4493=DIRECTION('center_axis',(0.,0.,1.));
#4494=DIRECTION('ref_axis',(-0.0419457553472137,-0.999119889506936,0.));
#4495=DIRECTION('',(-2.44929359829471E-16,-1.,0.));
#4496=DIRECTION('',(-1.,2.44929359829471E-16,0.));
#4497=DIRECTION('center_axis',(0.,0.,1.));
#4498=DIRECTION('ref_axis',(-1.,2.44929359829471E-16,0.));
#4499=DIRECTION('',(-2.44929359829471E-16,-1.,0.));
#4500=DIRECTION('',(-1.,2.44929359829471E-16,0.));
#4501=DIRECTION('',(2.44929359829471E-16,1.,0.));
#4502=DIRECTION('',(1.,-2.44929359829471E-16,0.));
#4503=DIRECTION('center_axis',(0.,0.,1.));
#4504=DIRECTION('ref_axis',(1.,-2.44929359829471E-16,0.));
#4505=DIRECTION('',(1.,-2.44929359829471E-16,0.));
#4506=DIRECTION('center_axis',(0.,0.,1.));
#4507=DIRECTION('ref_axis',(-0.0419457553472137,-0.999119889506936,0.));
#4508=DIRECTION('',(0.,0.,-1.));
#4509=DIRECTION('',(0.,0.,-1.));
#4510=DIRECTION('center_axis',(0.,0.,1.));
#4511=DIRECTION('ref_axis',(-0.0387246053638019,-0.999249921160576,0.));
#4512=DIRECTION('',(0.,0.,-1.));
#4513=DIRECTION('center_axis',(0.,0.,-1.));
#4514=DIRECTION('ref_axis',(-0.0387246053638019,-0.999249921160576,0.));
#4515=DIRECTION('',(0.,0.,-1.));
#4516=DIRECTION('center_axis',(0.,0.,-1.));
#4517=DIRECTION('ref_axis',(1.,-2.44929359829471E-16,0.));
#4518=DIRECTION('',(1.,-2.44929359829471E-16,0.));
#4519=DIRECTION('center_axis',(0.,0.,-1.));
#4520=DIRECTION('ref_axis',(1.,-2.44929359829471E-16,0.));
#4521=DIRECTION('',(1.,-2.44929359829471E-16,0.));
#4522=DIRECTION('',(2.44929359829471E-16,1.,0.));
#4523=DIRECTION('',(1.,-2.44929359829471E-16,0.));
#4524=DIRECTION('',(2.44929359829471E-16,1.,0.));
#4525=DIRECTION('center_axis',(0.,0.,-1.));
#4526=DIRECTION('ref_axis',(-1.,2.44929359829471E-16,0.));
#4527=DIRECTION('',(1.,-2.44929359829471E-16,0.));
#4528=DIRECTION('',(-2.44929359829471E-16,-1.,0.));
#4529=DIRECTION('center_axis',(2.44929359829471E-16,1.,0.));
#4530=DIRECTION('ref_axis',(1.,-2.44929359829471E-16,0.));
#4531=DIRECTION('',(0.,0.,-1.));
#4532=DIRECTION('center_axis',(0.,0.,-1.));
#4533=DIRECTION('ref_axis',(1.,-2.44929359829471E-16,0.));
#4534=DIRECTION('',(0.,0.,-1.));
#4535=DIRECTION('center_axis',(2.44929359829471E-16,1.,0.));
#4536=DIRECTION('ref_axis',(1.,-2.44929359829471E-16,0.));
#4537=DIRECTION('',(0.,0.,-1.));
#4538=DIRECTION('center_axis',(-1.,2.44929359829471E-16,0.));
#4539=DIRECTION('ref_axis',(2.44929359829471E-16,1.,0.));
#4540=DIRECTION('',(0.,0.,-1.));
#4541=DIRECTION('center_axis',(-2.44929359829471E-16,-1.,0.));
#4542=DIRECTION('ref_axis',(-1.,2.44929359829471E-16,0.));
#4543=DIRECTION('',(0.,0.,-1.));
#4544=DIRECTION('center_axis',(1.,-2.44929359829471E-16,0.));
#4545=DIRECTION('ref_axis',(-2.44929359829471E-16,-1.,0.));
#4546=DIRECTION('',(0.,0.,-1.));
#4547=DIRECTION('center_axis',(0.,0.,-1.));
#4548=DIRECTION('ref_axis',(-1.,2.44929359829471E-16,0.));
#4549=DIRECTION('',(0.,0.,-1.));
#4550=DIRECTION('center_axis',(-2.44929359829471E-16,-1.,0.));
#4551=DIRECTION('ref_axis',(-1.,2.44929359829471E-16,0.));
#4552=DIRECTION('',(0.,0.,-1.));
#4553=DIRECTION('center_axis',(1.,-2.44929359829471E-16,0.));
#4554=DIRECTION('ref_axis',(-2.44929359829471E-16,-1.,0.));
#4555=DIRECTION('center_axis',(1.,0.,0.));
#4556=DIRECTION('ref_axis',(0.,1.,0.));
#4557=DIRECTION('',(0.,1.,0.));
#4558=DIRECTION('',(0.,0.,1.));
#4559=DIRECTION('',(0.,1.,0.));
#4560=DIRECTION('',(0.,0.,-1.));
#4561=DIRECTION('center_axis',(-1.,-1.2761847970966E-15,0.));
#4562=DIRECTION('ref_axis',(1.2761847970966E-15,-1.,0.));
#4563=DIRECTION('',(-1.2761847970966E-15,1.,0.));
#4564=DIRECTION('',(0.,0.,-1.));
#4565=DIRECTION('',(1.2761847970966E-15,-1.,0.));
#4566=DIRECTION('',(0.,0.,1.));
#4567=DIRECTION('center_axis',(0.,0.,1.));
#4568=DIRECTION('ref_axis',(1.,-1.22464679914735E-16,0.));
#4569=DIRECTION('center_axis',(0.,0.,1.));
#4570=DIRECTION('ref_axis',(0.985625378244271,0.168945594085307,0.));
#4571=DIRECTION('',(-1.,1.22464679914735E-16,0.));
#4572=DIRECTION('center_axis',(0.,0.,1.));
#4573=DIRECTION('ref_axis',(-1.,1.22464679914735E-16,0.));
#4574=DIRECTION('',(-1.22464679914735E-16,-1.,0.));
#4575=DIRECTION('',(1.,-1.22464679914735E-16,0.));
#4576=DIRECTION('',(-1.22464679914735E-16,-1.,0.));
#4577=DIRECTION('center_axis',(0.,0.,1.));
#4578=DIRECTION('ref_axis',(1.13915239352294E-15,-1.,0.));
#4579=DIRECTION('',(1.,-1.22464679914735E-16,0.));
#4580=DIRECTION('center_axis',(0.,0.,1.));
#4581=DIRECTION('ref_axis',(-1.,1.22464679914735E-16,0.));
#4582=DIRECTION('',(0.,0.,1.));
#4583=DIRECTION('center_axis',(0.,0.,1.));
#4584=DIRECTION('ref_axis',(-1.,1.22464679914735E-16,0.));
#4585=DIRECTION('',(0.,0.,1.));
#4586=DIRECTION('center_axis',(-1.,1.22464679914735E-16,0.));
#4587=DIRECTION('ref_axis',(-1.22464679914735E-16,-1.,0.));
#4588=DIRECTION('',(-1.22464679914735E-16,-1.,0.));
#4589=DIRECTION('',(0.,0.,1.));
#4590=DIRECTION('center_axis',(1.22464679914735E-16,1.,0.));
#4591=DIRECTION('ref_axis',(-1.,1.22464679914735E-16,0.));
#4592=DIRECTION('',(-1.,1.22464679914735E-16,0.));
#4593=DIRECTION('',(0.,0.,1.));
#4594=DIRECTION('center_axis',(1.,-1.22464679914735E-16,0.));
#4595=DIRECTION('ref_axis',(1.22464679914735E-16,1.,0.));
#4596=DIRECTION('',(1.22464679914735E-16,1.,0.));
#4597=DIRECTION('',(0.,0.,1.));
#4598=DIRECTION('center_axis',(0.,0.,1.));
#4599=DIRECTION('ref_axis',(1.13915239352294E-15,-1.,0.));
#4600=DIRECTION('center_axis',(0.,0.,1.));
#4601=DIRECTION('ref_axis',(1.13915239352294E-15,-1.,0.));
#4602=DIRECTION('',(0.,0.,1.));
#4603=DIRECTION('center_axis',(0.,0.,1.));
#4604=DIRECTION('ref_axis',(1.,-1.22464679914735E-16,0.));
#4605=DIRECTION('',(1.,-1.22464679914735E-16,0.));
#4606=DIRECTION('',(1.,-1.22464679914735E-16,0.));
#4607=DIRECTION('center_axis',(0.,0.,-1.));
#4608=DIRECTION('ref_axis',(0.983357424501584,0.181681522664283,0.));
#4609=DIRECTION('center_axis',(-1.22464679914735E-16,-1.,0.));
#4610=DIRECTION('ref_axis',(-1.,1.22464679914735E-16,0.));
#4611=DIRECTION('',(0.,0.,1.));
#4612=DIRECTION('',(0.,0.,-1.));
#4613=DIRECTION('',(-1.,1.22464679914735E-16,0.));
#4614=DIRECTION('',(-1.,1.22464679914735E-16,0.));
#4615=DIRECTION('center_axis',(-1.22464679914735E-16,-1.,0.));
#4616=DIRECTION('ref_axis',(-1.,1.22464679914735E-16,0.));
#4617=DIRECTION('',(0.,0.,-1.));
#4618=DIRECTION('',(-1.,1.22464679914735E-16,0.));
#4619=DIRECTION('',(-1.,1.22464679914735E-16,0.));
#4620=DIRECTION('',(0.,0.,-1.));
#4621=DIRECTION('center_axis',(0.,0.,-1.));
#4622=DIRECTION('ref_axis',(-1.,1.22464679914735E-16,0.));
#4623=DIRECTION('center_axis',(0.,0.,1.));
#4624=DIRECTION('ref_axis',(0.983357424501584,0.181681522664283,0.));
#4625=DIRECTION('',(1.,1.86843864924304E-16,0.));
#4626=DIRECTION('center_axis',(0.,0.,-1.));
#4627=DIRECTION('ref_axis',(0.985625378244271,0.168945594085307,0.));
#4628=DIRECTION('center_axis',(0.,0.,-1.));
#4629=DIRECTION('ref_axis',(0.985625378244271,0.168945594085307,0.));
#4630=DIRECTION('center_axis',(0.,0.,-1.));
#4631=DIRECTION('ref_axis',(0.983357424501584,0.181681522664283,0.));
#4632=DIRECTION('center_axis',(0.,0.,-1.));
#4633=DIRECTION('ref_axis',(-1.,1.22464679914735E-16,0.));
#4634=DIRECTION('',(-1.,-1.86843864924304E-16,0.));
#4635=DIRECTION('center_axis',(1.22464679914735E-16,1.,0.));
#4636=DIRECTION('ref_axis',(1.,-1.22464679914735E-16,0.));
#4637=DIRECTION('center_axis',(-1.,0.,0.));
#4638=DIRECTION('ref_axis',(0.,-1.,0.));
#4639=DIRECTION('',(0.,-1.,0.));
#4640=DIRECTION('',(0.,0.,1.));
#4641=DIRECTION('',(0.,-1.,0.));
#4642=DIRECTION('',(0.,0.,-1.));
#4643=DIRECTION('center_axis',(1.,0.,0.));
#4644=DIRECTION('ref_axis',(0.,1.,0.));
#4645=DIRECTION('',(0.,-1.,0.));
#4646=DIRECTION('',(0.,0.,-1.));
#4647=DIRECTION('',(0.,1.,0.));
#4648=DIRECTION('',(0.,0.,1.));
#4649=DIRECTION('center_axis',(0.,0.,1.));
#4650=DIRECTION('ref_axis',(1.,-1.22464679914735E-16,0.));
#4651=DIRECTION('center_axis',(0.,0.,1.));
#4652=DIRECTION('ref_axis',(1.,-1.22464679914735E-16,0.));
#4653=DIRECTION('',(0.,0.,1.));
#4654=DIRECTION('center_axis',(0.,0.,1.));
#4655=DIRECTION('ref_axis',(1.,-1.22464679914735E-16,0.));
#4656=DIRECTION('',(0.,0.,1.));
#4657=DIRECTION('center_axis',(1.,-1.22464679914735E-16,0.));
#4658=DIRECTION('ref_axis',(1.22464679914735E-16,1.,0.));
#4659=DIRECTION('',(1.22464679914735E-16,1.,0.));
#4660=DIRECTION('',(1.22464679914735E-16,1.,0.));
#4661=DIRECTION('',(0.,0.,1.));
#4662=DIRECTION('center_axis',(-1.22464679914735E-16,-1.,0.));
#4663=DIRECTION('ref_axis',(1.,-1.22464679914735E-16,0.));
#4664=DIRECTION('',(-1.,1.22464679914735E-16,0.));
#4665=DIRECTION('',(1.,-1.22464679914735E-16,0.));
#4666=DIRECTION('',(0.,0.,1.));
#4667=DIRECTION('center_axis',(1.,-1.22464679914735E-16,0.));
#4668=DIRECTION('ref_axis',(1.22464679914735E-16,1.,0.));
#4669=DIRECTION('',(-1.22464679914735E-16,-1.,0.));
#4670=DIRECTION('',(1.22464679914735E-16,1.,0.));
#4671=DIRECTION('',(0.,0.,1.));
#4672=DIRECTION('center_axis',(-1.22464679914735E-16,-1.,0.));
#4673=DIRECTION('ref_axis',(1.,-1.22464679914735E-16,0.));
#4674=DIRECTION('',(1.,-1.22464679914735E-16,0.));
#4675=DIRECTION('',(1.,-1.22464679914735E-16,0.));
#4676=DIRECTION('',(0.,0.,1.));
#4677=DIRECTION('center_axis',(-1.,1.22464679914735E-16,0.));
#4678=DIRECTION('ref_axis',(-1.22464679914735E-16,-1.,0.));
#4679=DIRECTION('',(-1.22464679914735E-16,-1.,0.));
#4680=DIRECTION('',(-1.22464679914735E-16,-1.,0.));
#4681=DIRECTION('',(0.,0.,1.));
#4682=DIRECTION('center_axis',(-1.22464679914735E-16,-1.,0.));
#4683=DIRECTION('ref_axis',(1.,-1.22464679914735E-16,0.));
#4684=DIRECTION('',(1.,-1.22464679914735E-16,0.));
#4685=DIRECTION('',(1.,-1.22464679914735E-16,0.));
#4686=DIRECTION('',(0.,0.,1.));
#4687=DIRECTION('center_axis',(-1.,1.22464679914735E-16,0.));
#4688=DIRECTION('ref_axis',(-1.22464679914735E-16,-1.,0.));
#4689=DIRECTION('',(1.22464679914735E-16,1.,0.));
#4690=DIRECTION('',(-1.22464679914735E-16,-1.,0.));
#4691=DIRECTION('',(0.,0.,1.));
#4692=DIRECTION('center_axis',(0.,0.,1.));
#4693=DIRECTION('ref_axis',(1.22464679914735E-16,1.,0.));
#4694=DIRECTION('center_axis',(0.,0.,1.));
#4695=DIRECTION('ref_axis',(1.22464679914735E-16,1.,0.));
#4696=DIRECTION('center_axis',(0.,0.,1.));
#4697=DIRECTION('ref_axis',(1.22464679914735E-16,1.,0.));
#4698=DIRECTION('',(0.,0.,1.));
#4699=DIRECTION('center_axis',(0.,0.,1.));
#4700=DIRECTION('ref_axis',(1.,-1.22464679914735E-16,0.));
#4701=DIRECTION('',(-1.,1.22464679914735E-16,0.));
#4702=DIRECTION('center_axis',(0.,0.,-1.));
#4703=DIRECTION('ref_axis',(-0.983357424501584,-0.181681522664283,0.));
#4704=DIRECTION('',(-1.,1.22464679914735E-16,0.));
#4705=DIRECTION('center_axis',(0.,0.,1.));
#4706=DIRECTION('ref_axis',(1.,-1.22464679914735E-16,0.));
#4707=DIRECTION('center_axis',(0.,0.,-1.));
#4708=DIRECTION('ref_axis',(0.985625378244271,-0.168945594085307,0.));
#4709=DIRECTION('',(-1.,1.22464679914735E-16,0.));
#4710=DIRECTION('',(-1.,1.22464679914735E-16,0.));
#4711=DIRECTION('center_axis',(-1.22464679914735E-16,-1.,0.));
#4712=DIRECTION('ref_axis',(-1.,1.22464679914735E-16,0.));
#4713=DIRECTION('',(0.,0.,-1.));
#4714=DIRECTION('',(-1.,1.22464679914735E-16,0.));
#4715=DIRECTION('',(-1.,1.22464679914735E-16,0.));
#4716=DIRECTION('',(0.,0.,-1.));
#4717=DIRECTION('center_axis',(0.,0.,1.));
#4718=DIRECTION('ref_axis',(-1.,1.22464679914735E-16,0.));
#4719=DIRECTION('center_axis',(0.,0.,1.));
#4720=DIRECTION('ref_axis',(0.983357424501584,-0.181681522664283,0.));
#4721=DIRECTION('',(-1.,1.22464679914735E-16,0.));
#4722=DIRECTION('',(-1.,0.,0.));
#4723=DIRECTION('center_axis',(0.,0.,1.));
#4724=DIRECTION('ref_axis',(0.985625378244271,-0.168945594085307,0.));
#4725=DIRECTION('center_axis',(0.,0.,-1.));
#4726=DIRECTION('ref_axis',(0.985625378244271,-0.168945594085307,0.));
#4727=DIRECTION('',(0.,0.,-1.));
#4728=DIRECTION('center_axis',(0.,0.,1.));
#4729=DIRECTION('ref_axis',(0.983357424501584,-0.181681522664283,0.));
#4730=DIRECTION('',(0.,0.,1.));
#4731=DIRECTION('center_axis',(0.,0.,1.));
#4732=DIRECTION('ref_axis',(-1.,1.22464679914735E-16,0.));
#4733=DIRECTION('',(-1.,1.22464679914735E-16,0.));
#4734=DIRECTION('',(-1.,1.22464679914735E-16,0.));
#4735=DIRECTION('center_axis',(1.22464679914735E-16,1.,0.));
#4736=DIRECTION('ref_axis',(1.,-1.22464679914735E-16,0.));
#4737=DIRECTION('center_axis',(-1.22464679914735E-16,-1.,0.));
#4738=DIRECTION('ref_axis',(-1.,1.22464679914735E-16,0.));
#4739=DIRECTION('center_axis',(0.,0.,1.));
#4740=DIRECTION('ref_axis',(-0.987998736240667,0.154461960323069,0.));
#4741=DIRECTION('center_axis',(0.,0.,-1.));
#4742=DIRECTION('ref_axis',(-0.987998736240667,0.154461960323069,0.));
#4743=DIRECTION('',(0.,0.,-1.));
#4744=DIRECTION('center_axis',(0.,0.,1.));
#4745=DIRECTION('ref_axis',(-0.987998736240667,0.154461960323069,0.));
#4746=DIRECTION('',(0.,0.,-1.));
#4747=DIRECTION('center_axis',(-1.,2.44929359829471E-16,0.));
#4748=DIRECTION('ref_axis',(2.44929359829471E-16,1.,0.));
#4749=DIRECTION('',(2.44929359829471E-16,1.,0.));
#4750=DIRECTION('',(0.,0.,-1.));
#4751=DIRECTION('',(2.44929359829471E-16,1.,0.));
#4752=DIRECTION('center_axis',(0.,0.,1.));
#4753=DIRECTION('ref_axis',(-0.985904294833981,0.167310254999236,0.));
#4754=DIRECTION('center_axis',(0.,0.,-1.));
#4755=DIRECTION('ref_axis',(-0.985904294833981,0.167310254999236,0.));
#4756=DIRECTION('',(0.,0.,-1.));
#4757=DIRECTION('center_axis',(0.,0.,-1.));
#4758=DIRECTION('ref_axis',(-0.985904294833981,0.167310254999236,0.));
#4759=DIRECTION('center_axis',(2.44929359829471E-16,1.,0.));
#4760=DIRECTION('ref_axis',(1.,-2.44929359829471E-16,0.));
#4761=DIRECTION('',(1.,-2.44929359829471E-16,0.));
#4762=DIRECTION('',(1.,-2.44929359829471E-16,0.));
#4763=DIRECTION('center_axis',(0.,0.,-1.));
#4764=DIRECTION('ref_axis',(-1.,2.44929359829471E-16,0.));
#4765=DIRECTION('center_axis',(0.,0.,-1.));
#4766=DIRECTION('ref_axis',(-1.,2.44929359829471E-16,0.));
#4767=DIRECTION('center_axis',(2.44929359829471E-16,1.,0.));
#4768=DIRECTION('ref_axis',(1.,-2.44929359829471E-16,0.));
#4769=DIRECTION('',(1.,-2.44929359829471E-16,0.));
#4770=DIRECTION('',(0.,0.,-1.));
#4771=DIRECTION('',(1.,-2.44929359829471E-16,0.));
#4772=DIRECTION('',(0.,0.,-1.));
#4773=DIRECTION('center_axis',(0.,0.,1.));
#4774=DIRECTION('ref_axis',(0.0419457553472138,0.999119889506936,0.));
#4775=DIRECTION('center_axis',(0.,0.,-1.));
#4776=DIRECTION('ref_axis',(0.0419457553472138,0.999119889506936,0.));
#4777=DIRECTION('',(0.,0.,-1.));
#4778=DIRECTION('center_axis',(0.,0.,-1.));
#4779=DIRECTION('ref_axis',(0.0419457553472138,0.999119889506936,0.));
#4780=DIRECTION('center_axis',(1.,1.70171112913617E-16,0.));
#4781=DIRECTION('ref_axis',(1.70171112913617E-16,-1.,0.));
#4782=DIRECTION('',(1.70171112913617E-16,-1.,0.));
#4783=DIRECTION('',(0.,0.,-1.));
#4784=DIRECTION('',(1.70171112913617E-16,-1.,0.));
#4785=DIRECTION('center_axis',(0.,0.,1.));
#4786=DIRECTION('ref_axis',(0.038724605363802,0.999249921160576,0.));
#4787=DIRECTION('center_axis',(0.,0.,-1.));
#4788=DIRECTION('ref_axis',(0.038724605363802,0.999249921160576,0.));
#4789=DIRECTION('center_axis',(0.,0.,1.));
#4790=DIRECTION('ref_axis',(0.038724605363802,0.999249921160576,0.));
#4791=DIRECTION('center_axis',(0.,0.,-1.));
#4792=DIRECTION('ref_axis',(-1.,2.44929359829471E-16,0.));
#4793=DIRECTION('center_axis',(0.,0.,-1.));
#4794=DIRECTION('ref_axis',(-1.,2.44929359829471E-16,0.));
#4795=DIRECTION('center_axis',(0.,0.,1.));
#4796=DIRECTION('ref_axis',(-0.987998736240667,0.154461960323069,0.));
#4797=DIRECTION('center_axis',(0.,0.,-1.));
#4798=DIRECTION('ref_axis',(-0.987998736240667,0.154461960323069,0.));
#4799=DIRECTION('',(0.,0.,-1.));
#4800=DIRECTION('center_axis',(0.,0.,1.));
#4801=DIRECTION('ref_axis',(-0.987998736240667,0.154461960323069,0.));
#4802=DIRECTION('',(0.,0.,-1.));
#4803=DIRECTION('center_axis',(-1.,2.44929359829471E-16,0.));
#4804=DIRECTION('ref_axis',(2.44929359829471E-16,1.,0.));
#4805=DIRECTION('',(2.44929359829471E-16,1.,0.));
#4806=DIRECTION('',(0.,0.,-1.));
#4807=DIRECTION('',(2.44929359829471E-16,1.,0.));
#4808=DIRECTION('center_axis',(0.,0.,1.));
#4809=DIRECTION('ref_axis',(-0.985904294833981,0.167310254999236,0.));
#4810=DIRECTION('center_axis',(0.,0.,-1.));
#4811=DIRECTION('ref_axis',(-0.985904294833981,0.167310254999236,0.));
#4812=DIRECTION('',(0.,0.,-1.));
#4813=DIRECTION('center_axis',(0.,0.,-1.));
#4814=DIRECTION('ref_axis',(-0.985904294833981,0.167310254999236,0.));
#4815=DIRECTION('center_axis',(2.44929359829471E-16,1.,0.));
#4816=DIRECTION('ref_axis',(1.,-2.44929359829471E-16,0.));
#4817=DIRECTION('',(1.,-2.44929359829471E-16,0.));
#4818=DIRECTION('',(1.,-2.44929359829471E-16,0.));
#4819=DIRECTION('center_axis',(0.,0.,-1.));
#4820=DIRECTION('ref_axis',(-1.,2.44929359829471E-16,0.));
#4821=DIRECTION('center_axis',(0.,0.,-1.));
#4822=DIRECTION('ref_axis',(-1.,2.44929359829471E-16,0.));
#4823=DIRECTION('center_axis',(2.44929359829471E-16,1.,0.));
#4824=DIRECTION('ref_axis',(1.,-2.44929359829471E-16,0.));
#4825=DIRECTION('',(1.,-2.44929359829471E-16,0.));
#4826=DIRECTION('',(0.,0.,-1.));
#4827=DIRECTION('',(1.,-2.44929359829471E-16,0.));
#4828=DIRECTION('',(0.,0.,-1.));
#4829=DIRECTION('center_axis',(0.,0.,1.));
#4830=DIRECTION('ref_axis',(0.0419457553472138,0.999119889506936,0.));
#4831=DIRECTION('center_axis',(0.,0.,-1.));
#4832=DIRECTION('ref_axis',(0.0419457553472138,0.999119889506936,0.));
#4833=DIRECTION('',(0.,0.,-1.));
#4834=DIRECTION('center_axis',(0.,0.,-1.));
#4835=DIRECTION('ref_axis',(0.0419457553472138,0.999119889506936,0.));
#4836=DIRECTION('center_axis',(1.,1.70171112913617E-16,0.));
#4837=DIRECTION('ref_axis',(1.70171112913617E-16,-1.,0.));
#4838=DIRECTION('',(1.70171112913617E-16,-1.,0.));
#4839=DIRECTION('',(0.,0.,-1.));
#4840=DIRECTION('',(1.70171112913617E-16,-1.,0.));
#4841=DIRECTION('center_axis',(0.,0.,1.));
#4842=DIRECTION('ref_axis',(0.038724605363802,0.999249921160576,0.));
#4843=DIRECTION('center_axis',(0.,0.,-1.));
#4844=DIRECTION('ref_axis',(0.038724605363802,0.999249921160576,0.));
#4845=DIRECTION('center_axis',(0.,0.,1.));
#4846=DIRECTION('ref_axis',(0.038724605363802,0.999249921160576,0.));
#4847=DIRECTION('center_axis',(0.,0.,-1.));
#4848=DIRECTION('ref_axis',(-1.,2.44929359829471E-16,0.));
#4849=DIRECTION('center_axis',(0.,0.,-1.));
#4850=DIRECTION('ref_axis',(-1.,2.44929359829471E-16,0.));
#4851=DIRECTION('center_axis',(1.22464679914735E-16,1.,0.));
#4852=DIRECTION('ref_axis',(-1.,1.22464679914735E-16,0.));
#4853=DIRECTION('',(0.,0.,1.));
#4854=DIRECTION('',(1.,-1.22464679914735E-16,0.));
#4855=DIRECTION('',(0.,0.,-1.));
#4856=DIRECTION('',(1.,-1.22464679914735E-16,0.));
#4857=DIRECTION('center_axis',(0.,0.,1.));
#4858=DIRECTION('ref_axis',(-1.,1.22464679914735E-16,0.));
#4859=DIRECTION('center_axis',(0.,0.,-1.));
#4860=DIRECTION('ref_axis',(0.983357424501584,-0.181681522664283,0.));
#4861=DIRECTION('center_axis',(0.,0.,1.));
#4862=DIRECTION('ref_axis',(-1.,1.22464679914735E-16,0.));
#4863=DIRECTION('center_axis',(0.,0.,1.));
#4864=DIRECTION('ref_axis',(0.983357424501584,-0.181681522664283,0.));
#4865=DIRECTION('center_axis',(0.,0.,1.));
#4866=DIRECTION('ref_axis',(0.983357424501584,-0.181681522664283,0.));
#4867=DIRECTION('center_axis',(0.,0.,1.));
#4868=DIRECTION('ref_axis',(-1.,1.22464679914735E-16,0.));
#4869=DIRECTION('center_axis',(0.,0.,1.));
#4870=DIRECTION('ref_axis',(0.985904294833982,-0.167310254999236,0.));
#4871=DIRECTION('',(1.,-1.22464679914735E-16,0.));
#4872=DIRECTION('',(1.22464679914735E-16,1.,0.));
#4873=DIRECTION('center_axis',(-1.,1.22464679914735E-16,0.));
#4874=DIRECTION('ref_axis',(-1.22464679914735E-16,-1.,0.));
#4875=DIRECTION('',(0.,0.,1.));
#4876=DIRECTION('',(0.,0.,-1.));
#4877=DIRECTION('',(1.22464679914735E-16,1.,0.));
#4878=DIRECTION('center_axis',(0.,0.,1.));
#4879=DIRECTION('ref_axis',(-1.,1.22464679914735E-16,0.));
#4880=DIRECTION('center_axis',(0.,0.,-1.));
#4881=DIRECTION('ref_axis',(0.985904294833982,-0.167310254999236,0.));
#4882=DIRECTION('',(1.,-1.22464679914735E-16,0.));
#4883=DIRECTION('center_axis',(1.22464679914735E-16,1.,0.));
#4884=DIRECTION('ref_axis',(-1.,1.22464679914735E-16,0.));
#4885=DIRECTION('',(0.,0.,-1.));
#4886=DIRECTION('center_axis',(0.,0.,1.));
#4887=DIRECTION('ref_axis',(0.985904294833982,-0.167310254999236,0.));
#4888=DIRECTION('center_axis',(0.,0.,1.));
#4889=DIRECTION('ref_axis',(-1.,1.22464679914735E-16,0.));
#4890=DIRECTION('center_axis',(0.,0.,1.));
#4891=DIRECTION('ref_axis',(0.985904294833982,0.167310254999236,0.));
#4892=DIRECTION('',(1.22464679914735E-16,1.,0.));
#4893=DIRECTION('',(-1.,1.22464679914735E-16,0.));
#4894=DIRECTION('center_axis',(-1.22464679914735E-16,-1.,0.));
#4895=DIRECTION('ref_axis',(1.,-1.22464679914735E-16,0.));
#4896=DIRECTION('',(0.,0.,1.));
#4897=DIRECTION('',(0.,0.,-1.));
#4898=DIRECTION('',(-1.,1.22464679914735E-16,0.));
#4899=DIRECTION('center_axis',(0.,0.,1.));
#4900=DIRECTION('ref_axis',(-1.,1.22464679914735E-16,0.));
#4901=DIRECTION('center_axis',(0.,0.,-1.));
#4902=DIRECTION('ref_axis',(0.985904294833982,0.167310254999236,0.));
#4903=DIRECTION('',(1.22464679914735E-16,1.,0.));
#4904=DIRECTION('center_axis',(-1.,1.22464679914735E-16,0.));
#4905=DIRECTION('ref_axis',(-1.22464679914735E-16,-1.,0.));
#4906=DIRECTION('',(0.,0.,-1.));
#4907=DIRECTION('center_axis',(0.,0.,-1.));
#4908=DIRECTION('ref_axis',(0.985904294833982,0.167310254999236,0.));
#4909=DIRECTION('center_axis',(0.,0.,1.));
#4910=DIRECTION('ref_axis',(-1.,1.22464679914735E-16,0.));
#4911=DIRECTION('center_axis',(0.,0.,-1.));
#4912=DIRECTION('ref_axis',(0.983357424501584,0.181681522664283,0.));
#4913=DIRECTION('',(-1.,1.22464679914735E-16,0.));
#4914=DIRECTION('center_axis',(-1.22464679914735E-16,-1.,0.));
#4915=DIRECTION('ref_axis',(1.,-1.22464679914735E-16,0.));
#4916=DIRECTION('',(0.,0.,1.));
#4917=DIRECTION('',(-1.,1.22464679914735E-16,0.));
#4918=DIRECTION('',(0.,0.,-1.));
#4919=DIRECTION('center_axis',(0.,0.,1.));
#4920=DIRECTION('ref_axis',(-1.,1.22464679914735E-16,0.));
#4921=DIRECTION('center_axis',(0.,0.,1.));
#4922=DIRECTION('ref_axis',(0.983357424501584,0.181681522664283,0.));
#4923=DIRECTION('center_axis',(0.,0.,-1.));
#4924=DIRECTION('ref_axis',(0.983357424501584,0.181681522664283,0.));
#4925=DIRECTION('center_axis',(-1.22464679914735E-16,-1.,0.));
#4926=DIRECTION('ref_axis',(1.,-1.22464679914735E-16,0.));
#4927=DIRECTION('',(0.,0.,-1.));
#4928=DIRECTION('',(-1.,1.22464679914735E-16,0.));
#4929=DIRECTION('',(0.,0.,-1.));
#4930=DIRECTION('',(-1.,1.22464679914735E-16,0.));
#4931=DIRECTION('center_axis',(1.,-1.22464679914735E-16,0.));
#4932=DIRECTION('ref_axis',(1.22464679914735E-16,1.,0.));
#4933=DIRECTION('',(0.,0.,1.));
#4934=DIRECTION('',(-1.22464679914735E-16,-1.,0.));
#4935=DIRECTION('',(-1.22464679914735E-16,-1.,0.));
#4936=DIRECTION('center_axis',(0.,0.,1.));
#4937=DIRECTION('ref_axis',(-1.,1.22464679914735E-16,0.));
#4938=DIRECTION('center_axis',(0.,0.,-1.));
#4939=DIRECTION('ref_axis',(-0.0419457553472135,0.999119889506936,0.));
#4940=DIRECTION('center_axis',(0.,0.,1.));
#4941=DIRECTION('ref_axis',(-1.,1.22464679914735E-16,0.));
#4942=DIRECTION('center_axis',(0.,0.,1.));
#4943=DIRECTION('ref_axis',(-0.0419457553472135,0.999119889506936,0.));
#4944=DIRECTION('center_axis',(0.,0.,-1.));
#4945=DIRECTION('ref_axis',(-0.0419457553472135,0.999119889506936,0.));
#4946=DIRECTION('center_axis',(0.869600399761466,-0.493756159186595,0.));
#4947=DIRECTION('ref_axis',(-0.493756159186595,-0.869600399761466,0.));
#4948=DIRECTION('',(0.493756159186595,0.869600399761466,0.));
#4949=DIRECTION('',(0.,0.,-1.));
#4950=DIRECTION('',(-0.493756159186595,-0.869600399761466,0.));
#4951=DIRECTION('',(0.,0.,-1.));
#4952=DIRECTION('center_axis',(1.22464679914735E-16,1.,0.));
#4953=DIRECTION('ref_axis',(1.,-1.22464679914735E-16,0.));
#4954=DIRECTION('',(-1.,1.22464679914735E-16,0.));
#4955=DIRECTION('',(1.,-1.22464679914735E-16,0.));
#4956=DIRECTION('',(0.,0.,-1.));
#4957=DIRECTION('center_axis',(-0.869600399761466,-0.493756159186595,0.));
#4958=DIRECTION('ref_axis',(-0.493756159186595,0.869600399761466,0.));
#4959=DIRECTION('',(-0.493756159186595,0.869600399761466,0.));
#4960=DIRECTION('',(-0.493756159186595,0.869600399761466,0.));
#4961=DIRECTION('center_axis',(0.,0.,-1.));
#4962=DIRECTION('ref_axis',(1.,-1.22464679914735E-16,0.));
#4963=DIRECTION('center_axis',(0.,0.,-1.));
#4964=DIRECTION('ref_axis',(-1.,1.22464679914735E-16,0.));
#4965=DIRECTION('center_axis',(0.,-1.,0.));
#4966=DIRECTION('ref_axis',(1.,0.,0.));
#4967=DIRECTION('',(1.,0.,0.));
#4968=DIRECTION('',(0.,0.,1.));
#4969=DIRECTION('',(1.,0.,0.));
#4970=DIRECTION('',(0.,0.,1.));
#4971=DIRECTION('center_axis',(0.,0.,-1.));
#4972=DIRECTION('ref_axis',(9.25185853854305E-15,-1.,0.));
#4973=DIRECTION('center_axis',(0.,0.,-1.));
#4974=DIRECTION('ref_axis',(9.25185853854305E-15,-1.,0.));
#4975=DIRECTION('',(0.,0.,1.));
#4976=DIRECTION('center_axis',(0.,0.,1.));
#4977=DIRECTION('ref_axis',(9.25185853854305E-15,-1.,0.));
#4978=DIRECTION('center_axis',(-1.,0.,0.));
#4979=DIRECTION('ref_axis',(0.,-1.,0.));
#4980=DIRECTION('',(0.,-1.,0.));
#4981=DIRECTION('',(0.,0.,1.));
#4982=DIRECTION('',(0.,-1.,0.));
#4983=DIRECTION('center_axis',(0.730836030242679,0.682553072587855,0.));
#4984=DIRECTION('ref_axis',(-0.682553072587855,0.730836030242679,0.));
#4985=DIRECTION('',(-0.682553072587855,0.730836030242679,0.));
#4986=DIRECTION('',(0.,0.,1.));
#4987=DIRECTION('',(-0.682553072587855,0.730836030242679,0.));
#4988=DIRECTION('',(0.,0.,1.));
#4989=DIRECTION('center_axis',(0.,1.,0.));
#4990=DIRECTION('ref_axis',(-1.,0.,0.));
#4991=DIRECTION('',(-1.,0.,0.));
#4992=DIRECTION('',(0.,0.,1.));
#4993=DIRECTION('',(-1.,0.,0.));
#4994=DIRECTION('center_axis',(1.,0.,0.));
#4995=DIRECTION('ref_axis',(0.,1.,0.));
#4996=DIRECTION('',(0.,1.,0.));
#4997=DIRECTION('',(0.,0.,1.));
#4998=DIRECTION('',(0.,1.,0.));
#4999=DIRECTION('center_axis',(0.,1.,0.));
#5000=DIRECTION('ref_axis',(-1.,0.,0.));
#5001=DIRECTION('',(-1.,0.,0.));
#5002=DIRECTION('',(0.,0.,1.));
#5003=DIRECTION('',(-1.,0.,0.));
#5004=DIRECTION('center_axis',(-1.,0.,0.));
#5005=DIRECTION('ref_axis',(0.,-1.,0.));
#5006=DIRECTION('',(0.,-1.,0.));
#5007=DIRECTION('',(0.,-1.,0.));
#5008=DIRECTION('center_axis',(0.,0.,-1.));
#5009=DIRECTION('ref_axis',(1.,0.,0.));
#5010=DIRECTION('',(1.,0.,0.));
#5011=DIRECTION('center_axis',(0.,0.,1.));
#5012=DIRECTION('ref_axis',(0.985904294833982,-0.167310254999236,0.));
#5013=DIRECTION('',(-6.93325606233591E-15,1.,0.));
#5014=DIRECTION('center_axis',(0.,0.,-1.));
#5015=DIRECTION('ref_axis',(1.,0.,0.));
#5016=DIRECTION('center_axis',(0.,0.,1.));
#5017=DIRECTION('ref_axis',(0.0387246053638016,-0.999249921160576,0.));
#5018=DIRECTION('center_axis',(0.,0.,1.));
#5019=DIRECTION('ref_axis',(-1.,0.,0.));
#5020=DIRECTION('center_axis',(0.,0.,-1.));
#5021=DIRECTION('ref_axis',(0.0419457553472135,-0.999119889506936,0.));
#5022=DIRECTION('',(-1.,0.,0.));
#5023=DIRECTION('center_axis',(0.,0.,-1.));
#5024=DIRECTION('ref_axis',(-1.,0.,0.));
#5025=DIRECTION('',(-1.,0.,0.));
#5026=DIRECTION('',(0.,1.,0.));
#5027=DIRECTION('',(1.,0.,0.));
#5028=DIRECTION('',(0.,-1.,0.));
#5029=DIRECTION('center_axis',(0.,0.,-1.));
#5030=DIRECTION('ref_axis',(1.,0.,0.));
#5031=DIRECTION('',(1.,0.,0.));
#5032=DIRECTION('',(0.,-1.,0.));
#5033=DIRECTION('center_axis',(0.,0.,-1.));
#5034=DIRECTION('ref_axis',(0.0419457553472135,-0.999119889506936,0.));
#5035=DIRECTION('',(0.,0.,-1.));
#5036=DIRECTION('',(0.,0.,-1.));
#5037=DIRECTION('center_axis',(0.,0.,-1.));
#5038=DIRECTION('ref_axis',(0.0387246053638016,-0.999249921160576,0.));
#5039=DIRECTION('',(0.,0.,-1.));
#5040=DIRECTION('center_axis',(0.,0.,1.));
#5041=DIRECTION('ref_axis',(0.0387246053638016,-0.999249921160576,0.));
#5042=DIRECTION('',(0.,0.,-1.));
#5043=DIRECTION('center_axis',(0.,0.,1.));
#5044=DIRECTION('ref_axis',(-1.,0.,0.));
#5045=DIRECTION('',(0.,-1.,0.));
#5046=DIRECTION('',(-1.,0.,0.));
#5047=DIRECTION('center_axis',(0.,0.,1.));
#5048=DIRECTION('ref_axis',(1.,0.,0.));
#5049=DIRECTION('',(0.,1.,0.));
#5050=DIRECTION('',(-1.,0.,0.));
#5051=DIRECTION('',(0.,1.,0.));
#5052=DIRECTION('',(-1.,0.,0.));
#5053=DIRECTION('center_axis',(0.,0.,1.));
#5054=DIRECTION('ref_axis',(-1.,0.,0.));
#5055=DIRECTION('',(-1.,0.,0.));
#5056=DIRECTION('center_axis',(0.,-1.,0.));
#5057=DIRECTION('ref_axis',(-1.,0.,0.));
#5058=DIRECTION('',(0.,0.,-1.));
#5059=DIRECTION('center_axis',(0.,0.,1.));
#5060=DIRECTION('ref_axis',(-1.,0.,0.));
#5061=DIRECTION('',(0.,0.,-1.));
#5062=DIRECTION('center_axis',(0.,-1.,0.));
#5063=DIRECTION('ref_axis',(-1.,0.,0.));
#5064=DIRECTION('',(0.,0.,-1.));
#5065=DIRECTION('center_axis',(-1.,0.,0.));
#5066=DIRECTION('ref_axis',(0.,1.,0.));
#5067=DIRECTION('',(0.,0.,-1.));
#5068=DIRECTION('center_axis',(0.,1.,0.));
#5069=DIRECTION('ref_axis',(1.,0.,0.));
#5070=DIRECTION('',(0.,0.,-1.));
#5071=DIRECTION('center_axis',(1.,0.,0.));
#5072=DIRECTION('ref_axis',(0.,-1.,0.));
#5073=DIRECTION('',(0.,0.,-1.));
#5074=DIRECTION('center_axis',(0.,0.,1.));
#5075=DIRECTION('ref_axis',(1.,0.,0.));
#5076=DIRECTION('',(0.,0.,-1.));
#5077=DIRECTION('center_axis',(0.,1.,0.));
#5078=DIRECTION('ref_axis',(1.,0.,0.));
#5079=DIRECTION('',(0.,0.,-1.));
#5080=DIRECTION('center_axis',(1.,0.,0.));
#5081=DIRECTION('ref_axis',(0.,-1.,0.));
#5082=DIRECTION('center_axis',(1.22464679914735E-16,1.,0.));
#5083=DIRECTION('ref_axis',(-1.,1.22464679914735E-16,0.));
#5084=DIRECTION('',(-1.,1.22464679914735E-16,0.));
#5085=DIRECTION('',(0.,0.,1.));
#5086=DIRECTION('',(-1.,1.22464679914735E-16,0.));
#5087=DIRECTION('',(0.,0.,1.));
#5088=DIRECTION('center_axis',(0.,0.,-1.));
#5089=DIRECTION('ref_axis',(-9.12939385862831E-15,1.,0.));
#5090=DIRECTION('center_axis',(0.,0.,-1.));
#5091=DIRECTION('ref_axis',(-9.12939385862831E-15,1.,0.));
#5092=DIRECTION('',(0.,0.,1.));
#5093=DIRECTION('center_axis',(0.,0.,1.));
#5094=DIRECTION('ref_axis',(-9.12939385862831E-15,1.,0.));
#5095=DIRECTION('center_axis',(1.,-1.22464679914735E-16,0.));
#5096=DIRECTION('ref_axis',(1.22464679914735E-16,1.,0.));
#5097=DIRECTION('',(1.22464679914735E-16,1.,0.));
#5098=DIRECTION('',(0.,0.,1.));
#5099=DIRECTION('',(1.22464679914735E-16,1.,0.));
#5100=DIRECTION('center_axis',(-0.73083603024268,-0.682553072587855,0.));
#5101=DIRECTION('ref_axis',(0.682553072587855,-0.73083603024268,0.));
#5102=DIRECTION('',(0.682553072587855,-0.730836030242679,0.));
#5103=DIRECTION('',(0.,0.,1.));
#5104=DIRECTION('',(0.682553072587855,-0.730836030242679,0.));
#5105=DIRECTION('',(0.,0.,1.));
#5106=DIRECTION('center_axis',(-1.22464679914735E-16,-1.,0.));
#5107=DIRECTION('ref_axis',(1.,-1.22464679914735E-16,0.));
#5108=DIRECTION('',(1.,-1.22464679914735E-16,0.));
#5109=DIRECTION('',(0.,0.,1.));
#5110=DIRECTION('',(1.,-1.22464679914735E-16,0.));
#5111=DIRECTION('center_axis',(-1.,1.22464679914735E-16,0.));
#5112=DIRECTION('ref_axis',(-1.22464679914735E-16,-1.,0.));
#5113=DIRECTION('',(-1.22464679914735E-16,-1.,0.));
#5114=DIRECTION('',(0.,0.,1.));
#5115=DIRECTION('',(-1.22464679914735E-16,-1.,0.));
#5116=DIRECTION('center_axis',(-1.22464679914735E-16,-1.,0.));
#5117=DIRECTION('ref_axis',(1.,-1.22464679914735E-16,0.));
#5118=DIRECTION('',(1.,-1.22464679914735E-16,0.));
#5119=DIRECTION('',(0.,0.,1.));
#5120=DIRECTION('',(1.,-1.22464679914735E-16,0.));
#5121=DIRECTION('center_axis',(1.,-1.22464679914735E-16,0.));
#5122=DIRECTION('ref_axis',(1.22464679914735E-16,1.,0.));
#5123=DIRECTION('',(1.22464679914735E-16,1.,0.));
#5124=DIRECTION('',(1.22464679914735E-16,1.,0.));
#5125=DIRECTION('center_axis',(0.,0.,-1.));
#5126=DIRECTION('ref_axis',(-1.,1.22464679914735E-16,0.));
#5127=DIRECTION('',(-1.,1.22464679914735E-16,0.));
#5128=DIRECTION('center_axis',(0.,0.,1.));
#5129=DIRECTION('ref_axis',(-0.985904294833982,0.167310254999236,0.));
#5130=DIRECTION('',(6.81079138242117E-15,-1.,0.));
#5131=DIRECTION('center_axis',(0.,0.,-1.));
#5132=DIRECTION('ref_axis',(-1.,1.22464679914735E-16,0.));
#5133=DIRECTION('center_axis',(0.,0.,-1.));
#5134=DIRECTION('ref_axis',(-0.987998736240667,0.154461960323069,0.));
#5135=DIRECTION('center_axis',(0.,0.,1.));
#5136=DIRECTION('ref_axis',(1.,-1.22464679914735E-16,0.));
#5137=DIRECTION('center_axis',(0.,0.,-1.));
#5138=DIRECTION('ref_axis',(-0.985904294833982,0.167310254999236,0.));
#5139=DIRECTION('',(1.,-1.22464679914735E-16,0.));
#5140=DIRECTION('center_axis',(0.,0.,-1.));
#5141=DIRECTION('ref_axis',(1.,-1.22464679914735E-16,0.));
#5142=DIRECTION('',(1.,-1.22464679914735E-16,0.));
#5143=DIRECTION('',(-1.22464679914735E-16,-1.,0.));
#5144=DIRECTION('',(-1.,1.22464679914735E-16,0.));
#5145=DIRECTION('',(1.22464679914735E-16,1.,0.));
#5146=DIRECTION('center_axis',(0.,0.,-1.));
#5147=DIRECTION('ref_axis',(-1.,1.22464679914735E-16,0.));
#5148=DIRECTION('',(-1.,1.22464679914735E-16,0.));
#5149=DIRECTION('',(1.22464679914735E-16,1.,0.));
#5150=DIRECTION('center_axis',(-1.,1.22464679914735E-16,0.));
#5151=DIRECTION('ref_axis',(1.22464679914735E-16,1.,0.));
#5152=DIRECTION('',(0.,0.,1.));
#5153=DIRECTION('',(0.,0.,-1.));
#5154=DIRECTION('',(1.22464679914735E-16,1.,0.));
#5155=DIRECTION('',(0.,0.,-1.));
#5156=DIRECTION('center_axis',(0.,0.,1.));
#5157=DIRECTION('ref_axis',(-0.987998736240667,0.154461960323069,0.));
#5158=DIRECTION('center_axis',(0.,0.,1.));
#5159=DIRECTION('ref_axis',(-0.987998736240667,0.154461960323069,0.));
#5160=DIRECTION('',(0.,0.,-1.));
#5161=DIRECTION('center_axis',(0.,0.,1.));
#5162=DIRECTION('ref_axis',(-0.985904294833982,0.167310254999236,0.));
#5163=DIRECTION('',(0.,0.,-1.));
#5164=DIRECTION('center_axis',(0.,0.,1.));
#5165=DIRECTION('ref_axis',(1.,-1.22464679914735E-16,0.));
#5166=DIRECTION('',(1.,-1.22464679914735E-16,0.));
#5167=DIRECTION('center_axis',(0.,0.,1.));
#5168=DIRECTION('ref_axis',(-1.,1.22464679914735E-16,0.));
#5169=DIRECTION('',(-1.22464679914735E-16,-1.,0.));
#5170=DIRECTION('',(1.,-1.22464679914735E-16,0.));
#5171=DIRECTION('',(-1.22464679914735E-16,-1.,0.));
#5172=DIRECTION('',(1.,-1.22464679914735E-16,0.));
#5173=DIRECTION('center_axis',(0.,0.,1.));
#5174=DIRECTION('ref_axis',(1.,-1.22464679914735E-16,0.));
#5175=DIRECTION('',(1.,-1.22464679914735E-16,0.));
#5176=DIRECTION('center_axis',(1.22464679914735E-16,1.,0.));
#5177=DIRECTION('ref_axis',(1.,-1.22464679914735E-16,0.));
#5178=DIRECTION('',(0.,0.,-1.));
#5179=DIRECTION('center_axis',(0.,0.,1.));
#5180=DIRECTION('ref_axis',(1.,-1.22464679914735E-16,0.));
#5181=DIRECTION('',(0.,0.,-1.));
#5182=DIRECTION('center_axis',(1.22464679914735E-16,1.,0.));
#5183=DIRECTION('ref_axis',(1.,-1.22464679914735E-16,0.));
#5184=DIRECTION('',(0.,0.,-1.));
#5185=DIRECTION('center_axis',(1.,-1.22464679914735E-16,0.));
#5186=DIRECTION('ref_axis',(-1.22464679914735E-16,-1.,0.));
#5187=DIRECTION('',(0.,0.,-1.));
#5188=DIRECTION('center_axis',(-1.22464679914735E-16,-1.,0.));
#5189=DIRECTION('ref_axis',(-1.,1.22464679914735E-16,0.));
#5190=DIRECTION('',(0.,0.,-1.));
#5191=DIRECTION('center_axis',(-1.,1.22464679914735E-16,0.));
#5192=DIRECTION('ref_axis',(1.22464679914735E-16,1.,0.));
#5193=DIRECTION('',(0.,0.,-1.));
#5194=DIRECTION('center_axis',(0.,0.,1.));
#5195=DIRECTION('ref_axis',(-1.,1.22464679914735E-16,0.));
#5196=DIRECTION('',(0.,0.,-1.));
#5197=DIRECTION('center_axis',(-1.22464679914735E-16,-1.,0.));
#5198=DIRECTION('ref_axis',(-1.,1.22464679914735E-16,0.));
#5199=DIRECTION('center_axis',(0.,0.,1.));
#5200=DIRECTION('ref_axis',(-1.,1.22464679914735E-16,0.));
#5201=DIRECTION('',(1.22464679914735E-16,1.,0.));
#5202=DIRECTION('center_axis',(0.,0.,1.));
#5203=DIRECTION('ref_axis',(0.987998736240667,-0.154461960323069,0.));
#5204=DIRECTION('',(1.,-1.22464679914735E-16,0.));
#5205=DIRECTION('center_axis',(0.,0.,1.));
#5206=DIRECTION('ref_axis',(0.985625378244271,-0.168945594085307,0.));
#5207=DIRECTION('',(1.,-1.22464679914735E-16,0.));
#5208=DIRECTION('center_axis',(0.,0.,1.));
#5209=DIRECTION('ref_axis',(-0.0387246053638019,-0.999249921160576,0.));
#5210=DIRECTION('',(-1.22464679914735E-16,-1.,0.));
#5211=DIRECTION('center_axis',(0.,0.,1.));
#5212=DIRECTION('ref_axis',(-0.0387246053638016,0.999249921160576,0.));
#5213=DIRECTION('',(-1.,1.22464679914735E-16,0.));
#5214=DIRECTION('center_axis',(0.,0.,1.));
#5215=DIRECTION('ref_axis',(0.985625378244271,0.168945594085307,0.));
#5216=DIRECTION('',(-1.,1.22464679914735E-16,0.));
#5217=DIRECTION('center_axis',(0.,0.,1.));
#5218=DIRECTION('ref_axis',(0.987998736240667,0.154461960323069,0.));
#5219=DIRECTION('center_axis',(0.,0.,1.));
#5220=DIRECTION('ref_axis',(1.,-1.22464679914735E-16,0.));
#5221=DIRECTION('',(-1.,1.22464679914735E-16,0.));
#5222=DIRECTION('',(1.22464679914735E-16,1.,0.));
#5223=DIRECTION('',(1.,-1.22464679914735E-16,0.));
#5224=DIRECTION('',(-1.22464679914735E-16,-1.,0.));
#5225=DIRECTION('center_axis',(-1.,1.22464679914735E-16,0.));
#5226=DIRECTION('ref_axis',(-1.22464679914735E-16,-1.,0.));
#5227=DIRECTION('',(1.0673500138323E-17,0.0871557427476583,-0.996194698091746));
#5228=DIRECTION('',(0.,0.,1.));
#5229=DIRECTION('',(-1.22464679914735E-16,-1.,0.));
#5230=DIRECTION('center_axis',(1.,-1.22464679914735E-16,0.));
#5231=DIRECTION('ref_axis',(1.22464679914735E-16,1.,0.));
#5232=DIRECTION('',(-1.0673500138323E-17,-0.0871557427476583,0.996194698091746));
#5233=DIRECTION('',(-1.22464679914735E-16,-1.,0.));
#5234=DIRECTION('',(0.,0.,1.));
#5235=DIRECTION('center_axis',(-1.22464679914735E-16,-1.,0.));
#5236=DIRECTION('ref_axis',(1.,-1.22464679914735E-16,0.));
#5237=DIRECTION('',(1.,-1.22464679914735E-16,0.));
#5238=DIRECTION('center_axis',(1.21998664834562E-16,0.996194698091746,0.0871557427476583));
#5239=DIRECTION('ref_axis',(-1.,1.22464679914735E-16,0.));
#5240=DIRECTION('',(1.,-1.22464679914735E-16,0.));
#5241=DIRECTION('',(-0.0868265938642477,0.0868265938642478,-0.992432509138967));
#5242=DIRECTION('',(-1.,1.22464679914735E-16,0.));
#5243=DIRECTION('',(-0.0868265938642478,-0.0868265938642477,0.992432509138967));
#5244=DIRECTION('',(1.,-1.22464679914735E-16,0.));
#5245=DIRECTION('center_axis',(0.,0.,1.));
#5246=DIRECTION('ref_axis',(-1.,1.22464679914735E-16,0.));
#5247=DIRECTION('center_axis',(0.,0.,-1.));
#5248=DIRECTION('ref_axis',(0.707106781186538,0.707106781186557,0.));
#5249=DIRECTION('',(1.22464679914735E-16,1.,0.));
#5250=DIRECTION('center_axis',(0.,0.,-1.));
#5251=DIRECTION('ref_axis',(-0.0387246053638019,-0.999249921160576,0.));
#5252=DIRECTION('',(1.,-1.22464679914735E-16,0.));
#5253=DIRECTION('center_axis',(0.,0.,-1.));
#5254=DIRECTION('ref_axis',(0.985625378244271,-0.168945594085307,0.));
#5255=DIRECTION('',(1.,-1.22464679914735E-16,0.));
#5256=DIRECTION('center_axis',(0.,0.,-1.));
#5257=DIRECTION('ref_axis',(0.987998736240667,-0.154461960323069,0.));
#5258=DIRECTION('',(1.22464679914735E-16,1.,0.));
#5259=DIRECTION('center_axis',(0.,0.,-1.));
#5260=DIRECTION('ref_axis',(-0.707106781186557,0.707106781186538,0.));
#5261=DIRECTION('center_axis',(0.,0.,1.));
#5262=DIRECTION('ref_axis',(-1.,1.22464679914735E-16,0.));
#5263=DIRECTION('',(-1.,1.22464679914735E-16,0.));
#5264=DIRECTION('center_axis',(0.,0.,-1.));
#5265=DIRECTION('ref_axis',(-0.707106781186538,-0.707106781186557,0.));
#5266=DIRECTION('',(1.22464679914735E-16,1.,0.));
#5267=DIRECTION('center_axis',(0.,0.,-1.));
#5268=DIRECTION('ref_axis',(0.987998736240667,0.154461960323069,0.));
#5269=DIRECTION('',(-1.,1.22464679914735E-16,0.));
#5270=DIRECTION('center_axis',(0.,0.,-1.));
#5271=DIRECTION('ref_axis',(0.985625378244271,0.168945594085307,0.));
#5272=DIRECTION('',(-1.,1.22464679914735E-16,0.));
#5273=DIRECTION('center_axis',(0.,0.,-1.));
#5274=DIRECTION('ref_axis',(-0.0387246053638016,0.999249921160576,0.));
#5275=DIRECTION('',(1.22464679914735E-16,1.,0.));
#5276=DIRECTION('center_axis',(0.,0.,-1.));
#5277=DIRECTION('ref_axis',(0.707106781186557,-0.707106781186538,0.));
#5278=DIRECTION('',(-1.,1.22464679914735E-16,0.));
#5279=DIRECTION('',(-1.22464679914735E-16,-1.,0.));
#5280=DIRECTION('',(1.,-1.22464679914735E-16,0.));
#5281=DIRECTION('',(-1.22464679914735E-16,-1.,0.));
#5282=DIRECTION('center_axis',(0.,0.,1.));
#5283=DIRECTION('ref_axis',(1.,-1.22464679914735E-16,0.));
#5284=DIRECTION('',(1.,-1.22464679914735E-16,0.));
#5285=DIRECTION('',(-1.22464679914735E-16,-1.,0.));
#5286=DIRECTION('',(-1.,1.22464679914735E-16,0.));
#5287=DIRECTION('',(1.22464679914735E-16,1.,0.));
#5288=DIRECTION('center_axis',(1.,-1.22464679914735E-16,0.));
#5289=DIRECTION('ref_axis',(1.22464679914735E-16,1.,0.));
#5290=DIRECTION('',(-1.0673500138323E-17,-0.0871557427476583,-0.996194698091746));
#5291=DIRECTION('',(0.,0.,1.));
#5292=DIRECTION('center_axis',(-1.,1.22464679914735E-16,0.));
#5293=DIRECTION('ref_axis',(-1.22464679914735E-16,-1.,0.));
#5294=DIRECTION('',(1.0673500138323E-17,0.0871557427476583,0.996194698091746));
#5295=DIRECTION('',(0.,0.,1.));
#5296=DIRECTION('center_axis',(1.22464679914735E-16,1.,0.));
#5297=DIRECTION('ref_axis',(-1.,1.22464679914735E-16,0.));
#5298=DIRECTION('center_axis',(-1.21998664834562E-16,-0.996194698091746,
0.0871557427476583));
#5299=DIRECTION('ref_axis',(1.,-1.22464679914735E-16,0.));
#5300=DIRECTION('',(0.0868265938642477,-0.0868265938642477,-0.992432509138967));
#5301=DIRECTION('',(1.,-1.22464679914735E-16,0.));
#5302=DIRECTION('',(0.0868265938642478,0.0868265938642477,0.992432509138967));
#5303=DIRECTION('center_axis',(0.,0.,1.));
#5304=DIRECTION('ref_axis',(-0.0387246053638019,-0.999249921160576,0.));
#5305=DIRECTION('',(0.,0.,-1.));
#5306=DIRECTION('',(0.,0.,1.));
#5307=DIRECTION('center_axis',(0.,0.,1.));
#5308=DIRECTION('ref_axis',(0.985625378244271,-0.168945594085307,0.));
#5309=DIRECTION('',(0.,0.,1.));
#5310=DIRECTION('',(0.,0.,-1.));
#5311=DIRECTION('center_axis',(1.22464679914735E-16,1.,0.));
#5312=DIRECTION('ref_axis',(-1.,1.22464679914735E-16,0.));
#5313=DIRECTION('',(0.,0.,1.));
#5314=DIRECTION('center_axis',(1.22464679914735E-16,1.,0.));
#5315=DIRECTION('ref_axis',(-1.,1.22464679914735E-16,0.));
#5316=DIRECTION('center_axis',(0.,0.,1.));
#5317=DIRECTION('ref_axis',(0.987998736240667,-0.154461960323069,0.));
#5318=DIRECTION('',(0.,0.,-1.));
#5319=DIRECTION('center_axis',(0.,0.,-1.));
#5320=DIRECTION('ref_axis',(0.987998736240667,0.154461960323069,0.));
#5321=DIRECTION('',(0.,0.,-1.));
#5322=DIRECTION('',(0.,0.,1.));
#5323=DIRECTION('center_axis',(0.,0.,-1.));
#5324=DIRECTION('ref_axis',(0.985625378244271,0.168945594085307,0.));
#5325=DIRECTION('',(0.,0.,1.));
#5326=DIRECTION('',(0.,0.,-1.));
#5327=DIRECTION('center_axis',(-1.22464679914735E-16,-1.,0.));
#5328=DIRECTION('ref_axis',(1.,-1.22464679914735E-16,0.));
#5329=DIRECTION('center_axis',(-1.22464679914735E-16,-1.,0.));
#5330=DIRECTION('ref_axis',(1.,-1.22464679914735E-16,0.));
#5331=DIRECTION('',(0.,0.,1.));
#5332=DIRECTION('center_axis',(0.,0.,-1.));
#5333=DIRECTION('ref_axis',(-0.0387246053638016,0.999249921160576,0.));
#5334=DIRECTION('',(0.,0.,-1.));
#5335=DIRECTION('center_axis',(1.,-1.22464679914735E-16,0.));
#5336=DIRECTION('ref_axis',(1.22464679914735E-16,1.,0.));
#5337=DIRECTION('center_axis',(-1.,1.22464679914735E-16,0.));
#5338=DIRECTION('ref_axis',(-1.0673500138323E-17,-0.0871557427476583,0.996194698091746));
#5339=DIRECTION('',(-1.22464679914735E-16,-1.,0.));
#5340=DIRECTION('center_axis',(-1.,1.22464679914735E-16,0.));
#5341=DIRECTION('ref_axis',(1.0673500138323E-17,0.0871557427476583,0.996194698091746));
#5342=DIRECTION('center_axis',(0.351373447904793,0.83962890429979,0.41419802410421));
#5343=DIRECTION('ref_axis',(0.543160476345931,-0.543160476345931,0.640276029436775));
#5344=DIRECTION('center_axis',(1.,1.09168442808735E-15,1.38777878078144E-14));
#5345=DIRECTION('ref_axis',(-1.21998664834562E-16,-0.996194698091745,0.0871557427476607));
#5346=DIRECTION('center_axis',(-0.0868265938642432,0.0868265938642445,0.992432509138968));
#5347=DIRECTION('ref_axis',(0.996194698091746,-1.21998664834562E-16,0.0871557427476538));
#5348=DIRECTION('center_axis',(-2.79840620853171E-14,-1.,0.));
#5349=DIRECTION('ref_axis',(0.,0.,1.));
#5350=DIRECTION('center_axis',(-0.0868265938642477,0.0868265938642477,0.992432509138967));
#5351=DIRECTION('ref_axis',(0.701755757082154,-0.701755757082134,0.122791346617478));
#5352=DIRECTION('',(-0.0868265938642477,0.0868265938642477,0.992432509138967));
#5353=DIRECTION('center_axis',(-0.351373447904813,0.839628904299772,0.414198024104229));
#5354=DIRECTION('ref_axis',(-0.543160476345929,-0.543160476345951,0.640276029436761));
#5355=DIRECTION('center_axis',(-1.3366137879168E-15,-1.,-1.38777878078144E-14));
#5356=DIRECTION('ref_axis',(-0.996194698091745,1.21998664834562E-16,0.0871557427476595));
#5357=DIRECTION('center_axis',(0.0868265938642445,0.0868265938642432,0.992432509138968));
#5358=DIRECTION('ref_axis',(-1.21998664834562E-16,-0.996194698091746,0.0871557427476538));
#5359=DIRECTION('center_axis',(-1.,5.58456594907203E-14,0.));
#5360=DIRECTION('ref_axis',(0.,0.,1.));
#5361=DIRECTION('center_axis',(0.0868265938642478,0.0868265938642477,0.992432509138967));
#5362=DIRECTION('ref_axis',(-0.701755757082134,-0.701755757082154,0.122791346617478));
#5363=DIRECTION('center_axis',(1.,-1.22464679914735E-16,0.));
#5364=DIRECTION('ref_axis',(1.0673500138323E-17,0.0871557427476583,0.996194698091746));
#5365=DIRECTION('',(-0.0868265938642478,-0.0868265938642477,-0.992432509138967));
#5366=DIRECTION('center_axis',(-1.,1.22464679914735E-16,0.));
#5367=DIRECTION('ref_axis',(-8.27359385291805E-17,-0.675590207615653,0.737277336810131));
#5368=DIRECTION('',(-1.,1.22464679914735E-16,0.));
#5369=DIRECTION('center_axis',(-0.351373447904813,0.839628904299772,-0.414198024104229));
#5370=DIRECTION('ref_axis',(0.543160476345929,0.543160476345951,0.640276029436761));
#5371=DIRECTION('center_axis',(1.3366137879168E-15,1.,-1.38777878078144E-14));
#5372=DIRECTION('ref_axis',(0.996194698091745,-1.21998664834562E-16,0.0871557427476595));
#5373=DIRECTION('center_axis',(-0.0868265938642445,-0.0868265938642432,
0.992432509138968));
#5374=DIRECTION('ref_axis',(1.21998664834562E-16,0.996194698091746,0.0871557427476538));
#5375=DIRECTION('center_axis',(1.,-5.58456594907203E-14,0.));
#5376=DIRECTION('ref_axis',(0.,0.,1.));
#5377=DIRECTION('center_axis',(-0.0868265938642478,-0.0868265938642477,
0.992432509138967));
#5378=DIRECTION('ref_axis',(0.701755757082134,0.701755757082154,0.122791346617478));
#5379=DIRECTION('',(0.0868265938642478,0.0868265938642477,-0.992432509138967));
#5380=DIRECTION('center_axis',(0.351373447904793,0.83962890429979,-0.41419802410421));
#5381=DIRECTION('ref_axis',(-0.543160476345931,0.543160476345931,0.640276029436775));
#5382=DIRECTION('center_axis',(-1.,-1.09168442808735E-15,1.38777878078144E-14));
#5383=DIRECTION('ref_axis',(1.21998664834562E-16,0.996194698091745,0.0871557427476607));
#5384=DIRECTION('center_axis',(0.0868265938642432,-0.0868265938642445,0.992432509138968));
#5385=DIRECTION('ref_axis',(-0.996194698091746,1.21998664834562E-16,0.0871557427476538));
#5386=DIRECTION('center_axis',(2.79840620853171E-14,1.,0.));
#5387=DIRECTION('ref_axis',(0.,0.,1.));
#5388=DIRECTION('center_axis',(0.0868265938642477,-0.0868265938642478,0.992432509138967));
#5389=DIRECTION('ref_axis',(-0.701755757082154,0.701755757082134,0.122791346617478));
#5390=DIRECTION('center_axis',(1.,-1.22464679914735E-16,0.));
#5391=DIRECTION('ref_axis',(-1.0673500138323E-17,-0.0871557427476583,0.996194698091746));
#5392=DIRECTION('',(0.0868265938642477,-0.0868265938642478,0.992432509138967));
#5393=DIRECTION('center_axis',(1.22464679914735E-16,1.,0.));
#5394=DIRECTION('ref_axis',(-0.675590207615663,8.27359385291818E-17,0.737277336810121));
#5395=DIRECTION('',(-1.22464679914735E-16,-1.,0.));
#5396=DIRECTION('',(1.22464679914735E-16,1.,0.));
#5397=DIRECTION('center_axis',(1.,-1.22464679914735E-16,0.));
#5398=DIRECTION('ref_axis',(8.27359385291805E-17,0.675590207615653,0.737277336810131));
#5399=DIRECTION('',(1.,-1.22464679914735E-16,0.));
#5400=DIRECTION('center_axis',(-1.22464679914735E-16,-1.,0.));
#5401=DIRECTION('ref_axis',(0.675590207615663,-8.27359385291818E-17,0.737277336810121));
#5402=DIRECTION('',(1.22464679914735E-16,1.,0.));
#5403=DIRECTION('',(-1.22464679914735E-16,-1.,0.));
#5404=DIRECTION('center_axis',(-0.996194698091746,1.21998664834562E-16,
0.0871557427476583));
#5405=DIRECTION('ref_axis',(-1.22464679914735E-16,-1.,0.));
#5406=DIRECTION('',(1.22464679914735E-16,1.,0.));
#5407=DIRECTION('center_axis',(-1.,1.22464679914735E-16,0.));
#5408=DIRECTION('ref_axis',(-1.22464679914735E-16,-1.,0.));
#5409=DIRECTION('center_axis',(0.,0.,1.));
#5410=DIRECTION('ref_axis',(1.,-1.22464679914735E-16,0.));
#5411=DIRECTION('center_axis',(0.996194698091746,-1.21998664834562E-16,
0.0871557427476583));
#5412=DIRECTION('ref_axis',(1.22464679914735E-16,1.,0.));
#5413=CARTESIAN_POINT('',(0.,0.,0.));
#5414=CARTESIAN_POINT('Origin',(1.26008542185786,1.29022801565607,0.2));
#5415=CARTESIAN_POINT('',(1.02338305614544,1.248,0.2));
#5416=CARTESIAN_POINT('',(1.248,1.05009230856814,0.2));
#5417=CARTESIAN_POINT('Origin',(1.26008542185786,1.29022801565607,0.2));
#5418=CARTESIAN_POINT('',(1.02338305614544,1.248,0.));
#5419=CARTESIAN_POINT('',(1.02338305614544,1.248,0.2));
#5420=CARTESIAN_POINT('',(1.248,1.05009230856814,0.));
#5421=CARTESIAN_POINT('Origin',(1.26008542185786,1.29022801565607,0.));
#5422=CARTESIAN_POINT('',(1.248,1.05009230856814,0.2));
#5423=CARTESIAN_POINT('Origin',(1.248,-1.25,0.));
#5424=CARTESIAN_POINT('',(1.248,1.248,0.));
#5425=CARTESIAN_POINT('',(1.248,-0.625,0.));
#5426=CARTESIAN_POINT('',(1.248,1.248,0.2));
#5427=CARTESIAN_POINT('',(1.248,1.248,0.));
#5428=CARTESIAN_POINT('',(1.248,-0.625,0.2));
#5429=CARTESIAN_POINT('Origin',(0.,0.,0.));
#5430=CARTESIAN_POINT('',(0.625,1.248,0.));
#5431=CARTESIAN_POINT('Origin',(1.25,1.248,0.));
#5432=CARTESIAN_POINT('',(0.625,1.248,0.2));
#5433=CARTESIAN_POINT('Origin',(0.,0.,0.2));
#5434=CARTESIAN_POINT('Origin',(-0.972771397443443,-1.19720092974777,0.2));
#5435=CARTESIAN_POINT('',(-0.972771397443443,-1.19720092974777,0.2));
#5436=CARTESIAN_POINT('',(-0.830258047674428,-1.19720092974777,0.2));
#5437=CARTESIAN_POINT('',(-0.972771397443443,-1.19720092974777,0.2));
#5438=CARTESIAN_POINT('',(-0.830258047674428,-1.19720092974777,0.22));
#5439=CARTESIAN_POINT('',(-0.830258047674428,-1.19720092974777,0.2));
#5440=CARTESIAN_POINT('',(-0.972771397443443,-1.19720092974777,0.22));
#5441=CARTESIAN_POINT('',(-0.972771397443443,-1.19720092974777,0.22));
#5442=CARTESIAN_POINT('',(-0.972771397443443,-1.19720092974777,0.2));
#5443=CARTESIAN_POINT('Origin',(-0.972771397443444,-1.22720092974777,0.2));
#5444=CARTESIAN_POINT('',(-1.00277139744344,-1.22720092974777,0.2));
#5445=CARTESIAN_POINT('Origin',(-0.972771397443444,-1.22720092974777,0.2));
#5446=CARTESIAN_POINT('',(-1.00277139744344,-1.22720092974777,0.22));
#5447=CARTESIAN_POINT('Origin',(-0.972771397443444,-1.22720092974777,0.22));
#5448=CARTESIAN_POINT('',(-1.00277139744344,-1.22720092974777,0.2));
#5449=CARTESIAN_POINT('Origin',(-1.00277139744344,-1.25,0.2));
#5450=CARTESIAN_POINT('',(-1.00277139744344,-1.25,0.2));
#5451=CARTESIAN_POINT('',(-1.00277139744344,-1.25,0.2));
#5452=CARTESIAN_POINT('',(-1.00277139744344,-1.25,0.22));
#5453=CARTESIAN_POINT('',(-1.00277139744344,-1.25,0.22));
#5454=CARTESIAN_POINT('',(-1.00277139744344,-1.25,0.2));
#5455=CARTESIAN_POINT('Origin',(-1.17874029843013,-0.953683212352217,0.2));
#5456=CARTESIAN_POINT('',(-1.17874029843013,-0.953683212352217,0.2));
#5457=CARTESIAN_POINT('',(-1.25,-1.02998373681422,0.2));
#5458=CARTESIAN_POINT('',(-1.17874029843013,-0.953683212352217,0.2));
#5459=CARTESIAN_POINT('',(-1.25,-1.02998373681422,0.22));
#5460=CARTESIAN_POINT('',(-1.25,-1.02998373681422,0.2));
#5461=CARTESIAN_POINT('',(-1.17874029843013,-0.953683212352217,0.22));
#5462=CARTESIAN_POINT('',(-1.17874029843013,-0.953683212352217,0.22));
#5463=CARTESIAN_POINT('',(-1.17874029843013,-0.953683212352217,0.2));
#5464=CARTESIAN_POINT('Origin',(-1.03598853306032,-0.953683212352217,0.2));
#5465=CARTESIAN_POINT('',(-1.03598853306032,-0.953683212352217,0.2));
#5466=CARTESIAN_POINT('',(-1.03598853306032,-0.953683212352217,0.2));
#5467=CARTESIAN_POINT('',(-1.03598853306032,-0.953683212352217,0.22));
#5468=CARTESIAN_POINT('',(-1.03598853306032,-0.953683212352217,0.22));
#5469=CARTESIAN_POINT('',(-1.03598853306032,-0.953683212352217,0.2));
#5470=CARTESIAN_POINT('Origin',(-1.03598853306032,-0.85,0.2));
#5471=CARTESIAN_POINT('',(-1.03598853306032,-0.85,0.2));
#5472=CARTESIAN_POINT('',(-1.03598853306032,-0.801134757202131,0.2));
#5473=CARTESIAN_POINT('',(-1.03598853306032,-0.85,0.22));
#5474=CARTESIAN_POINT('',(-1.03598853306032,-0.801134757202131,0.22));
#5475=CARTESIAN_POINT('',(-1.03598853306032,-0.85,0.2));
#5476=CARTESIAN_POINT('Origin',(-0.830258047674428,-0.85,0.2));
#5477=CARTESIAN_POINT('',(-0.830258047674428,-0.85,0.2));
#5478=CARTESIAN_POINT('',(1.25,-0.85,0.2));
#5479=CARTESIAN_POINT('',(-0.830258047674428,-0.85,0.22));
#5480=CARTESIAN_POINT('',(1.25,-0.85,0.22));
#5481=CARTESIAN_POINT('',(-0.830258047674428,-0.85,0.2));
#5482=CARTESIAN_POINT('Origin',(-0.830258047674428,-1.19720092974777,0.2));
#5483=CARTESIAN_POINT('',(-0.830258047674428,-1.19720092974777,0.2));
#5484=CARTESIAN_POINT('',(-0.830258047674428,-1.19720092974777,0.22));
#5485=CARTESIAN_POINT('Origin',(-1.04012902383721,-1.05,0.22));
#5486=CARTESIAN_POINT('',(-1.25,-1.05,0.22));
#5487=CARTESIAN_POINT('',(-1.25,-1.02998373681422,0.22));
#5488=CARTESIAN_POINT('',(-1.02303495888324,-1.25,0.22));
#5489=CARTESIAN_POINT('Origin',(-1.26008542185786,-1.29022801565607,0.22));
#5490=CARTESIAN_POINT('',(-1.02303495888324,-1.25,0.22));
#5491=CARTESIAN_POINT('Origin',(-1.04012902383721,-1.05,0.2));
#5492=CARTESIAN_POINT('Origin',(-1.26008542185786,-1.29022801565607,0.2));
#5493=CARTESIAN_POINT('Origin',(-0.96319123259348,-0.925,-0.02));
#5494=CARTESIAN_POINT('',(-1.02303495888324,-1.25,-0.02));
#5495=CARTESIAN_POINT('',(-1.25,-1.05,-0.02));
#5496=CARTESIAN_POINT('Origin',(-1.26008542185786,-1.29022801565607,-0.02));
#5497=CARTESIAN_POINT('',(-1.25,-0.939293950064832,-0.02));
#5498=CARTESIAN_POINT('',(-1.25,-1.25,-0.02));
#5499=CARTESIAN_POINT('',(-1.22638246518696,-0.939293950064832,-0.02));
#5500=CARTESIAN_POINT('',(-1.22638246518696,-0.939293950064832,-0.02));
#5501=CARTESIAN_POINT('',(-1.17638246518696,-0.889293950064832,-0.02));
#5502=CARTESIAN_POINT('Origin',(-1.22638246518696,-0.889293950064832,-0.02));
#5503=CARTESIAN_POINT('',(-1.17638246518696,-0.6,-0.02));
#5504=CARTESIAN_POINT('',(-1.17638246518696,1.2,-0.02));
#5505=CARTESIAN_POINT('',(-0.67638246518696,-0.6,-0.02));
#5506=CARTESIAN_POINT('',(1.81647598314828,-0.6,-0.02));
#5507=CARTESIAN_POINT('',(-0.67638246518696,-1.2,-0.02));
#5508=CARTESIAN_POINT('',(-0.67638246518696,1.2,-0.02));
#5509=CARTESIAN_POINT('',(-0.865676415251793,-1.2,-0.02));
#5510=CARTESIAN_POINT('',(1.81647598314827,-1.2,-0.02));
#5511=CARTESIAN_POINT('',(-0.915676415251793,-1.25,-0.02));
#5512=CARTESIAN_POINT('Origin',(-0.865676415251793,-1.25,-0.02));
#5513=CARTESIAN_POINT('',(1.25,-1.25,-0.02));
#5514=CARTESIAN_POINT('Origin',(-1.25,-1.25,0.));
#5515=CARTESIAN_POINT('',(-1.25,-1.05,0.2));
#5516=CARTESIAN_POINT('',(-1.25,-1.02998373681422,0.));
#5517=CARTESIAN_POINT('',(-1.25,-1.02998373681422,0.2));
#5518=CARTESIAN_POINT('',(-1.25,-0.939293950064832,0.));
#5519=CARTESIAN_POINT('',(-1.25,-1.25,0.));
#5520=CARTESIAN_POINT('',(-1.25,-0.939293950064832,0.));
#5521=CARTESIAN_POINT('Origin',(-1.26008542185786,-1.29022801565607,0.2));
#5522=CARTESIAN_POINT('',(-1.00277139744344,-1.25,0.));
#5523=CARTESIAN_POINT('',(-1.00277139744344,-1.25,0.2));
#5524=CARTESIAN_POINT('Origin',(-1.26008542185786,-1.29022801565607,0.));
#5525=CARTESIAN_POINT('Origin',(-1.26008542185786,-1.29022801565607,0.2));
#5526=CARTESIAN_POINT('',(-1.02303495888324,-1.25,0.));
#5527=CARTESIAN_POINT('Origin',(-0.96319123259348,-0.925,0.));
#5528=CARTESIAN_POINT('',(-0.915676415251793,-1.25,0.));
#5529=CARTESIAN_POINT('',(1.25,-1.25,0.));
#5530=CARTESIAN_POINT('',(-0.865676415251793,-1.2,0.));
#5531=CARTESIAN_POINT('Origin',(-0.865676415251793,-1.25,0.));
#5532=CARTESIAN_POINT('',(-0.67638246518696,-1.2,0.));
#5533=CARTESIAN_POINT('',(1.81647598314827,-1.2,0.));
#5534=CARTESIAN_POINT('',(-0.67638246518696,-0.6,0.));
#5535=CARTESIAN_POINT('',(-0.67638246518696,1.2,0.));
#5536=CARTESIAN_POINT('',(-1.17638246518696,-0.6,0.));
#5537=CARTESIAN_POINT('',(1.81647598314828,-0.6,0.));
#5538=CARTESIAN_POINT('',(-1.17638246518696,-0.889293950064832,0.));
#5539=CARTESIAN_POINT('',(-1.17638246518696,1.2,0.));
#5540=CARTESIAN_POINT('',(-1.22638246518696,-0.939293950064832,0.));
#5541=CARTESIAN_POINT('Origin',(-1.22638246518696,-0.889293950064832,0.));
#5542=CARTESIAN_POINT('',(-1.22638246518696,-0.939293950064832,0.));
#5543=CARTESIAN_POINT('Origin',(-0.915676415251793,-1.25,0.));
#5544=CARTESIAN_POINT('',(-0.915676415251793,-1.25,0.));
#5545=CARTESIAN_POINT('Origin',(-0.865676415251793,-1.25,0.));
#5546=CARTESIAN_POINT('',(-0.865676415251793,-1.2,0.));
#5547=CARTESIAN_POINT('Origin',(-0.676382465186961,-1.2,0.));
#5548=CARTESIAN_POINT('',(-0.67638246518696,-1.2,0.));
#5549=CARTESIAN_POINT('Origin',(-0.67638246518696,-0.6,0.));
#5550=CARTESIAN_POINT('',(-0.67638246518696,-0.6,0.));
#5551=CARTESIAN_POINT('Origin',(-1.17638246518696,-0.6,0.));
#5552=CARTESIAN_POINT('',(-1.17638246518696,-0.6,0.));
#5553=CARTESIAN_POINT('Origin',(-1.17638246518696,-0.889293950064832,0.));
#5554=CARTESIAN_POINT('',(-1.17638246518696,-0.889293950064832,0.));
#5555=CARTESIAN_POINT('Origin',(-1.22638246518696,-0.889293950064832,0.));
#5556=CARTESIAN_POINT('',(-1.22638246518696,-0.939293950064832,0.));
#5557=CARTESIAN_POINT('Origin',(-1.25,-0.939293950064832,0.));
#5558=CARTESIAN_POINT('Origin',(0.972771397443444,1.19720092974777,0.2));
#5559=CARTESIAN_POINT('',(0.972771397443444,1.19720092974777,0.2));
#5560=CARTESIAN_POINT('',(0.830258047674429,1.19720092974777,0.2));
#5561=CARTESIAN_POINT('',(0.972771397443444,1.19720092974777,0.2));
#5562=CARTESIAN_POINT('',(0.830258047674429,1.19720092974777,0.22));
#5563=CARTESIAN_POINT('',(0.830258047674429,1.19720092974777,0.2));
#5564=CARTESIAN_POINT('',(0.972771397443444,1.19720092974777,0.22));
#5565=CARTESIAN_POINT('',(0.972771397443444,1.19720092974777,0.22));
#5566=CARTESIAN_POINT('',(0.972771397443444,1.19720092974777,0.2));
#5567=CARTESIAN_POINT('Origin',(0.972771397443444,1.22720092974777,0.2));
#5568=CARTESIAN_POINT('',(1.00277139744344,1.22720092974777,0.2));
#5569=CARTESIAN_POINT('Origin',(0.972771397443444,1.22720092974777,0.2));
#5570=CARTESIAN_POINT('',(1.00277139744344,1.22720092974777,0.22));
#5571=CARTESIAN_POINT('Origin',(0.972771397443444,1.22720092974777,0.22));
#5572=CARTESIAN_POINT('',(1.00277139744344,1.22720092974777,0.2));
#5573=CARTESIAN_POINT('Origin',(1.00277139744344,1.25,0.2));
#5574=CARTESIAN_POINT('',(1.00277139744344,1.25,0.2));
#5575=CARTESIAN_POINT('',(1.00277139744344,1.25,0.2));
#5576=CARTESIAN_POINT('',(1.00277139744344,1.25,0.22));
#5577=CARTESIAN_POINT('',(1.00277139744344,1.25,0.22));
#5578=CARTESIAN_POINT('',(1.00277139744344,1.25,0.2));
#5579=CARTESIAN_POINT('Origin',(1.17874029843013,0.953683212352217,0.2));
#5580=CARTESIAN_POINT('',(1.17874029843013,0.953683212352217,0.2));
#5581=CARTESIAN_POINT('',(1.25,1.02998373681422,0.2));
#5582=CARTESIAN_POINT('',(1.17874029843013,0.953683212352217,0.2));
#5583=CARTESIAN_POINT('',(1.25,1.02998373681422,0.22));
#5584=CARTESIAN_POINT('',(1.25,1.02998373681422,0.2));
#5585=CARTESIAN_POINT('',(1.17874029843013,0.953683212352217,0.22));
#5586=CARTESIAN_POINT('',(1.17874029843013,0.953683212352217,0.22));
#5587=CARTESIAN_POINT('',(1.17874029843013,0.953683212352217,0.2));
#5588=CARTESIAN_POINT('Origin',(1.03598853306032,0.953683212352217,0.2));
#5589=CARTESIAN_POINT('',(1.03598853306032,0.953683212352217,0.2));
#5590=CARTESIAN_POINT('',(1.03598853306032,0.953683212352217,0.2));
#5591=CARTESIAN_POINT('',(1.03598853306032,0.953683212352217,0.22));
#5592=CARTESIAN_POINT('',(1.03598853306032,0.953683212352217,0.22));
#5593=CARTESIAN_POINT('',(1.03598853306032,0.953683212352217,0.2));
#5594=CARTESIAN_POINT('Origin',(1.03598853306032,0.85,0.2));
#5595=CARTESIAN_POINT('',(1.03598853306032,0.85,0.2));
#5596=CARTESIAN_POINT('',(1.03598853306032,0.801134757202131,0.2));
#5597=CARTESIAN_POINT('',(1.03598853306032,0.85,0.22));
#5598=CARTESIAN_POINT('',(1.03598853306032,0.801134757202131,0.22));
#5599=CARTESIAN_POINT('',(1.03598853306032,0.85,0.2));
#5600=CARTESIAN_POINT('Origin',(0.830258047674428,0.85,0.2));
#5601=CARTESIAN_POINT('',(0.830258047674429,0.85,0.2));
#5602=CARTESIAN_POINT('',(-1.25,0.85,0.2));
#5603=CARTESIAN_POINT('',(0.830258047674429,0.85,0.22));
#5604=CARTESIAN_POINT('',(-1.25,0.85,0.22));
#5605=CARTESIAN_POINT('',(0.830258047674429,0.85,0.2));
#5606=CARTESIAN_POINT('Origin',(0.830258047674429,1.19720092974777,0.2));
#5607=CARTESIAN_POINT('',(0.830258047674429,1.19720092974777,0.2));
#5608=CARTESIAN_POINT('',(0.830258047674429,1.19720092974777,0.22));
#5609=CARTESIAN_POINT('Origin',(1.04012902383721,1.05,0.22));
#5610=CARTESIAN_POINT('',(1.25,1.05,0.22));
#5611=CARTESIAN_POINT('',(1.25,1.02998373681422,0.22));
#5612=CARTESIAN_POINT('',(1.02303495888324,1.25,0.22));
#5613=CARTESIAN_POINT('Origin',(1.26008542185786,1.29022801565607,0.22));
#5614=CARTESIAN_POINT('',(1.02303495888324,1.25,0.22));
#5615=CARTESIAN_POINT('Origin',(1.04012902383721,1.05,0.2));
#5616=CARTESIAN_POINT('Origin',(1.26008542185786,1.29022801565607,0.2));
#5617=CARTESIAN_POINT('Origin',(0.96319123259348,0.925,-0.02));
#5618=CARTESIAN_POINT('',(1.02303495888324,1.25,-0.02));
#5619=CARTESIAN_POINT('',(1.25,1.05,-0.02));
#5620=CARTESIAN_POINT('Origin',(1.26008542185786,1.29022801565607,-0.02));
#5621=CARTESIAN_POINT('',(1.25,0.939293950064832,-0.02));
#5622=CARTESIAN_POINT('',(1.25,1.25,-0.02));
#5623=CARTESIAN_POINT('',(1.22638246518696,0.939293950064832,-0.02));
#5624=CARTESIAN_POINT('',(1.22638246518696,0.939293950064832,-0.02));
#5625=CARTESIAN_POINT('',(1.17638246518696,0.889293950064832,-0.02));
#5626=CARTESIAN_POINT('Origin',(1.22638246518696,0.889293950064832,-0.02));
#5627=CARTESIAN_POINT('',(1.17638246518696,0.6,-0.02));
#5628=CARTESIAN_POINT('',(1.17638246518696,-1.2,-0.02));
#5629=CARTESIAN_POINT('',(0.676382465186961,0.6,-0.02));
#5630=CARTESIAN_POINT('',(-1.81647598314828,0.6,-0.02));
#5631=CARTESIAN_POINT('',(0.676382465186961,1.2,-0.02));
#5632=CARTESIAN_POINT('',(0.67638246518696,-1.2,-0.02));
#5633=CARTESIAN_POINT('',(0.865676415251794,1.2,-0.02));
#5634=CARTESIAN_POINT('',(-1.81647598314827,1.2,-0.02));
#5635=CARTESIAN_POINT('',(0.915676415251793,1.25,-0.02));
#5636=CARTESIAN_POINT('Origin',(0.865676415251793,1.25,-0.02));
#5637=CARTESIAN_POINT('',(-1.25,1.25,-0.02));
#5638=CARTESIAN_POINT('Origin',(1.26008542185786,1.29022801565607,0.2));
#5639=CARTESIAN_POINT('',(1.25,1.05,0.2));
#5640=CARTESIAN_POINT('',(1.02303495888324,1.25,0.));
#5641=CARTESIAN_POINT('Origin',(1.26008542185786,1.29022801565607,0.2));
#5642=CARTESIAN_POINT('',(1.00277139744344,1.25,0.));
#5643=CARTESIAN_POINT('',(1.00277139744344,1.25,0.2));
#5644=CARTESIAN_POINT('',(1.25,1.02998373681422,0.));
#5645=CARTESIAN_POINT('Origin',(1.26008542185786,1.29022801565607,0.));
#5646=CARTESIAN_POINT('',(1.25,1.02998373681422,0.2));
#5647=CARTESIAN_POINT('Origin',(0.96319123259348,0.925,0.));
#5648=CARTESIAN_POINT('',(0.915676415251793,1.25,0.));
#5649=CARTESIAN_POINT('',(-1.25,1.25,0.));
#5650=CARTESIAN_POINT('',(0.865676415251794,1.2,0.));
#5651=CARTESIAN_POINT('Origin',(0.865676415251793,1.25,0.));
#5652=CARTESIAN_POINT('',(0.676382465186961,1.2,0.));
#5653=CARTESIAN_POINT('',(-1.81647598314827,1.2,0.));
#5654=CARTESIAN_POINT('',(0.676382465186961,0.6,0.));
#5655=CARTESIAN_POINT('',(0.67638246518696,-1.2,0.));
#5656=CARTESIAN_POINT('',(1.17638246518696,0.6,0.));
#5657=CARTESIAN_POINT('',(-1.81647598314828,0.6,0.));
#5658=CARTESIAN_POINT('',(1.17638246518696,0.889293950064832,0.));
#5659=CARTESIAN_POINT('',(1.17638246518696,-1.2,0.));
#5660=CARTESIAN_POINT('',(1.22638246518696,0.939293950064832,0.));
#5661=CARTESIAN_POINT('Origin',(1.22638246518696,0.889293950064832,0.));
#5662=CARTESIAN_POINT('',(1.25,0.939293950064832,0.));
#5663=CARTESIAN_POINT('',(1.22638246518696,0.939293950064832,0.));
#5664=CARTESIAN_POINT('',(1.25,1.25,0.));
#5665=CARTESIAN_POINT('Origin',(0.915676415251793,1.25,0.));
#5666=CARTESIAN_POINT('',(0.915676415251793,1.25,0.));
#5667=CARTESIAN_POINT('Origin',(0.865676415251793,1.25,0.));
#5668=CARTESIAN_POINT('',(0.865676415251794,1.2,0.));
#5669=CARTESIAN_POINT('Origin',(0.676382465186961,1.2,0.));
#5670=CARTESIAN_POINT('',(0.676382465186961,1.2,0.));
#5671=CARTESIAN_POINT('Origin',(0.676382465186961,0.6,0.));
#5672=CARTESIAN_POINT('',(0.676382465186961,0.6,0.));
#5673=CARTESIAN_POINT('Origin',(1.17638246518696,0.6,0.));
#5674=CARTESIAN_POINT('',(1.17638246518696,0.6,0.));
#5675=CARTESIAN_POINT('Origin',(1.17638246518696,0.889293950064832,0.));
#5676=CARTESIAN_POINT('',(1.17638246518696,0.889293950064832,0.));
#5677=CARTESIAN_POINT('Origin',(1.22638246518696,0.889293950064832,0.));
#5678=CARTESIAN_POINT('',(1.22638246518696,0.939293950064832,0.));
#5679=CARTESIAN_POINT('Origin',(1.25,0.939293950064832,0.));
#5680=CARTESIAN_POINT('',(1.25,0.939293950064832,0.));
#5681=CARTESIAN_POINT('Origin',(1.25,1.25,0.));
#5682=CARTESIAN_POINT('Origin',(0.371373922644898,-1.25,-0.02));
#5683=CARTESIAN_POINT('',(0.371373922644898,-1.25,-0.02));
#5684=CARTESIAN_POINT('',(0.371373922644898,-0.6,-0.02));
#5685=CARTESIAN_POINT('',(0.371373922644898,-1.25,-0.02));
#5686=CARTESIAN_POINT('',(0.371373922644898,-0.6,0.));
#5687=CARTESIAN_POINT('',(0.371373922644898,-0.6,-0.02));
#5688=CARTESIAN_POINT('',(0.371373922644898,-1.25,0.));
#5689=CARTESIAN_POINT('',(0.371373922644898,-1.25,0.));
#5690=CARTESIAN_POINT('',(0.371373922644898,-1.25,0.));
#5691=CARTESIAN_POINT('Origin',(-0.371373922644899,-0.6,-0.02));
#5692=CARTESIAN_POINT('',(-0.371373922644898,-1.25,-0.02));
#5693=CARTESIAN_POINT('',(-0.371373922644898,-0.6,-0.02));
#5694=CARTESIAN_POINT('',(-0.371373922644898,-1.25,-0.02));
#5695=CARTESIAN_POINT('',(-0.371373922644898,-1.25,0.));
#5696=CARTESIAN_POINT('',(-0.371373922644898,-1.25,0.));
#5697=CARTESIAN_POINT('',(-0.371373922644898,-0.6,0.));
#5698=CARTESIAN_POINT('',(-0.371373922644898,-1.25,0.));
#5699=CARTESIAN_POINT('',(-0.371373922644898,-0.6,-0.02));
#5700=CARTESIAN_POINT('Origin',(-1.25595780751374E-16,-1.02556737860107,
0.2));
#5701=CARTESIAN_POINT('',(0.281204339967143,-1.25,0.2));
#5702=CARTESIAN_POINT('',(-0.281204339967144,-1.25,0.2));
#5703=CARTESIAN_POINT('Origin',(-1.76331017788067E-16,-1.29820110695581,
0.2));
#5704=CARTESIAN_POINT('',(-0.323010767369938,-1.25,0.2));
#5705=CARTESIAN_POINT('',(-0.281204339967144,-1.25,0.2));
#5706=CARTESIAN_POINT('',(-0.378010767369937,-1.195,0.2));
#5707=CARTESIAN_POINT('Origin',(-0.323010767369937,-1.195,0.2));
#5708=CARTESIAN_POINT('',(-0.378010767369937,-0.801134757202131,0.2));
#5709=CARTESIAN_POINT('',(-0.378010767369937,-0.801134757202131,0.2));
#5710=CARTESIAN_POINT('',(0.378010767369937,-0.801134757202131,0.2));
#5711=CARTESIAN_POINT('',(-0.378010767369937,-0.801134757202131,0.2));
#5712=CARTESIAN_POINT('',(0.378010767369937,-1.195,0.2));
#5713=CARTESIAN_POINT('',(0.378010767369937,-0.801134757202131,0.2));
#5714=CARTESIAN_POINT('',(0.323010767369937,-1.25,0.2));
#5715=CARTESIAN_POINT('Origin',(0.323010767369937,-1.195,0.2));
#5716=CARTESIAN_POINT('',(0.260890131803766,-1.25,0.2));
#5717=CARTESIAN_POINT('Origin',(-0.323010767369937,-1.195,0.2));
#5718=CARTESIAN_POINT('',(-0.323010767369938,-1.25,0.22));
#5719=CARTESIAN_POINT('',(-0.323010767369938,-1.25,0.2));
#5720=CARTESIAN_POINT('',(-0.378010767369937,-1.195,0.22));
#5721=CARTESIAN_POINT('Origin',(-0.323010767369937,-1.195,0.22));
#5722=CARTESIAN_POINT('',(-0.378010767369937,-1.195,0.2));
#5723=CARTESIAN_POINT('Origin',(-0.378010767369937,-0.801134757202131,0.2));
#5724=CARTESIAN_POINT('',(-0.378010767369937,-0.801134757202131,0.22));
#5725=CARTESIAN_POINT('',(-0.378010767369937,-0.801134757202131,0.22));
#5726=CARTESIAN_POINT('',(-0.378010767369937,-0.801134757202131,0.2));
#5727=CARTESIAN_POINT('Origin',(0.378010767369937,-0.801134757202131,0.2));
#5728=CARTESIAN_POINT('',(0.378010767369937,-0.801134757202131,0.22));
#5729=CARTESIAN_POINT('',(-0.378010767369937,-0.801134757202131,0.22));
#5730=CARTESIAN_POINT('',(0.378010767369937,-0.801134757202131,0.2));
#5731=CARTESIAN_POINT('Origin',(0.378010767369937,-1.195,0.2));
#5732=CARTESIAN_POINT('',(0.378010767369937,-1.195,0.22));
#5733=CARTESIAN_POINT('',(0.378010767369937,-0.801134757202131,0.22));
#5734=CARTESIAN_POINT('',(0.378010767369937,-1.195,0.2));
#5735=CARTESIAN_POINT('Origin',(0.323010767369937,-1.195,0.2));
#5736=CARTESIAN_POINT('',(0.323010767369937,-1.25,0.22));
#5737=CARTESIAN_POINT('Origin',(0.323010767369937,-1.195,0.22));
#5738=CARTESIAN_POINT('',(0.323010767369937,-1.25,0.2));
#5739=CARTESIAN_POINT('Origin',(-1.25595780751374E-16,-1.02556737860107,
0.22));
#5740=CARTESIAN_POINT('',(0.260890131803766,-1.25,0.22));
#5741=CARTESIAN_POINT('',(0.260890131803766,-1.25,0.22));
#5742=CARTESIAN_POINT('',(-0.260890131803766,-1.25,0.22));
#5743=CARTESIAN_POINT('',(-0.281204339967144,-1.25,0.22));
#5744=CARTESIAN_POINT('Origin',(-1.76331017788067E-16,-1.29820110695581,
0.22));
#5745=CARTESIAN_POINT('Origin',(0.371373922644898,-1.25,0.));
#5746=CARTESIAN_POINT('',(-0.260890131803766,-1.25,-0.02));
#5747=CARTESIAN_POINT('',(-0.260890131803766,-1.25,0.2));
#5748=CARTESIAN_POINT('',(-0.281204339967144,-1.25,0.));
#5749=CARTESIAN_POINT('',(-0.281204339967144,-1.25,0.2));
#5750=CARTESIAN_POINT('',(1.25,-1.25,0.));
#5751=CARTESIAN_POINT('',(1.25,-1.25,-0.02));
#5752=CARTESIAN_POINT('Origin',(0.371373922644898,-1.25,0.));
#5753=CARTESIAN_POINT('',(0.260890131803766,-1.25,-0.02));
#5754=CARTESIAN_POINT('',(0.260890131803766,-1.25,0.));
#5755=CARTESIAN_POINT('',(1.25,-1.25,-0.02));
#5756=CARTESIAN_POINT('',(0.281204339967143,-1.25,0.));
#5757=CARTESIAN_POINT('',(1.25,-1.25,0.));
#5758=CARTESIAN_POINT('',(0.281204339967143,-1.25,0.2));
#5759=CARTESIAN_POINT('Origin',(-1.1327982892113E-16,-0.925,-0.02));
#5760=CARTESIAN_POINT('Origin',(-1.76331017788067E-16,-1.29820110695581,
-0.02));
#5761=CARTESIAN_POINT('',(-0.371373922644898,-0.6,-0.02));
#5762=CARTESIAN_POINT('Origin',(-1.76331017788067E-16,-1.29820110695581,
0.2));
#5763=CARTESIAN_POINT('Origin',(-1.76331017788067E-16,-1.29820110695581,
0.));
#5764=CARTESIAN_POINT('Origin',(-1.76331017788067E-16,-1.29820110695581,
0.2));
#5765=CARTESIAN_POINT('Origin',(-1.1327982892113E-16,-0.925,0.));
#5766=CARTESIAN_POINT('',(-0.371373922644898,-0.6,0.));
#5767=CARTESIAN_POINT('Origin',(-0.25,-0.6,0.));
#5768=CARTESIAN_POINT('Origin',(-0.371373922644898,1.25,-0.02));
#5769=CARTESIAN_POINT('',(-0.371373922644898,1.25,-0.02));
#5770=CARTESIAN_POINT('',(-0.371373922644898,0.6,-0.02));
#5771=CARTESIAN_POINT('',(-0.371373922644898,1.25,-0.02));
#5772=CARTESIAN_POINT('',(-0.371373922644898,0.6,0.));
#5773=CARTESIAN_POINT('',(-0.371373922644898,0.6,-0.02));
#5774=CARTESIAN_POINT('',(-0.371373922644898,1.25,0.));
#5775=CARTESIAN_POINT('',(-0.371373922644898,1.25,0.));
#5776=CARTESIAN_POINT('',(-0.371373922644898,1.25,0.));
#5777=CARTESIAN_POINT('Origin',(0.371373922644898,0.6,-0.02));
#5778=CARTESIAN_POINT('',(0.371373922644898,1.25,-0.02));
#5779=CARTESIAN_POINT('',(0.371373922644898,0.6,-0.02));
#5780=CARTESIAN_POINT('',(0.371373922644898,1.25,-0.02));
#5781=CARTESIAN_POINT('',(0.371373922644898,1.25,0.));
#5782=CARTESIAN_POINT('',(0.371373922644898,1.25,0.));
#5783=CARTESIAN_POINT('',(0.371373922644898,0.6,0.));
#5784=CARTESIAN_POINT('',(0.371373922644898,1.25,0.));
#5785=CARTESIAN_POINT('',(0.371373922644898,0.6,-0.02));
#5786=CARTESIAN_POINT('Origin',(0.323010767369936,1.195,0.2));
#5787=CARTESIAN_POINT('',(0.378010767369936,1.195,0.2));
#5788=CARTESIAN_POINT('',(0.323010767369936,1.25,0.2));
#5789=CARTESIAN_POINT('Origin',(0.323010767369936,1.195,0.2));
#5790=CARTESIAN_POINT('',(0.323010767369936,1.25,0.22));
#5791=CARTESIAN_POINT('',(0.323010767369936,1.25,0.2));
#5792=CARTESIAN_POINT('',(0.378010767369936,1.195,0.22));
#5793=CARTESIAN_POINT('Origin',(0.323010767369936,1.195,0.22));
#5794=CARTESIAN_POINT('',(0.378010767369936,1.195,0.2));
#5795=CARTESIAN_POINT('Origin',(0.378010767369936,0.929683132745671,0.2));
#5796=CARTESIAN_POINT('',(0.378010767369936,0.929683132745671,0.2));
#5797=CARTESIAN_POINT('',(0.378010767369936,0.801134757202131,0.2));
#5798=CARTESIAN_POINT('',(0.378010767369936,0.929683132745671,0.22));
#5799=CARTESIAN_POINT('',(0.378010767369936,0.801134757202131,0.22));
#5800=CARTESIAN_POINT('',(0.378010767369936,0.929683132745671,0.2));
#5801=CARTESIAN_POINT('Origin',(0.194693427221743,0.929683132745671,0.2));
#5802=CARTESIAN_POINT('',(0.194693427221743,0.929683132745671,0.2));
#5803=CARTESIAN_POINT('',(0.378010767369936,0.929683132745671,0.2));
#5804=CARTESIAN_POINT('',(0.194693427221743,0.929683132745671,0.22));
#5805=CARTESIAN_POINT('',(0.378010767369936,0.929683132745671,0.22));
#5806=CARTESIAN_POINT('',(0.194693427221743,0.929683132745671,0.2));
#5807=CARTESIAN_POINT('Origin',(0.194693427221743,0.801134757202131,0.2));
#5808=CARTESIAN_POINT('',(0.194693427221743,0.801134757202131,0.2));
#5809=CARTESIAN_POINT('',(0.194693427221743,0.929683132745671,0.2));
#5810=CARTESIAN_POINT('',(0.194693427221743,0.801134757202131,0.22));
#5811=CARTESIAN_POINT('',(0.194693427221743,0.929683132745671,0.22));
#5812=CARTESIAN_POINT('',(0.194693427221743,0.801134757202131,0.2));
#5813=CARTESIAN_POINT('Origin',(-0.194693427221743,0.801134757202131,0.2));
#5814=CARTESIAN_POINT('',(-0.194693427221743,0.801134757202131,0.2));
#5815=CARTESIAN_POINT('',(-0.378010767369936,0.801134757202131,0.2));
#5816=CARTESIAN_POINT('',(-0.194693427221743,0.801134757202131,0.22));
#5817=CARTESIAN_POINT('',(-0.378010767369936,0.801134757202131,0.22));
#5818=CARTESIAN_POINT('',(-0.194693427221743,0.801134757202131,0.2));
#5819=CARTESIAN_POINT('Origin',(-0.194693427221743,0.929683132745671,0.2));
#5820=CARTESIAN_POINT('',(-0.194693427221743,0.929683132745671,0.2));
#5821=CARTESIAN_POINT('',(-0.194693427221743,0.929683132745671,0.2));
#5822=CARTESIAN_POINT('',(-0.194693427221743,0.929683132745671,0.22));
#5823=CARTESIAN_POINT('',(-0.194693427221743,0.929683132745671,0.22));
#5824=CARTESIAN_POINT('',(-0.194693427221743,0.929683132745671,0.2));
#5825=CARTESIAN_POINT('Origin',(-0.378010767369936,0.929683132745671,0.2));
#5826=CARTESIAN_POINT('',(-0.378010767369936,0.929683132745671,0.2));
#5827=CARTESIAN_POINT('',(-0.378010767369936,0.929683132745671,0.2));
#5828=CARTESIAN_POINT('',(-0.378010767369936,0.929683132745671,0.22));
#5829=CARTESIAN_POINT('',(-0.378010767369936,0.929683132745671,0.22));
#5830=CARTESIAN_POINT('',(-0.378010767369936,0.929683132745671,0.2));
#5831=CARTESIAN_POINT('Origin',(-0.378010767369936,1.195,0.2));
#5832=CARTESIAN_POINT('',(-0.378010767369938,1.195,0.2));
#5833=CARTESIAN_POINT('',(-0.378010767369936,0.801134757202131,0.2));
#5834=CARTESIAN_POINT('',(-0.378010767369938,1.195,0.22));
#5835=CARTESIAN_POINT('',(-0.378010767369936,0.801134757202131,0.22));
#5836=CARTESIAN_POINT('',(-0.378010767369938,1.195,0.2));
#5837=CARTESIAN_POINT('Origin',(-0.323010767369938,1.195,0.2));
#5838=CARTESIAN_POINT('',(-0.323010767369938,1.25,0.2));
#5839=CARTESIAN_POINT('Origin',(-0.323010767369938,1.195,0.2));
#5840=CARTESIAN_POINT('',(-0.323010767369938,1.25,0.22));
#5841=CARTESIAN_POINT('Origin',(-0.323010767369938,1.195,0.22));
#5842=CARTESIAN_POINT('',(-0.323010767369938,1.25,0.2));
#5843=CARTESIAN_POINT('Origin',(-7.07071487717494E-16,1.02556737860107,
0.22));
#5844=CARTESIAN_POINT('',(0.260890131803766,1.25,0.22));
#5845=CARTESIAN_POINT('',(0.281204339967144,1.25,0.22));
#5846=CARTESIAN_POINT('',(-0.260890131803766,1.25,0.22));
#5847=CARTESIAN_POINT('Origin',(1.41636548268531E-16,1.29820110695581,0.22));
#5848=CARTESIAN_POINT('',(-0.260890131803766,1.25,0.22));
#5849=CARTESIAN_POINT('Origin',(-7.07071487717494E-16,1.02556737860107,
0.2));
#5850=CARTESIAN_POINT('',(0.281204339967144,1.25,0.2));
#5851=CARTESIAN_POINT('',(-0.281204339967143,1.25,0.2));
#5852=CARTESIAN_POINT('Origin',(1.41636548268531E-16,1.29820110695581,0.2));
#5853=CARTESIAN_POINT('',(0.281204339967144,1.25,0.2));
#5854=CARTESIAN_POINT('',(-0.260890131803766,1.25,0.2));
#5855=CARTESIAN_POINT('Origin',(0.371373922644898,1.25,0.));
#5856=CARTESIAN_POINT('',(-0.260890131803766,1.25,-0.02));
#5857=CARTESIAN_POINT('',(-0.260890131803766,1.25,0.));
#5858=CARTESIAN_POINT('',(1.25,1.25,-0.02));
#5859=CARTESIAN_POINT('',(-0.281204339967143,1.25,0.));
#5860=CARTESIAN_POINT('',(1.25,1.25,0.));
#5861=CARTESIAN_POINT('',(-0.281204339967143,1.25,0.2));
#5862=CARTESIAN_POINT('Origin',(1.1327982892113E-16,0.925,-0.02));
#5863=CARTESIAN_POINT('',(0.260890131803766,1.25,-0.02));
#5864=CARTESIAN_POINT('Origin',(1.41636548268531E-16,1.29820110695581,-0.02));
#5865=CARTESIAN_POINT('',(1.25,1.25,-0.02));
#5866=CARTESIAN_POINT('',(0.371373922644898,0.6,-0.02));
#5867=CARTESIAN_POINT('Origin',(1.41636548268531E-16,1.29820110695581,0.2));
#5868=CARTESIAN_POINT('',(0.281204339967144,1.25,0.));
#5869=CARTESIAN_POINT('Origin',(1.41636548268531E-16,1.29820110695581,0.));
#5870=CARTESIAN_POINT('',(0.281204339967144,1.25,0.2));
#5871=CARTESIAN_POINT('Origin',(1.41636548268531E-16,1.29820110695581,0.2));
#5872=CARTESIAN_POINT('',(0.260890131803766,1.25,0.2));
#5873=CARTESIAN_POINT('Origin',(1.1327982892113E-16,0.925,0.));
#5874=CARTESIAN_POINT('',(1.81647598314828,0.6,0.));
#5875=CARTESIAN_POINT('',(1.25,1.25,0.));
#5876=CARTESIAN_POINT('Origin',(-0.25,0.6,0.));
#5877=CARTESIAN_POINT('Origin',(0.371373922644898,1.25,0.));
#5878=CARTESIAN_POINT('Origin',(1.26008542185786,-1.29022801565607,0.2));
#5879=CARTESIAN_POINT('',(1.00277139744344,-1.25,0.2));
#5880=CARTESIAN_POINT('',(1.25,-1.02998373681422,0.2));
#5881=CARTESIAN_POINT('Origin',(1.26008542185786,-1.29022801565607,0.2));
#5882=CARTESIAN_POINT('',(1.25,-1.02998373681422,0.));
#5883=CARTESIAN_POINT('',(1.25,-1.02998373681422,0.2));
#5884=CARTESIAN_POINT('',(1.00277139744344,-1.25,0.));
#5885=CARTESIAN_POINT('Origin',(1.26008542185786,-1.29022801565607,0.));
#5886=CARTESIAN_POINT('',(1.00277139744344,-1.25,0.2));
#5887=CARTESIAN_POINT('Origin',(1.25,-1.05,0.2));
#5888=CARTESIAN_POINT('',(1.25,-1.05,0.2));
#5889=CARTESIAN_POINT('',(1.25,-1.25,0.2));
#5890=CARTESIAN_POINT('',(1.25,-1.05,0.));
#5891=CARTESIAN_POINT('',(1.25,-1.05,0.2));
#5892=CARTESIAN_POINT('',(1.25,-1.25,0.));
#5893=CARTESIAN_POINT('Origin',(1.26008542185786,-1.29022801565607,0.2));
#5894=CARTESIAN_POINT('',(1.02303495888324,-1.25,0.2));
#5895=CARTESIAN_POINT('Origin',(1.26008542185786,-1.29022801565607,0.2));
#5896=CARTESIAN_POINT('',(1.02303495888324,-1.25,0.));
#5897=CARTESIAN_POINT('',(1.02303495888324,-1.25,0.2));
#5898=CARTESIAN_POINT('Origin',(1.26008542185786,-1.29022801565607,0.));
#5899=CARTESIAN_POINT('Origin',(1.00277139744344,-1.25,0.2));
#5900=CARTESIAN_POINT('',(0.915676415251792,-1.25,0.2));
#5901=CARTESIAN_POINT('',(0.915676415251792,-1.25,0.));
#5902=CARTESIAN_POINT('Origin',(1.12638569872172,-1.13999186840711,0.2));
#5903=CARTESIAN_POINT('Origin',(1.12638569872172,-1.13999186840711,0.));
#5904=CARTESIAN_POINT('Origin',(-1.02303495888324,-1.25,0.2));
#5905=CARTESIAN_POINT('',(-1.02303495888324,-1.25,0.2));
#5906=CARTESIAN_POINT('',(-1.00277139744344,-1.25,0.2));
#5907=CARTESIAN_POINT('',(-1.25,-1.25,0.2));
#5908=CARTESIAN_POINT('',(-1.02303495888324,-1.25,0.));
#5909=CARTESIAN_POINT('',(-1.02303495888324,-1.25,0.2));
#5910=CARTESIAN_POINT('',(-1.00277139744344,-1.25,0.));
#5911=CARTESIAN_POINT('',(-1.25,-1.25,0.));
#5912=CARTESIAN_POINT('',(-1.00277139744344,-1.25,0.2));
#5913=CARTESIAN_POINT('Origin',(-1.26008542185786,-1.29022801565607,0.2));
#5914=CARTESIAN_POINT('',(-1.25,-1.05,0.2));
#5915=CARTESIAN_POINT('Origin',(-1.26008542185786,-1.29022801565607,0.2));
#5916=CARTESIAN_POINT('',(-1.25,-1.05,0.));
#5917=CARTESIAN_POINT('',(-1.25,-1.05,0.2));
#5918=CARTESIAN_POINT('Origin',(-1.26008542185786,-1.29022801565607,0.));
#5919=CARTESIAN_POINT('Origin',(-1.25,-1.02998373681422,0.2));
#5920=CARTESIAN_POINT('',(-1.25,-1.02998373681422,0.2));
#5921=CARTESIAN_POINT('',(-1.25,-0.915676415251793,0.2));
#5922=CARTESIAN_POINT('',(-1.25,-1.02998373681422,0.));
#5923=CARTESIAN_POINT('',(-1.25,-1.02998373681422,0.2));
#5924=CARTESIAN_POINT('',(-1.25,-0.915676415251793,0.));
#5925=CARTESIAN_POINT('Origin',(-1.26008542185786,-1.29022801565607,0.2));
#5926=CARTESIAN_POINT('Origin',(-1.26008542185786,-1.29022801565607,0.2));
#5927=CARTESIAN_POINT('Origin',(-1.26008542185786,-1.29022801565607,0.));
#5928=CARTESIAN_POINT('Origin',(-1.12638569872172,-1.13999186840711,0.2));
#5929=CARTESIAN_POINT('Origin',(-1.12638569872172,-1.13999186840711,0.));
#5930=CARTESIAN_POINT('Origin',(1.26008542185786,-1.29022801565607,0.2));
#5931=CARTESIAN_POINT('',(1.00277139744344,-1.25,0.2));
#5932=CARTESIAN_POINT('',(1.25,-1.02998373681422,0.2));
#5933=CARTESIAN_POINT('Origin',(1.26008542185786,-1.29022801565607,0.2));
#5934=CARTESIAN_POINT('',(1.25,-1.02998373681422,0.));
#5935=CARTESIAN_POINT('',(1.25,-1.02998373681422,0.2));
#5936=CARTESIAN_POINT('',(1.00277139744344,-1.25,0.));
#5937=CARTESIAN_POINT('Origin',(1.26008542185786,-1.29022801565607,0.));
#5938=CARTESIAN_POINT('',(1.00277139744344,-1.25,0.2));
#5939=CARTESIAN_POINT('Origin',(1.25,-1.05,0.2));
#5940=CARTESIAN_POINT('',(1.25,-1.05,0.2));
#5941=CARTESIAN_POINT('',(1.25,-1.25,0.2));
#5942=CARTESIAN_POINT('',(1.25,-1.05,0.));
#5943=CARTESIAN_POINT('',(1.25,-1.05,0.2));
#5944=CARTESIAN_POINT('',(1.25,-1.25,0.));
#5945=CARTESIAN_POINT('Origin',(1.26008542185786,-1.29022801565607,0.2));
#5946=CARTESIAN_POINT('',(1.02303495888324,-1.25,0.2));
#5947=CARTESIAN_POINT('Origin',(1.26008542185786,-1.29022801565607,0.2));
#5948=CARTESIAN_POINT('',(1.02303495888324,-1.25,0.));
#5949=CARTESIAN_POINT('',(1.02303495888324,-1.25,0.2));
#5950=CARTESIAN_POINT('Origin',(1.26008542185786,-1.29022801565607,0.));
#5951=CARTESIAN_POINT('Origin',(1.00277139744344,-1.25,0.2));
#5952=CARTESIAN_POINT('',(0.915676415251792,-1.25,0.2));
#5953=CARTESIAN_POINT('',(0.915676415251792,-1.25,0.));
#5954=CARTESIAN_POINT('Origin',(1.12638569872172,-1.13999186840711,0.2));
#5955=CARTESIAN_POINT('Origin',(1.12638569872172,-1.13999186840711,0.));
#5956=CARTESIAN_POINT('Origin',(-1.02303495888324,-1.25,0.2));
#5957=CARTESIAN_POINT('',(-1.02303495888324,-1.25,0.2));
#5958=CARTESIAN_POINT('',(-1.00277139744344,-1.25,0.2));
#5959=CARTESIAN_POINT('',(-1.25,-1.25,0.2));
#5960=CARTESIAN_POINT('',(-1.02303495888324,-1.25,0.));
#5961=CARTESIAN_POINT('',(-1.02303495888324,-1.25,0.2));
#5962=CARTESIAN_POINT('',(-1.00277139744344,-1.25,0.));
#5963=CARTESIAN_POINT('',(-1.25,-1.25,0.));
#5964=CARTESIAN_POINT('',(-1.00277139744344,-1.25,0.2));
#5965=CARTESIAN_POINT('Origin',(-1.26008542185786,-1.29022801565607,0.2));
#5966=CARTESIAN_POINT('',(-1.25,-1.05,0.2));
#5967=CARTESIAN_POINT('Origin',(-1.26008542185786,-1.29022801565607,0.2));
#5968=CARTESIAN_POINT('',(-1.25,-1.05,0.));
#5969=CARTESIAN_POINT('',(-1.25,-1.05,0.2));
#5970=CARTESIAN_POINT('Origin',(-1.26008542185786,-1.29022801565607,0.));
#5971=CARTESIAN_POINT('Origin',(-1.25,-1.02998373681422,0.2));
#5972=CARTESIAN_POINT('',(-1.25,-1.02998373681422,0.2));
#5973=CARTESIAN_POINT('',(-1.25,-0.915676415251793,0.2));
#5974=CARTESIAN_POINT('',(-1.25,-1.02998373681422,0.));
#5975=CARTESIAN_POINT('',(-1.25,-1.02998373681422,0.2));
#5976=CARTESIAN_POINT('',(-1.25,-0.915676415251793,0.));
#5977=CARTESIAN_POINT('Origin',(-1.26008542185786,-1.29022801565607,0.2));
#5978=CARTESIAN_POINT('Origin',(-1.26008542185786,-1.29022801565607,0.2));
#5979=CARTESIAN_POINT('Origin',(-1.26008542185786,-1.29022801565607,0.));
#5980=CARTESIAN_POINT('Origin',(-1.12638569872172,-1.13999186840711,0.2));
#5981=CARTESIAN_POINT('Origin',(-1.12638569872172,-1.13999186840711,0.));
#5982=CARTESIAN_POINT('Origin',(1.25,1.248,0.));
#5983=CARTESIAN_POINT('',(-0.26051268000764,1.248,0.));
#5984=CARTESIAN_POINT('',(-0.26051268000764,1.248,0.2));
#5985=CARTESIAN_POINT('',(-0.26051268000764,1.248,0.2));
#5986=CARTESIAN_POINT('',(0.26051268000764,1.248,0.2));
#5987=CARTESIAN_POINT('',(0.625,1.248,0.2));
#5988=CARTESIAN_POINT('',(0.26051268000764,1.248,0.));
#5989=CARTESIAN_POINT('',(0.26051268000764,1.248,0.2));
#5990=CARTESIAN_POINT('',(0.625,1.248,0.));
#5991=CARTESIAN_POINT('Origin',(0.,0.,0.));
#5992=CARTESIAN_POINT('Origin',(1.41636548268531E-16,1.29820110695581,0.));
#5993=CARTESIAN_POINT('Origin',(0.,0.,0.2));
#5994=CARTESIAN_POINT('Origin',(1.41636548268531E-16,1.29820110695581,0.2));
#5995=CARTESIAN_POINT('Origin',(1.41636548268531E-16,1.29820110695581,0.2));
#5996=CARTESIAN_POINT('Origin',(0.,0.,0.2));
#5997=CARTESIAN_POINT('',(-1.248,1.05009230856814,0.2));
#5998=CARTESIAN_POINT('',(-1.02338305614544,1.248,0.2));
#5999=CARTESIAN_POINT('Origin',(-1.26008542185786,1.29022801565607,0.2));
#6000=CARTESIAN_POINT('',(-1.248,1.248,0.2));
#6001=CARTESIAN_POINT('',(0.625,1.248,0.2));
#6002=CARTESIAN_POINT('',(-1.248,0.625,0.2));
#6003=CARTESIAN_POINT('Origin',(-1.248,1.25,0.));
#6004=CARTESIAN_POINT('',(-1.248,1.05009230856814,0.));
#6005=CARTESIAN_POINT('',(-1.248,1.05009230856814,0.2));
#6006=CARTESIAN_POINT('',(-1.248,1.248,0.));
#6007=CARTESIAN_POINT('',(-1.248,1.248,0.));
#6008=CARTESIAN_POINT('',(-1.248,0.625,0.));
#6009=CARTESIAN_POINT('Origin',(0.,0.,0.));
#6010=CARTESIAN_POINT('',(-1.02338305614544,1.248,0.));
#6011=CARTESIAN_POINT('Origin',(-1.26008542185786,1.29022801565607,0.));
#6012=CARTESIAN_POINT('',(0.625,1.248,0.));
#6013=CARTESIAN_POINT('Origin',(1.25,1.248,0.));
#6014=CARTESIAN_POINT('',(-1.02338305614544,1.248,0.2));
#6015=CARTESIAN_POINT('Origin',(-1.26008542185786,1.29022801565607,0.2));
#6016=CARTESIAN_POINT('Origin',(0.,0.,0.2));
#6017=CARTESIAN_POINT('',(-1.02338305614544,-1.248,0.2));
#6018=CARTESIAN_POINT('',(-1.248,-1.05009230856814,0.2));
#6019=CARTESIAN_POINT('Origin',(-1.26008542185786,-1.29022801565607,0.2));
#6020=CARTESIAN_POINT('',(-1.248,-1.248,0.2));
#6021=CARTESIAN_POINT('',(-1.248,0.625,0.2));
#6022=CARTESIAN_POINT('',(-0.625,-1.248,0.2));
#6023=CARTESIAN_POINT('Origin',(-1.25,-1.248,0.));
#6024=CARTESIAN_POINT('',(-1.02338305614544,-1.248,0.));
#6025=CARTESIAN_POINT('',(-1.02338305614544,-1.248,0.2));
#6026=CARTESIAN_POINT('',(-1.248,-1.248,0.));
#6027=CARTESIAN_POINT('',(-1.248,-1.248,0.));
#6028=CARTESIAN_POINT('',(-0.625,-1.248,0.));
#6029=CARTESIAN_POINT('Origin',(0.,0.,0.));
#6030=CARTESIAN_POINT('',(-1.248,-1.05009230856814,0.));
#6031=CARTESIAN_POINT('Origin',(-1.26008542185786,-1.29022801565607,0.));
#6032=CARTESIAN_POINT('',(-1.248,0.625,0.));
#6033=CARTESIAN_POINT('Origin',(-1.248,1.25,0.));
#6034=CARTESIAN_POINT('',(-1.248,-1.05009230856814,0.2));
#6035=CARTESIAN_POINT('Origin',(-1.26008542185786,-1.29022801565607,0.2));
#6036=CARTESIAN_POINT('Origin',(0.,0.,0.));
#6037=CARTESIAN_POINT('',(-0.26051268000764,-1.248,0.));
#6038=CARTESIAN_POINT('',(0.26051268000764,-1.248,0.));
#6039=CARTESIAN_POINT('Origin',(-1.76331017788067E-16,-1.29820110695581,
0.));
#6040=CARTESIAN_POINT('',(-0.625,-1.248,0.));
#6041=CARTESIAN_POINT('Origin',(-1.25,-1.248,0.));
#6042=CARTESIAN_POINT('',(0.26051268000764,-1.248,0.2));
#6043=CARTESIAN_POINT('',(0.26051268000764,-1.248,0.2));
#6044=CARTESIAN_POINT('',(-0.26051268000764,-1.248,0.2));
#6045=CARTESIAN_POINT('',(-0.625,-1.248,0.2));
#6046=CARTESIAN_POINT('',(-0.26051268000764,-1.248,0.2));
#6047=CARTESIAN_POINT('Origin',(0.,0.,0.2));
#6048=CARTESIAN_POINT('Origin',(-1.76331017788067E-16,-1.29820110695581,
0.2));
#6049=CARTESIAN_POINT('Origin',(-1.76331017788067E-16,-1.29820110695581,
0.2));
#6050=CARTESIAN_POINT('Origin',(-1.25,-1.248,0.));
#6051=CARTESIAN_POINT('',(1.02338305614544,-1.248,0.2));
#6052=CARTESIAN_POINT('',(1.02338305614544,-1.248,0.));
#6053=CARTESIAN_POINT('',(1.02338305614544,-1.248,0.2));
#6054=CARTESIAN_POINT('',(1.248,-1.248,0.));
#6055=CARTESIAN_POINT('',(-0.625,-1.248,0.));
#6056=CARTESIAN_POINT('',(1.248,-1.248,0.2));
#6057=CARTESIAN_POINT('',(1.248,-1.248,0.));
#6058=CARTESIAN_POINT('',(-0.625,-1.248,0.2));
#6059=CARTESIAN_POINT('Origin',(1.248,-1.25,0.));
#6060=CARTESIAN_POINT('',(1.248,-1.05009230856814,0.));
#6061=CARTESIAN_POINT('',(1.248,-1.05009230856814,0.2));
#6062=CARTESIAN_POINT('',(1.248,-1.05009230856814,0.2));
#6063=CARTESIAN_POINT('',(1.248,-0.625,0.2));
#6064=CARTESIAN_POINT('',(1.248,-0.625,0.));
#6065=CARTESIAN_POINT('Origin',(0.,0.,0.));
#6066=CARTESIAN_POINT('Origin',(1.26008542185786,-1.29022801565607,0.));
#6067=CARTESIAN_POINT('Origin',(0.,0.,0.2));
#6068=CARTESIAN_POINT('Origin',(1.26008542185786,-1.29022801565607,0.2));
#6069=CARTESIAN_POINT('Origin',(1.26008542185786,-1.29022801565607,0.2));
#6070=CARTESIAN_POINT('Origin',(0.574646847935838,0.390609622126321,0.));
#6071=CARTESIAN_POINT('',(0.323004110604458,-0.0525820645170049,0.));
#6072=CARTESIAN_POINT('',(0.574646847935838,0.390609622126321,0.));
#6073=CARTESIAN_POINT('',(0.323004110604458,-0.0525820645170049,0.));
#6074=CARTESIAN_POINT('',(0.323004110604458,-0.0525820645170049,-0.001));
#6075=CARTESIAN_POINT('',(0.323004110604458,-0.0525820645170049,0.));
#6076=CARTESIAN_POINT('',(0.574646847935838,0.390609622126321,-0.001));
#6077=CARTESIAN_POINT('',(0.323004110604458,-0.0525820645170049,-0.001));
#6078=CARTESIAN_POINT('',(0.574646847935838,0.390609622126321,0.));
#6079=CARTESIAN_POINT('Origin',(0.0713613732730781,0.390609622126321,0.));
#6080=CARTESIAN_POINT('',(0.0713613732730781,0.390609622126321,0.));
#6081=CARTESIAN_POINT('',(0.574646847935838,0.390609622126321,0.));
#6082=CARTESIAN_POINT('',(0.0713613732730781,0.390609622126321,-0.001));
#6083=CARTESIAN_POINT('',(0.574646847935838,0.390609622126321,-0.001));
#6084=CARTESIAN_POINT('',(0.0713613732730781,0.390609622126321,0.));
#6085=CARTESIAN_POINT('Origin',(0.323004110604458,-0.0525820645170049,0.));
#6086=CARTESIAN_POINT('',(0.323004110604458,-0.0525820645170049,0.));
#6087=CARTESIAN_POINT('',(0.323004110604458,-0.0525820645170049,-0.001));
#6088=CARTESIAN_POINT('Origin',(0.323004110604458,0.169013778804658,-0.001));
#6089=CARTESIAN_POINT('Origin',(0.323004110604458,0.169013778804658,0.));
#6090=CARTESIAN_POINT('Origin',(-0.972771397443443,1.19720092974777,0.2));
#6091=CARTESIAN_POINT('',(-0.972771397443443,1.19720092974777,0.2));
#6092=CARTESIAN_POINT('',(-0.830258047674428,1.19720092974777,0.2));
#6093=CARTESIAN_POINT('',(-0.972771397443443,1.19720092974777,0.2));
#6094=CARTESIAN_POINT('',(-0.972771397443443,1.19720092974777,0.22));
#6095=CARTESIAN_POINT('',(-0.972771397443443,1.19720092974777,0.2));
#6096=CARTESIAN_POINT('',(-0.830258047674428,1.19720092974777,0.22));
#6097=CARTESIAN_POINT('',(-0.972771397443443,1.19720092974777,0.22));
#6098=CARTESIAN_POINT('',(-0.830258047674428,1.19720092974777,0.2));
#6099=CARTESIAN_POINT('Origin',(-0.972771397443444,1.22720092974777,0.2));
#6100=CARTESIAN_POINT('',(-1.00277139744344,1.22720092974777,0.2));
#6101=CARTESIAN_POINT('Origin',(-0.972771397443444,1.22720092974777,0.2));
#6102=CARTESIAN_POINT('',(-1.00277139744344,1.22720092974777,0.22));
#6103=CARTESIAN_POINT('',(-1.00277139744344,1.22720092974777,0.2));
#6104=CARTESIAN_POINT('Origin',(-0.972771397443444,1.22720092974777,0.22));
#6105=CARTESIAN_POINT('Origin',(-1.00277139744344,1.25,0.2));
#6106=CARTESIAN_POINT('',(-1.00277139744344,1.25,0.2));
#6107=CARTESIAN_POINT('',(-1.00277139744344,1.25,0.2));
#6108=CARTESIAN_POINT('',(-1.00277139744344,1.25,0.22));
#6109=CARTESIAN_POINT('',(-1.00277139744344,1.25,0.2));
#6110=CARTESIAN_POINT('',(-1.00277139744344,1.25,0.22));
#6111=CARTESIAN_POINT('Origin',(-1.17874029843013,0.953683212352217,0.2));
#6112=CARTESIAN_POINT('',(-1.17874029843013,0.953683212352217,0.2));
#6113=CARTESIAN_POINT('',(-1.25,1.02998373681422,0.2));
#6114=CARTESIAN_POINT('',(-1.17874029843013,0.953683212352217,0.2));
#6115=CARTESIAN_POINT('',(-1.17874029843013,0.953683212352217,0.22));
#6116=CARTESIAN_POINT('',(-1.17874029843013,0.953683212352217,0.2));
#6117=CARTESIAN_POINT('',(-1.25,1.02998373681422,0.22));
#6118=CARTESIAN_POINT('',(-1.17874029843013,0.953683212352217,0.22));
#6119=CARTESIAN_POINT('',(-1.25,1.02998373681422,0.2));
#6120=CARTESIAN_POINT('Origin',(-1.03598853306032,0.953683212352217,0.2));
#6121=CARTESIAN_POINT('',(-1.03598853306032,0.953683212352217,0.2));
#6122=CARTESIAN_POINT('',(-1.03598853306032,0.953683212352217,0.2));
#6123=CARTESIAN_POINT('',(-1.03598853306032,0.953683212352217,0.22));
#6124=CARTESIAN_POINT('',(-1.03598853306032,0.953683212352217,0.2));
#6125=CARTESIAN_POINT('',(-1.03598853306032,0.953683212352217,0.22));
#6126=CARTESIAN_POINT('Origin',(-1.03598853306032,0.85,0.2));
#6127=CARTESIAN_POINT('',(-1.03598853306032,0.85,0.2));
#6128=CARTESIAN_POINT('',(-1.03598853306032,0.801134757202131,0.2));
#6129=CARTESIAN_POINT('',(-1.03598853306032,0.85,0.22));
#6130=CARTESIAN_POINT('',(-1.03598853306032,0.85,0.2));
#6131=CARTESIAN_POINT('',(-1.03598853306032,0.801134757202131,0.22));
#6132=CARTESIAN_POINT('Origin',(-0.830258047674428,0.85,0.2));
#6133=CARTESIAN_POINT('',(-0.830258047674428,0.85,0.2));
#6134=CARTESIAN_POINT('',(1.25,0.85,0.2));
#6135=CARTESIAN_POINT('',(-0.830258047674428,0.85,0.22));
#6136=CARTESIAN_POINT('',(-0.830258047674428,0.85,0.2));
#6137=CARTESIAN_POINT('',(1.25,0.85,0.22));
#6138=CARTESIAN_POINT('Origin',(-0.830258047674428,1.19720092974777,0.2));
#6139=CARTESIAN_POINT('',(-0.830258047674428,1.19720092974777,0.2));
#6140=CARTESIAN_POINT('',(-0.830258047674428,1.19720092974777,0.22));
#6141=CARTESIAN_POINT('Origin',(-1.04012902383721,1.05,0.22));
#6142=CARTESIAN_POINT('',(-1.02303495888324,1.25,0.22));
#6143=CARTESIAN_POINT('',(-1.02303495888324,1.25,0.22));
#6144=CARTESIAN_POINT('',(-1.25,1.05,0.22));
#6145=CARTESIAN_POINT('Origin',(-1.26008542185786,1.29022801565607,0.22));
#6146=CARTESIAN_POINT('',(-1.25,1.02998373681422,0.22));
#6147=CARTESIAN_POINT('Origin',(-1.04012902383721,1.05,0.2));
#6148=CARTESIAN_POINT('Origin',(-1.26008542185786,1.29022801565607,0.2));
#6149=CARTESIAN_POINT('Origin',(-0.96319123259348,0.925,-0.02));
#6150=CARTESIAN_POINT('',(-1.02303495888324,1.25,-0.02));
#6151=CARTESIAN_POINT('',(-1.25,1.05,-0.02));
#6152=CARTESIAN_POINT('Origin',(-1.26008542185786,1.29022801565607,-0.02));
#6153=CARTESIAN_POINT('',(-0.915676415251793,1.25,-0.02));
#6154=CARTESIAN_POINT('',(1.25,1.25,-0.02));
#6155=CARTESIAN_POINT('',(-0.865676415251793,1.2,-0.02));
#6156=CARTESIAN_POINT('Origin',(-0.865676415251793,1.25,-0.02));
#6157=CARTESIAN_POINT('',(-0.67638246518696,1.2,-0.02));
#6158=CARTESIAN_POINT('',(1.81647598314828,1.2,-0.02));
#6159=CARTESIAN_POINT('',(-0.67638246518696,0.6,-0.02));
#6160=CARTESIAN_POINT('',(-0.67638246518696,-1.2,-0.02));
#6161=CARTESIAN_POINT('',(-1.17638246518696,0.6,-0.02));
#6162=CARTESIAN_POINT('',(1.81647598314828,0.6,-0.02));
#6163=CARTESIAN_POINT('',(-1.17638246518696,0.889293950064832,-0.02));
#6164=CARTESIAN_POINT('',(-1.17638246518696,-1.2,-0.02));
#6165=CARTESIAN_POINT('',(-1.22638246518696,0.939293950064832,-0.02));
#6166=CARTESIAN_POINT('Origin',(-1.22638246518696,0.889293950064832,-0.02));
#6167=CARTESIAN_POINT('',(-1.25,0.939293950064832,-0.02));
#6168=CARTESIAN_POINT('',(-1.22638246518696,0.939293950064832,-0.02));
#6169=CARTESIAN_POINT('',(-1.25,1.25,-0.02));
#6170=CARTESIAN_POINT('Origin',(-1.26008542185786,1.29022801565607,0.2));
#6171=CARTESIAN_POINT('',(-1.25,1.05,0.2));
#6172=CARTESIAN_POINT('',(-1.02303495888324,1.25,0.));
#6173=CARTESIAN_POINT('Origin',(-1.26008542185786,1.29022801565607,0.2));
#6174=CARTESIAN_POINT('',(-1.25,1.02998373681422,0.));
#6175=CARTESIAN_POINT('',(-1.25,1.02998373681422,0.2));
#6176=CARTESIAN_POINT('',(-1.00277139744344,1.25,0.));
#6177=CARTESIAN_POINT('Origin',(-1.26008542185786,1.29022801565607,0.));
#6178=CARTESIAN_POINT('',(-1.00277139744344,1.25,0.2));
#6179=CARTESIAN_POINT('Origin',(-0.96319123259348,0.925,0.));
#6180=CARTESIAN_POINT('',(-1.25,0.939293950064832,0.));
#6181=CARTESIAN_POINT('',(-1.25,1.25,0.));
#6182=CARTESIAN_POINT('',(-1.22638246518696,0.939293950064832,0.));
#6183=CARTESIAN_POINT('',(-1.22638246518696,0.939293950064832,0.));
#6184=CARTESIAN_POINT('',(-1.17638246518696,0.889293950064832,0.));
#6185=CARTESIAN_POINT('Origin',(-1.22638246518696,0.889293950064832,0.));
#6186=CARTESIAN_POINT('',(-1.17638246518696,0.6,0.));
#6187=CARTESIAN_POINT('',(-1.17638246518696,-1.2,0.));
#6188=CARTESIAN_POINT('',(-0.67638246518696,0.6,0.));
#6189=CARTESIAN_POINT('',(1.81647598314828,0.6,0.));
#6190=CARTESIAN_POINT('',(-0.67638246518696,1.2,0.));
#6191=CARTESIAN_POINT('',(-0.67638246518696,-1.2,0.));
#6192=CARTESIAN_POINT('',(-0.865676415251793,1.2,0.));
#6193=CARTESIAN_POINT('',(1.81647598314828,1.2,0.));
#6194=CARTESIAN_POINT('',(-0.915676415251793,1.25,0.));
#6195=CARTESIAN_POINT('Origin',(-0.865676415251793,1.25,0.));
#6196=CARTESIAN_POINT('',(1.25,1.25,0.));
#6197=CARTESIAN_POINT('Origin',(-0.915676415251793,1.25,0.));
#6198=CARTESIAN_POINT('',(-0.915676415251793,1.25,0.));
#6199=CARTESIAN_POINT('Origin',(-0.865676415251793,1.25,0.));
#6200=CARTESIAN_POINT('',(-0.865676415251793,1.2,0.));
#6201=CARTESIAN_POINT('Origin',(-0.67638246518696,1.2,0.));
#6202=CARTESIAN_POINT('',(-0.67638246518696,1.2,0.));
#6203=CARTESIAN_POINT('Origin',(-0.67638246518696,0.6,0.));
#6204=CARTESIAN_POINT('',(-0.67638246518696,0.6,0.));
#6205=CARTESIAN_POINT('Origin',(-1.17638246518696,0.6,0.));
#6206=CARTESIAN_POINT('',(-1.17638246518696,0.6,0.));
#6207=CARTESIAN_POINT('Origin',(-1.17638246518696,0.889293950064832,0.));
#6208=CARTESIAN_POINT('',(-1.17638246518696,0.889293950064832,0.));
#6209=CARTESIAN_POINT('Origin',(-1.22638246518696,0.889293950064832,0.));
#6210=CARTESIAN_POINT('',(-1.22638246518696,0.939293950064832,0.));
#6211=CARTESIAN_POINT('Origin',(-1.25,0.939293950064832,0.));
#6212=CARTESIAN_POINT('',(-1.25,0.939293950064832,0.));
#6213=CARTESIAN_POINT('Origin',(-1.25,1.25,0.));
#6214=CARTESIAN_POINT('Origin',(0.972771397443443,-1.19720092974777,0.2));
#6215=CARTESIAN_POINT('',(0.972771397443443,-1.19720092974777,0.2));
#6216=CARTESIAN_POINT('',(0.830258047674428,-1.19720092974777,0.2));
#6217=CARTESIAN_POINT('',(0.972771397443443,-1.19720092974777,0.2));
#6218=CARTESIAN_POINT('',(0.972771397443443,-1.19720092974777,0.22));
#6219=CARTESIAN_POINT('',(0.972771397443443,-1.19720092974777,0.2));
#6220=CARTESIAN_POINT('',(0.830258047674428,-1.19720092974777,0.22));
#6221=CARTESIAN_POINT('',(0.972771397443443,-1.19720092974777,0.22));
#6222=CARTESIAN_POINT('',(0.830258047674428,-1.19720092974777,0.2));
#6223=CARTESIAN_POINT('Origin',(0.972771397443443,-1.22720092974777,0.2));
#6224=CARTESIAN_POINT('',(1.00277139744344,-1.22720092974777,0.2));
#6225=CARTESIAN_POINT('Origin',(0.972771397443443,-1.22720092974777,0.2));
#6226=CARTESIAN_POINT('',(1.00277139744344,-1.22720092974777,0.22));
#6227=CARTESIAN_POINT('',(1.00277139744344,-1.22720092974777,0.2));
#6228=CARTESIAN_POINT('Origin',(0.972771397443443,-1.22720092974777,0.22));
#6229=CARTESIAN_POINT('Origin',(1.00277139744344,-1.25,0.2));
#6230=CARTESIAN_POINT('',(1.00277139744344,-1.25,0.2));
#6231=CARTESIAN_POINT('',(1.00277139744344,-1.25,0.2));
#6232=CARTESIAN_POINT('',(1.00277139744344,-1.25,0.22));
#6233=CARTESIAN_POINT('',(1.00277139744344,-1.25,0.2));
#6234=CARTESIAN_POINT('',(1.00277139744344,-1.25,0.22));
#6235=CARTESIAN_POINT('Origin',(1.17874029843013,-0.953683212352217,0.2));
#6236=CARTESIAN_POINT('',(1.17874029843013,-0.953683212352217,0.2));
#6237=CARTESIAN_POINT('',(1.25,-1.02998373681422,0.2));
#6238=CARTESIAN_POINT('',(1.17874029843013,-0.953683212352217,0.2));
#6239=CARTESIAN_POINT('',(1.17874029843013,-0.953683212352217,0.22));
#6240=CARTESIAN_POINT('',(1.17874029843013,-0.953683212352217,0.2));
#6241=CARTESIAN_POINT('',(1.25,-1.02998373681422,0.22));
#6242=CARTESIAN_POINT('',(1.17874029843013,-0.953683212352217,0.22));
#6243=CARTESIAN_POINT('',(1.25,-1.02998373681422,0.2));
#6244=CARTESIAN_POINT('Origin',(1.03598853306032,-0.953683212352217,0.2));
#6245=CARTESIAN_POINT('',(1.03598853306032,-0.953683212352217,0.2));
#6246=CARTESIAN_POINT('',(1.03598853306032,-0.953683212352217,0.2));
#6247=CARTESIAN_POINT('',(1.03598853306032,-0.953683212352217,0.22));
#6248=CARTESIAN_POINT('',(1.03598853306032,-0.953683212352217,0.2));
#6249=CARTESIAN_POINT('',(1.03598853306032,-0.953683212352217,0.22));
#6250=CARTESIAN_POINT('Origin',(1.03598853306032,-0.85,0.2));
#6251=CARTESIAN_POINT('',(1.03598853306032,-0.85,0.2));
#6252=CARTESIAN_POINT('',(1.03598853306032,-0.801134757202131,0.2));
#6253=CARTESIAN_POINT('',(1.03598853306032,-0.85,0.22));
#6254=CARTESIAN_POINT('',(1.03598853306032,-0.85,0.2));
#6255=CARTESIAN_POINT('',(1.03598853306032,-0.801134757202131,0.22));
#6256=CARTESIAN_POINT('Origin',(0.830258047674428,-0.85,0.2));
#6257=CARTESIAN_POINT('',(0.830258047674428,-0.85,0.2));
#6258=CARTESIAN_POINT('',(-1.25,-0.85,0.2));
#6259=CARTESIAN_POINT('',(0.830258047674428,-0.85,0.22));
#6260=CARTESIAN_POINT('',(0.830258047674428,-0.85,0.2));
#6261=CARTESIAN_POINT('',(-1.25,-0.85,0.22));
#6262=CARTESIAN_POINT('Origin',(0.830258047674428,-1.19720092974777,0.2));
#6263=CARTESIAN_POINT('',(0.830258047674428,-1.19720092974777,0.2));
#6264=CARTESIAN_POINT('',(0.830258047674428,-1.19720092974777,0.22));
#6265=CARTESIAN_POINT('Origin',(1.04012902383721,-1.05,0.22));
#6266=CARTESIAN_POINT('',(1.02303495888324,-1.25,0.22));
#6267=CARTESIAN_POINT('',(1.02303495888324,-1.25,0.22));
#6268=CARTESIAN_POINT('',(1.25,-1.05,0.22));
#6269=CARTESIAN_POINT('Origin',(1.26008542185786,-1.29022801565607,0.22));
#6270=CARTESIAN_POINT('',(1.25,-1.02998373681422,0.22));
#6271=CARTESIAN_POINT('Origin',(1.04012902383721,-1.05,0.2));
#6272=CARTESIAN_POINT('Origin',(1.26008542185786,-1.29022801565607,0.2));
#6273=CARTESIAN_POINT('Origin',(0.96319123259348,-0.925,-0.02));
#6274=CARTESIAN_POINT('',(1.02303495888324,-1.25,-0.02));
#6275=CARTESIAN_POINT('',(1.25,-1.05,-0.02));
#6276=CARTESIAN_POINT('Origin',(1.26008542185786,-1.29022801565607,-0.02));
#6277=CARTESIAN_POINT('',(0.915676415251793,-1.25,-0.02));
#6278=CARTESIAN_POINT('',(-1.25,-1.25,-0.02));
#6279=CARTESIAN_POINT('',(0.865676415251793,-1.2,-0.02));
#6280=CARTESIAN_POINT('Origin',(0.865676415251793,-1.25,-0.02));
#6281=CARTESIAN_POINT('',(0.67638246518696,-1.2,-0.02));
#6282=CARTESIAN_POINT('',(-1.81647598314828,-1.2,-0.02));
#6283=CARTESIAN_POINT('',(0.67638246518696,-0.6,-0.02));
#6284=CARTESIAN_POINT('',(0.67638246518696,1.2,-0.02));
#6285=CARTESIAN_POINT('',(1.17638246518696,-0.6,-0.02));
#6286=CARTESIAN_POINT('',(-1.81647598314828,-0.6,-0.02));
#6287=CARTESIAN_POINT('',(1.17638246518696,-0.889293950064832,-0.02));
#6288=CARTESIAN_POINT('',(1.17638246518696,1.2,-0.02));
#6289=CARTESIAN_POINT('',(1.22638246518696,-0.939293950064832,-0.02));
#6290=CARTESIAN_POINT('Origin',(1.22638246518696,-0.889293950064832,-0.02));
#6291=CARTESIAN_POINT('',(1.25,-0.939293950064832,-0.02));
#6292=CARTESIAN_POINT('',(1.22638246518696,-0.939293950064832,-0.02));
#6293=CARTESIAN_POINT('',(1.25,-1.25,-0.02));
#6294=CARTESIAN_POINT('Origin',(1.25,-1.25,0.));
#6295=CARTESIAN_POINT('',(1.25,-1.05,0.2));
#6296=CARTESIAN_POINT('',(1.25,-0.939293950064832,0.));
#6297=CARTESIAN_POINT('',(1.25,-0.939293950064832,0.));
#6298=CARTESIAN_POINT('',(1.25,-1.02998373681422,0.));
#6299=CARTESIAN_POINT('',(1.25,-1.25,0.));
#6300=CARTESIAN_POINT('',(1.25,-1.02998373681422,0.2));
#6301=CARTESIAN_POINT('Origin',(1.26008542185786,-1.29022801565607,0.2));
#6302=CARTESIAN_POINT('',(1.00277139744344,-1.25,0.));
#6303=CARTESIAN_POINT('Origin',(1.26008542185786,-1.29022801565607,0.));
#6304=CARTESIAN_POINT('',(1.00277139744344,-1.25,0.2));
#6305=CARTESIAN_POINT('Origin',(1.26008542185786,-1.29022801565607,0.2));
#6306=CARTESIAN_POINT('',(1.02303495888324,-1.25,0.));
#6307=CARTESIAN_POINT('Origin',(0.96319123259348,-0.925,0.));
#6308=CARTESIAN_POINT('',(1.22638246518696,-0.939293950064832,0.));
#6309=CARTESIAN_POINT('',(1.22638246518696,-0.939293950064832,0.));
#6310=CARTESIAN_POINT('',(1.17638246518696,-0.889293950064832,0.));
#6311=CARTESIAN_POINT('Origin',(1.22638246518696,-0.889293950064832,0.));
#6312=CARTESIAN_POINT('',(1.17638246518696,-0.6,0.));
#6313=CARTESIAN_POINT('',(1.17638246518696,1.2,0.));
#6314=CARTESIAN_POINT('',(0.67638246518696,-0.6,0.));
#6315=CARTESIAN_POINT('',(-1.81647598314828,-0.6,0.));
#6316=CARTESIAN_POINT('',(0.67638246518696,-1.2,0.));
#6317=CARTESIAN_POINT('',(0.67638246518696,1.2,0.));
#6318=CARTESIAN_POINT('',(0.865676415251793,-1.2,0.));
#6319=CARTESIAN_POINT('',(-1.81647598314828,-1.2,0.));
#6320=CARTESIAN_POINT('',(0.915676415251793,-1.25,0.));
#6321=CARTESIAN_POINT('Origin',(0.865676415251793,-1.25,0.));
#6322=CARTESIAN_POINT('',(-1.25,-1.25,0.));
#6323=CARTESIAN_POINT('Origin',(0.915676415251793,-1.25,0.));
#6324=CARTESIAN_POINT('',(0.915676415251793,-1.25,0.));
#6325=CARTESIAN_POINT('Origin',(0.865676415251793,-1.25,0.));
#6326=CARTESIAN_POINT('',(0.865676415251793,-1.2,0.));
#6327=CARTESIAN_POINT('Origin',(0.67638246518696,-1.2,0.));
#6328=CARTESIAN_POINT('',(0.67638246518696,-1.2,0.));
#6329=CARTESIAN_POINT('Origin',(0.67638246518696,-0.6,0.));
#6330=CARTESIAN_POINT('',(0.67638246518696,-0.6,0.));
#6331=CARTESIAN_POINT('Origin',(1.17638246518696,-0.6,0.));
#6332=CARTESIAN_POINT('',(1.17638246518696,-0.6,0.));
#6333=CARTESIAN_POINT('Origin',(1.17638246518696,-0.889293950064832,0.));
#6334=CARTESIAN_POINT('',(1.17638246518696,-0.889293950064832,0.));
#6335=CARTESIAN_POINT('Origin',(1.22638246518696,-0.889293950064832,0.));
#6336=CARTESIAN_POINT('',(1.22638246518696,-0.939293950064832,0.));
#6337=CARTESIAN_POINT('Origin',(1.25,-0.939293950064832,0.));
#6338=CARTESIAN_POINT('Origin',(0.,0.,0.));
#6339=CARTESIAN_POINT('',(-1.248,1.03006894319754,0.));
#6340=CARTESIAN_POINT('',(-1.248,-1.03006894319754,0.));
#6341=CARTESIAN_POINT('',(-1.248,0.625,0.));
#6342=CARTESIAN_POINT('',(-1.00309204626674,1.248,0.));
#6343=CARTESIAN_POINT('Origin',(-1.26008542185786,1.29022801565607,0.));
#6344=CARTESIAN_POINT('',(-0.280854190619498,1.248,0.));
#6345=CARTESIAN_POINT('',(0.625,1.248,0.));
#6346=CARTESIAN_POINT('',(0.280854190619499,1.248,0.));
#6347=CARTESIAN_POINT('Origin',(1.41636548268531E-16,1.29820110695581,0.));
#6348=CARTESIAN_POINT('',(1.00309204626674,1.248,0.));
#6349=CARTESIAN_POINT('',(0.625,1.248,0.));
#6350=CARTESIAN_POINT('',(1.248,1.03006894319754,0.));
#6351=CARTESIAN_POINT('Origin',(1.26008542185786,1.29022801565607,0.));
#6352=CARTESIAN_POINT('',(1.248,-1.03006894319754,0.));
#6353=CARTESIAN_POINT('',(1.248,-0.625,0.));
#6354=CARTESIAN_POINT('',(1.00309204626674,-1.248,0.));
#6355=CARTESIAN_POINT('Origin',(1.26008542185786,-1.29022801565607,0.));
#6356=CARTESIAN_POINT('',(0.280854190619498,-1.248,0.));
#6357=CARTESIAN_POINT('',(-0.625,-1.248,0.));
#6358=CARTESIAN_POINT('',(-0.280854190619499,-1.248,0.));
#6359=CARTESIAN_POINT('Origin',(-1.76331017788067E-16,-1.29820110695581,
0.));
#6360=CARTESIAN_POINT('',(-1.00309204626674,-1.248,0.));
#6361=CARTESIAN_POINT('',(-0.625,-1.248,0.));
#6362=CARTESIAN_POINT('Origin',(-1.26008542185786,-1.29022801565607,0.));
#6363=CARTESIAN_POINT('Origin',(-7.07071487717494E-16,1.02556737860107,
0.22));
#6364=CARTESIAN_POINT('',(0.194693427221743,0.848250226729482,0.22));
#6365=CARTESIAN_POINT('',(-0.194693427221743,0.848250226729482,0.22));
#6366=CARTESIAN_POINT('',(-0.625,0.848250226729482,0.22));
#6367=CARTESIAN_POINT('',(0.194693427221743,0.801134757202131,0.22));
#6368=CARTESIAN_POINT('',(0.194693427221743,0.929683132745671,0.22));
#6369=CARTESIAN_POINT('',(-0.194693427221743,0.801134757202131,0.22));
#6370=CARTESIAN_POINT('',(-0.378010767369936,0.801134757202131,0.22));
#6371=CARTESIAN_POINT('',(-0.194693427221743,0.929683132745671,0.22));
#6372=CARTESIAN_POINT('Origin',(-0.194693427221743,0.929683132745671,0.2));
#6373=CARTESIAN_POINT('',(-0.194693427221743,0.85,0.2));
#6374=CARTESIAN_POINT('',(-0.194693427221743,0.850302641458358,0.196540792301981));
#6375=CARTESIAN_POINT('',(-0.194693427221743,0.801134757202131,0.2));
#6376=CARTESIAN_POINT('',(-0.194693427221743,0.801134757202131,0.2));
#6377=CARTESIAN_POINT('',(-0.194693427221743,0.929683132745671,0.2));
#6378=CARTESIAN_POINT('Origin',(0.194693427221743,0.801134757202131,0.2));
#6379=CARTESIAN_POINT('',(0.194693427221743,0.85,0.2));
#6380=CARTESIAN_POINT('',(0.194693427221743,0.849814406790574,0.202121340090776));
#6381=CARTESIAN_POINT('',(0.194693427221743,0.801134757202131,0.2));
#6382=CARTESIAN_POINT('',(0.194693427221743,0.929683132745671,0.2));
#6383=CARTESIAN_POINT('',(0.194693427221743,0.801134757202131,0.2));
#6384=CARTESIAN_POINT('Origin',(-0.194693427221743,0.801134757202131,0.2));
#6385=CARTESIAN_POINT('',(-0.378010767369936,0.801134757202131,0.2));
#6386=CARTESIAN_POINT('Origin',(-1.25,0.85,0.2));
#6387=CARTESIAN_POINT('',(-1.24003805301908,0.85,0.2));
#6388=CARTESIAN_POINT('',(-0.625,0.85,0.2));
#6389=CARTESIAN_POINT('',(-1.21021565602575,0.82017760300667,0.540871557427477));
#6390=CARTESIAN_POINT('',(-1.23370512592506,0.843667072905979,0.272385687914233));
#6391=CARTESIAN_POINT('',(1.21021565602575,0.82017760300667,0.540871557427477));
#6392=CARTESIAN_POINT('',(-0.625,0.82017760300667,0.540871557427477));
#6393=CARTESIAN_POINT('',(1.24003805301908,0.85,0.2));
#6394=CARTESIAN_POINT('',(1.23068958296424,0.840651529945152,0.306853501677707));
#6395=CARTESIAN_POINT('',(-0.625,0.85,0.2));
#6396=CARTESIAN_POINT('Origin',(0.,0.,0.2));
#6397=CARTESIAN_POINT('',(1.248,0.846035406609431,0.2));
#6398=CARTESIAN_POINT('Origin',(1.23996180162457,0.839961801624566,0.2));
#6399=CARTESIAN_POINT('',(1.248,1.03006894319754,0.2));
#6400=CARTESIAN_POINT('',(1.248,-0.625,0.2));
#6401=CARTESIAN_POINT('',(1.00309204626674,1.248,0.2));
#6402=CARTESIAN_POINT('Origin',(1.26008542185786,1.29022801565607,0.2));
#6403=CARTESIAN_POINT('',(0.280854190619499,1.248,0.2));
#6404=CARTESIAN_POINT('',(0.625,1.248,0.2));
#6405=CARTESIAN_POINT('',(-0.280854190619498,1.248,0.2));
#6406=CARTESIAN_POINT('Origin',(1.41636548268531E-16,1.29820110695581,0.2));
#6407=CARTESIAN_POINT('',(-1.00309204626674,1.248,0.2));
#6408=CARTESIAN_POINT('',(0.625,1.248,0.2));
#6409=CARTESIAN_POINT('',(-1.248,1.03006894319754,0.2));
#6410=CARTESIAN_POINT('Origin',(-1.26008542185786,1.29022801565607,0.2));
#6411=CARTESIAN_POINT('',(-1.248,0.846035406609431,0.2));
#6412=CARTESIAN_POINT('',(-1.248,0.625,0.2));
#6413=CARTESIAN_POINT('Origin',(-1.23996180162457,0.839961801624567,0.2));
#6414=CARTESIAN_POINT('Origin',(0.,0.,0.2));
#6415=CARTESIAN_POINT('',(-0.378010767369937,-0.85,0.2));
#6416=CARTESIAN_POINT('',(-1.24003805301908,-0.85,0.2));
#6417=CARTESIAN_POINT('',(0.625,-0.85,0.2));
#6418=CARTESIAN_POINT('',(-1.248,-0.846035406609431,0.2));
#6419=CARTESIAN_POINT('Origin',(-1.23996180162457,-0.839961801624566,0.2));
#6420=CARTESIAN_POINT('',(-1.248,-1.03006894319754,0.2));
#6421=CARTESIAN_POINT('',(-1.248,0.625,0.2));
#6422=CARTESIAN_POINT('',(-1.00309204626674,-1.248,0.2));
#6423=CARTESIAN_POINT('Origin',(-1.26008542185786,-1.29022801565607,0.2));
#6424=CARTESIAN_POINT('',(-0.280854190619499,-1.248,0.2));
#6425=CARTESIAN_POINT('',(-0.625,-1.248,0.2));
#6426=CARTESIAN_POINT('',(0.280854190619498,-1.248,0.2));
#6427=CARTESIAN_POINT('Origin',(-1.76331017788067E-16,-1.29820110695581,
0.2));
#6428=CARTESIAN_POINT('',(1.00309204626674,-1.248,0.2));
#6429=CARTESIAN_POINT('',(-0.625,-1.248,0.2));
#6430=CARTESIAN_POINT('',(1.248,-1.03006894319754,0.2));
#6431=CARTESIAN_POINT('Origin',(1.26008542185786,-1.29022801565607,0.2));
#6432=CARTESIAN_POINT('',(1.248,-0.846035406609431,0.2));
#6433=CARTESIAN_POINT('',(1.248,-0.625,0.2));
#6434=CARTESIAN_POINT('',(1.24003805301908,-0.85,0.2));
#6435=CARTESIAN_POINT('Origin',(1.23996180162457,-0.839961801624567,0.2));
#6436=CARTESIAN_POINT('',(0.378010767369937,-0.85,0.2));
#6437=CARTESIAN_POINT('',(0.625,-0.85,0.2));
#6438=CARTESIAN_POINT('',(0.378010767369937,-0.801134757202131,0.2));
#6439=CARTESIAN_POINT('',(0.378010767369937,-0.801134757202131,0.2));
#6440=CARTESIAN_POINT('',(-0.378010767369937,-0.801134757202131,0.2));
#6441=CARTESIAN_POINT('',(-0.378010767369937,-0.801134757202131,0.2));
#6442=CARTESIAN_POINT('',(-0.378010767369937,-0.801134757202131,0.2));
#6443=CARTESIAN_POINT('Origin',(-1.25595780751374E-16,-1.02556737860107,
0.22));
#6444=CARTESIAN_POINT('',(-0.378010767369937,-0.848250226729482,0.22));
#6445=CARTESIAN_POINT('',(0.378010767369937,-0.848250226729482,0.22));
#6446=CARTESIAN_POINT('',(0.625,-0.848250226729482,0.22));
#6447=CARTESIAN_POINT('',(-0.378010767369937,-0.801134757202131,0.22));
#6448=CARTESIAN_POINT('',(-0.378010767369937,-0.801134757202131,0.22));
#6449=CARTESIAN_POINT('',(0.378010767369937,-0.801134757202131,0.22));
#6450=CARTESIAN_POINT('',(-0.378010767369937,-0.801134757202131,0.22));
#6451=CARTESIAN_POINT('',(0.378010767369937,-0.801134757202131,0.22));
#6452=CARTESIAN_POINT('Origin',(0.378010767369937,-1.195,0.2));
#6453=CARTESIAN_POINT('',(0.378010767369937,-0.851310331302697,0.185022844676227));
#6454=CARTESIAN_POINT('',(0.378010767369937,-0.801134757202131,0.2));
#6455=CARTESIAN_POINT('Origin',(-0.378010767369937,-0.801134757202131,0.2));
#6456=CARTESIAN_POINT('',(-0.378010767369937,-0.849814406790574,0.202121340090776));
#6457=CARTESIAN_POINT('',(-0.378010767369937,-0.801134757202131,0.2));
#6458=CARTESIAN_POINT('Origin',(0.378010767369937,-0.801134757202131,0.2));
#6459=CARTESIAN_POINT('Origin',(1.25,-0.85,0.2));
#6460=CARTESIAN_POINT('',(1.21021565602575,-0.82017760300667,0.540871557427477));
#6461=CARTESIAN_POINT('',(1.23370512592506,-0.843667072905979,0.272385687914233));
#6462=CARTESIAN_POINT('',(-1.21021565602575,-0.82017760300667,0.540871557427477));
#6463=CARTESIAN_POINT('',(0.625,-0.82017760300667,0.540871557427477));
#6464=CARTESIAN_POINT('',(-1.23068958296424,-0.840651529945152,0.306853501677707));
#6465=CARTESIAN_POINT('Origin',(1.26008542185786,1.29022801565607,0.2));
#6466=CARTESIAN_POINT('',(1.00309204626674,1.248,0.2));
#6467=CARTESIAN_POINT('',(1.248,1.03006894319754,0.2));
#6468=CARTESIAN_POINT('Origin',(1.41636548268531E-16,1.29820110695581,0.2));
#6469=CARTESIAN_POINT('',(0.280854190619499,1.248,0.2));
#6470=CARTESIAN_POINT('',(-0.280854190619498,1.248,0.2));
#6471=CARTESIAN_POINT('Origin',(1.25,1.248,0.));
#6472=CARTESIAN_POINT('',(-1.00309204626674,1.248,0.2));
#6473=CARTESIAN_POINT('Origin',(1.25,1.248,0.));
#6474=CARTESIAN_POINT('Origin',(-1.26008542185786,1.29022801565607,0.2));
#6475=CARTESIAN_POINT('',(-1.248,1.03006894319754,0.2));
#6476=CARTESIAN_POINT('Origin',(-1.26008542185786,-1.29022801565607,0.2));
#6477=CARTESIAN_POINT('',(-1.00309204626674,-1.248,0.2));
#6478=CARTESIAN_POINT('',(-1.248,-1.03006894319754,0.2));
#6479=CARTESIAN_POINT('Origin',(-1.76331017788067E-16,-1.29820110695581,
0.2));
#6480=CARTESIAN_POINT('',(-0.280854190619499,-1.248,0.2));
#6481=CARTESIAN_POINT('',(0.280854190619498,-1.248,0.2));
#6482=CARTESIAN_POINT('Origin',(-1.25,-1.248,0.));
#6483=CARTESIAN_POINT('Origin',(-1.25,-1.248,0.));
#6484=CARTESIAN_POINT('',(1.00309204626674,-1.248,0.2));
#6485=CARTESIAN_POINT('Origin',(1.26008542185786,-1.29022801565607,0.2));
#6486=CARTESIAN_POINT('',(1.248,-1.03006894319754,0.2));
#6487=CARTESIAN_POINT('Origin',(1.248,-1.25,0.));
#6488=CARTESIAN_POINT('',(1.248,0.838038053019082,0.222860104605523));
#6489=CARTESIAN_POINT('Origin',(1.248,0.848,0.108122972148827));
#6490=CARTESIAN_POINT('',(1.248,-0.838038053019083,0.222860104605523));
#6491=CARTESIAN_POINT('',(1.248,-0.2,0.222860104605523));
#6492=CARTESIAN_POINT('Origin',(1.248,-0.848,0.108122972148826));
#6493=CARTESIAN_POINT('Origin',(1.21021565602575,-0.810215656025753,0.54));
#6494=CARTESIAN_POINT('',(1.21021565602575,-0.810215656025753,0.55));
#6495=CARTESIAN_POINT('Origin',(1.21021565602575,-0.810215656025753,0.54));
#6496=CARTESIAN_POINT('',(1.22017760300667,-0.810215656025753,0.540871557427477));
#6497=CARTESIAN_POINT('Origin',(1.21021565602575,-0.810215656025753,0.54));
#6498=CARTESIAN_POINT('Origin',(1.21021565602575,-0.810215656025752,0.54));
#6499=CARTESIAN_POINT('Origin',(1.23370512592506,-0.833705125925062,0.271514130486756));
#6500=CARTESIAN_POINT('',(1.24366707290598,-0.833705125925062,0.272385687914233));
#6501=CARTESIAN_POINT('Origin',(-1.21021565602575,-0.810215656025752,0.54));
#6502=CARTESIAN_POINT('',(-1.22017760300667,-0.810215656025752,0.540871557427477));
#6503=CARTESIAN_POINT('',(-1.21021565602575,-0.810215656025752,0.55));
#6504=CARTESIAN_POINT('Origin',(-1.21021565602575,-0.810215656025752,0.54));
#6505=CARTESIAN_POINT('Origin',(-1.21021565602575,-0.810215656025752,0.54));
#6506=CARTESIAN_POINT('Origin',(-1.21021565602575,-0.810215656025752,0.54));
#6507=CARTESIAN_POINT('Origin',(-1.23068958296424,-0.830689582964235,0.305981944250231));
#6508=CARTESIAN_POINT('',(-1.248,-0.838038053019082,0.222860104605523));
#6509=CARTESIAN_POINT('Origin',(-1.248,-0.848,0.108122972148827));
#6510=CARTESIAN_POINT('',(-1.24065152994515,-0.830689582964235,0.306853501677707));
#6511=CARTESIAN_POINT('Origin',(0.625,-0.810215656025753,0.54));
#6512=CARTESIAN_POINT('',(0.625,-0.810215656025753,0.55));
#6513=CARTESIAN_POINT('Origin',(1.21021565602575,0.810215656025752,0.54));
#6514=CARTESIAN_POINT('',(1.22017760300667,0.810215656025752,0.540871557427477));
#6515=CARTESIAN_POINT('',(1.21021565602575,0.810215656025752,0.55));
#6516=CARTESIAN_POINT('Origin',(1.21021565602575,0.810215656025752,0.54));
#6517=CARTESIAN_POINT('Origin',(1.21021565602575,0.810215656025752,0.54));
#6518=CARTESIAN_POINT('Origin',(1.21021565602575,0.810215656025752,0.54));
#6519=CARTESIAN_POINT('Origin',(1.23068958296424,0.830689582964235,0.305981944250231));
#6520=CARTESIAN_POINT('',(1.24065152994515,0.830689582964235,0.306853501677707));
#6521=CARTESIAN_POINT('Origin',(-1.21021565602575,0.810215656025753,0.54));
#6522=CARTESIAN_POINT('',(-1.21021565602575,0.810215656025753,0.55));
#6523=CARTESIAN_POINT('Origin',(-1.21021565602575,0.810215656025753,0.54));
#6524=CARTESIAN_POINT('',(-1.22017760300667,0.810215656025753,0.540871557427477));
#6525=CARTESIAN_POINT('Origin',(-1.21021565602575,0.810215656025753,0.54));
#6526=CARTESIAN_POINT('Origin',(-1.21021565602575,0.810215656025752,0.54));
#6527=CARTESIAN_POINT('Origin',(-1.23370512592506,0.833705125925062,0.271514130486756));
#6528=CARTESIAN_POINT('',(-1.248,0.838038053019083,0.222860104605523));
#6529=CARTESIAN_POINT('Origin',(-1.248,0.848,0.108122972148826));
#6530=CARTESIAN_POINT('',(-1.24366707290598,0.833705125925062,0.272385687914233));
#6531=CARTESIAN_POINT('Origin',(-1.21021565602575,-0.425,0.54));
#6532=CARTESIAN_POINT('',(-1.22017760300667,-0.425,0.540871557427477));
#6533=CARTESIAN_POINT('',(-1.21021565602575,-0.425,0.55));
#6534=CARTESIAN_POINT('Origin',(-0.625,0.810215656025753,0.54));
#6535=CARTESIAN_POINT('',(-0.625,0.810215656025753,0.55));
#6536=CARTESIAN_POINT('Origin',(1.21021565602575,0.425,0.54));
#6537=CARTESIAN_POINT('',(1.22017760300667,0.425,0.540871557427477));
#6538=CARTESIAN_POINT('',(1.21021565602575,0.425,0.55));
#6539=CARTESIAN_POINT('Origin',(-1.25,-0.85,0.2));
#6540=CARTESIAN_POINT('',(-1.248,0.2,0.222860104605523));
#6541=CARTESIAN_POINT('Origin',(-1.248,1.25,0.));
#6542=CARTESIAN_POINT('Origin',(0.,0.,0.55));
#6543=CARTESIAN_POINT('Origin',(1.25,0.85,0.2));
#6544=UNCERTAINTY_MEASURE_WITH_UNIT(LENGTH_MEASURE(0.01),#6548,
'DISTANCE_ACCURACY_VALUE',
'Maximum model space distance between geometric entities at asserted c
onnectivities');
#6545=UNCERTAINTY_MEASURE_WITH_UNIT(LENGTH_MEASURE(0.01),#6548,
'DISTANCE_ACCURACY_VALUE',
'Maximum model space distance between geometric entities at asserted c
onnectivities');
#6546=(
GEOMETRIC_REPRESENTATION_CONTEXT(3)
GLOBAL_UNCERTAINTY_ASSIGNED_CONTEXT((#6544))
GLOBAL_UNIT_ASSIGNED_CONTEXT((#6548,#6550,#6551))
REPRESENTATION_CONTEXT('','3D')
);
#6547=(
GEOMETRIC_REPRESENTATION_CONTEXT(3)
GLOBAL_UNCERTAINTY_ASSIGNED_CONTEXT((#6545))
GLOBAL_UNIT_ASSIGNED_CONTEXT((#6548,#6550,#6551))
REPRESENTATION_CONTEXT('','3D')
);
#6548=(
LENGTH_UNIT()
NAMED_UNIT(*)
SI_UNIT(.MILLI.,.METRE.)
);
#6549=(
LENGTH_UNIT()
NAMED_UNIT(*)
SI_UNIT($,.METRE.)
);
#6550=(
NAMED_UNIT(*)
PLANE_ANGLE_UNIT()
SI_UNIT($,.RADIAN.)
);
#6551=(
NAMED_UNIT(*)
SI_UNIT($,.STERADIAN.)
SOLID_ANGLE_UNIT()
);
#6552=SHAPE_DEFINITION_REPRESENTATION(#6553,#6554);
#6553=PRODUCT_DEFINITION_SHAPE('',$,#6556);
#6554=SHAPE_REPRESENTATION('',(#3956),#6546);
#6555=PRODUCT_DEFINITION_CONTEXT('part definition',#6560,'design');
#6556=PRODUCT_DEFINITION('LTRB RASF.01-6B6C-C3E6-0-0-R18',
'LTRB RASF.01-6B6C-C3E6-0-0-R18 v1',#6557,#6555);
#6557=PRODUCT_DEFINITION_FORMATION('',$,#6562);
#6558=PRODUCT_RELATED_PRODUCT_CATEGORY(
'LTRB RASF.01-6B6C-C3E6-0-0-R18 v1','LTRB RASF.01-6B6C-C3E6-0-0-R18 v1',
(#6562));
#6559=APPLICATION_PROTOCOL_DEFINITION('international standard',
'automotive_design',2009,#6560);
#6560=APPLICATION_CONTEXT(
'Core Data for Automotive Mechanical Design Process');
#6561=PRODUCT_CONTEXT('part definition',#6560,'mechanical');
#6562=PRODUCT('LTRB RASF.01-6B6C-C3E6-0-0-R18',
'LTRB RASF.01-6B6C-C3E6-0-0-R18 v1',$,(#6561));
#6563=PRESENTATION_STYLE_ASSIGNMENT((#6566));
#6564=PRESENTATION_STYLE_ASSIGNMENT((#6567));
#6565=PRESENTATION_STYLE_ASSIGNMENT((#6568));
#6566=SURFACE_STYLE_USAGE(.BOTH.,#6569);
#6567=SURFACE_STYLE_USAGE(.BOTH.,#6570);
#6568=SURFACE_STYLE_USAGE(.BOTH.,#6571);
#6569=SURFACE_SIDE_STYLE('',(#6572));
#6570=SURFACE_SIDE_STYLE('',(#6573));
#6571=SURFACE_SIDE_STYLE('',(#6574));
#6572=SURFACE_STYLE_FILL_AREA(#6575);
#6573=SURFACE_STYLE_FILL_AREA(#6576);
#6574=SURFACE_STYLE_FILL_AREA(#6577);
#6575=FILL_AREA_STYLE('Opaque(255,255,255)',(#6578));
#6576=FILL_AREA_STYLE('Opaque(255,255,255) (1)',(#6579));
#6577=FILL_AREA_STYLE('Gold - Polished',(#6580));
#6578=FILL_AREA_STYLE_COLOUR('Opaque(255,255,255)',#6581);
#6579=FILL_AREA_STYLE_COLOUR('Opaque(255,255,255) (1)',#6582);
#6580=FILL_AREA_STYLE_COLOUR('Gold - Polished',#6583);
#6581=COLOUR_RGB('Opaque(255,255,255)',1.,1.,1.);
#6582=COLOUR_RGB('Opaque(255,255,255) (1)',0.0784313725490196,0.462745098039216,
0.0274509803921569);
#6583=COLOUR_RGB('Gold - Polished',0.956862745098039,0.898039215686275,
0.654901960784314);
ENDSEC;
END-ISO-10303-21;
